<?xml version="1.0" encoding="utf-8"?>
<window type="dialog" id="142">
	<controls>
		<control type="group">
			<animation effect="slide" start="0,-110" end="0,0" time="200">WindowOpen</animation>
			<animation effect="slide" start="0,-110" end="0,0" time="200">VisibleChange</animation>
			<visible>!Window.IsActive(videoosd)</visible>
			<top>0</top>
			<control type="image">
				<left>0</left>
				<top>0</top>
				<width>FullScreenWidth</width>
				<height>110</height>
				<texture>background.png</texture>
				<colordiffuse>$VAR[ColorBackgroundVar]</colordiffuse>
			</control>
			<control type="grouplist">
				<left>0</left>
				<top>10</top>
				<width>FullScreenWidth</width>
				<height>90</height>
				<align>center</align>
				<aligny>center</aligny>
				<itemgap>0</itemgap>
				<orientation>horizontal</orientation>
				<control type="image" id="800011">
					<colordiffuse>$VAR[ColorTextVar]</colordiffuse>
					<width>320</width>
					<include>MediaFlagVars</include>
					<bordersize>2</bordersize>
					<texture fallback="flags/studios/default-studio.png">$INFO[VideoPlayer.Studio,flags/studios/,.png]</texture>
					<visible>!IsEmpty(Control.GetLabel(800011)) | IsEmpty(VideoPlayer.Studio)</visible>
					<visible>!VideoPlayer.Content(livetv) + !VideoPlayer.Content(files)</visible>
				</control>
				<control type="label">
					<left>0</left>
					<width>320</width>
					<height>90</height>
					<align>center</align>
					<label>$INFO[VideoPlayer.Studio]</label>
					<font>font10</font>
					<textcolor>$VAR[ColorTextVar]</textcolor>
					<wrapmultiline>true</wrapmultiline>
					<visible>IsEmpty(Control.GetLabel(800011))</visible>
					<visible>!VideoPlayer.Content(livetv)</visible>
				</control>
				<control type="image">
					<width>320</width>
					<colordiffuse>$VAR[ColorTextVar]</colordiffuse>
					<include>MediaFlagVars</include>
					<texture fallback="flags/mpaa/NR.png">$VAR[VideoRatingFlagVar]</texture>
					<visible>!VideoPlayer.Content(livetv)</visible>
				</control>
				<control type="image">
					<width>320</width>
					<colordiffuse>$VAR[ColorTextVar]</colordiffuse>
					<include>MediaFlagVars</include>
					<texture>$INFO[VideoPlayer.VideoResolution,flags/resolution/,.png]</texture>
				</control>
				<control type="image">
					<width>320</width>
					<colordiffuse>$VAR[ColorTextVar]</colordiffuse>
					<include>MediaFlagVars</include>
					<texture>$INFO[VideoPlayer.AudioCodec,flags/audio/,.png]</texture>
				</control>
				<control type="image">
					<width>320</width>
					<colordiffuse>$VAR[ColorTextVar]</colordiffuse>
					<include>MediaFlagVars</include>
					<texture>$INFO[VideoPlayer.AudioChannels,flags/channels/,.png]</texture>
					<visible>VideoPlayer.Content(livetv)</visible>
				</control>
				<control type="image">
					<width>320</width>
					<colordiffuse>$VAR[ColorTextVar]</colordiffuse>
					<include>MediaFlagVars</include>
					<texture>$VAR[VideoSourceFlagVar,flags/video/,.png]</texture>
				</control>
				<control type="image">
					<width>320</width>
					<colordiffuse>$VAR[ColorTextVar]</colordiffuse>
					<include>MediaFlagVars</include>
					<texture>$INFO[VideoPlayer.VideoAspect,flags/aspectratio/,.png]</texture>
				</control>
			</control>
		</control>
		<control type="group">
			<animation effect="slide" start="0,400" end="0,0" time="200">WindowOpen</animation>
			<animation effect="slide" start="0,400" end="0,0" time="200">VisibleChange</animation>
			<top>680</top>
			<!--<visible>VideoPlayer.Content(movies) | VideoPlayer.Content(tvshows) | VideoPlayer.Content(episodes)</visible>-->
			<visible>![VideoPlayer.Content(livetv) | VideoPlayer.Content(musicvideos)]</visible>
			<visible>!Window.IsActive(videoosd)</visible>
			<control type="image">
				<left>0</left>
				<top>0</top>
				<width>FullScreenWidth</width>
				<height>400</height>
				<texture>background.png</texture>
				<colordiffuse>$VAR[ColorBackgroundVar]</colordiffuse>
			</control>
			<control type="image">
				<left>30</left>
				<top>30</top>
				<width>227</width>
				<height>340</height>
				<aspectratio aligny="center" align="center">scale</aspectratio>
				<texture background="true">$VAR[PlayerArtworkVar]</texture>
			</control>
			<control type="grouplist">
				<left>290</left>
				<top>15</top>
				<control type="label">					
					<width>1350</width>
					<height>70</height>
					<font>font35_title</font>
					<textcolor>$VAR[ColorTextVar]</textcolor>
					<align>left</align>
					<aligny>top</aligny>
					<label>[B]$VAR[PlayerTitleLabelVar][/B]</label>
					<visible>!VideoPlayer.Content(episodes)</visible>
					<scroll>false</scroll>
				</control>
				<control type="label">
					<width>1350</width>
					<height>70</height>
					<font>font35_title</font>
					<textcolor>$VAR[ColorTextVar]</textcolor>
					<align>left</align>
					<aligny>top</aligny>
					<label>[B]$INFO[VideoPlayer.Season,,X]$INFO[VideoPlayer.Episode,,. ]$VAR[PlayerTitleLabelVar][/B]</label>
					<visible>VideoPlayer.Content(episodes)</visible>
					<scroll>false</scroll>
				</control>
				<control type="label">
					<width>1600</width>
					<height>65</height>
					<font>font28_title</font>
					<textcolor>$VAR[ColorTextVar]</textcolor>
					<label>[COLOR $VAR[ColorHighlightVar]]$INFO[VideoPlayer.Year]$INFO[VideoPlayer.Genre,  •  ][/COLOR]</label>
					<visible>VideoPlayer.Content(movies) | VideoPlayer.Content(musicvideos)</visible>
				</control>
				<control type="label">
					<width>1600</width>
					<height>65</height>
					<font>font28_title</font>
					<textcolor>$VAR[ColorTextVar]</textcolor>
					<label>[COLOR $VAR[ColorHighlightVar]]$INFO[VideoPlayer.TVShowTitle][/COLOR]</label>
					<visible>VideoPlayer.Content(episodes)</visible>
				</control>
				<control type="textbox">
					<width>1600</width>
					<height>160</height>
					<font>font14_textbox3</font>
					<textcolor>$VAR[ColorTextVar]</textcolor>
					<align>left</align>
					<aligny>top</aligny>
					<autoscroll time="3000" delay="4000" repeat="5000">Skin.HasSetting(Enable.AutoScroll)</autoscroll>
					<label>[COLOR $VAR[ColorHighlightVar]]$INFO[VideoPlayer.Tagline,, ][/COLOR]$INFO[VideoPlayer.Plot]</label>
				</control>
			</control>
			<control type="progress">
				<left>287</left>
				<top>334</top>
				<width>1605</width>
				<height>37</height>
				<info>Player.ProgressCache</info>
			</control>
			<control type="progress">
				<left>287</left>
				<top>334</top>
				<width>1605</width>
				<height>37</height>
				<info>Player.Progress</info>
				<colordiffuse>$VAR[ColorBackgroundVar]</colordiffuse>
			</control>
			<control type="label">
				<top>333</top>
				<left>302</left>
				<width>900</width>
				<height>35</height>
				<font>font14_title</font>
				<textcolor>$VAR[ColorTextVar]</textcolor>
				<align>left</align>
				<aligny>center</aligny>
				<label>$INFO[Player.Time]</label>
			</control>
			<control type="label">
				<top>333</top>
				<left>975</left>
				<width>900</width>
				<height>35</height>
				<font>font14_title</font>
				<textcolor>$VAR[ColorTextVar]</textcolor>
				<align>right</align>
				<aligny>center</aligny>
				<label>$INFO[Player.Duration]</label>
			</control>
			<control type="label">
				<top>333</top>
				<left>287</left>
				<width>1605</width>
				<height>35</height>
				<font>font14_title</font>
				<textcolor>$VAR[ColorTextVar]</textcolor>
				<align>center</align>
				<aligny>center</aligny>
				<label>$VAR[SeekLabelVar]</label>
			</control>
			<control type="image">
				<left>1590</left>
				<top>25</top>
				<width>400</width>
				<height>45</height>
				<aspectratio>keep</aspectratio>
				<texture colordiffuse="$VAR[ColorHighlightVar]" fallback="rating0.png">$INFO[Player.StarRating]</texture>
			</control>
		</control>
		<!--<control type="group">
			<animation effect="slide" start="0,400" end="0,0" time="200">WindowOpen</animation>
			<animation effect="slide" start="0,400" end="0,0" time="200">VisibleChange</animation>
			<top>795</top>
			<visible>![VideoPlayer.Content(livetv) | VideoPlayer.Content(movies) | VideoPlayer.Content(tvshows) | VideoPlayer.Content(episodes) | VideoPlayer.Content(musicvideos)]</visible>
			<visible>!Window.IsActive(videoosd)</visible>
			<control type="image">
				<left>0</left>
				<top>0</top>
				<width>FullScreenWidth</width>
				<height>285</height>
				<texture>background.png</texture>
				<colordiffuse>$VAR[ColorBackgroundVar]</colordiffuse>
			</control>
			<control type="image">
				<left>30</left>
				<top>30</top>
				<width>340</width>
				<height>227</height>
				<aspectratio aligny="center" align="center">scale</aspectratio>
				<texture fallback="DefaultMovies.png" background="true">$VAR[PlayerArtworkVar]</texture>
			</control>
			<control type="textbox">
				<left>400</left>
				<top>15</top>
				<width>1295</width>
				<height>227</height>
				<font>font35_title</font>
				<textcolor>$VAR[ColorTextVar]</textcolor>
				<align>left</align>
				<aligny>top</aligny>
				<label>[B]$VAR[PlayerTitleLabelVar][/B]</label>
			</control>
			<control type="image">
				<left>1740</left>
				<top>10</top>
				<width>198</width>
				<include>MediaFlagVars</include>
				<texture colordiffuse="$VAR[ColorTextVar]">$INFO[VideoPlayer.VideoCodec,flags/video/,.png]</texture>
			</control>
			<control type="progress">
				<left>400</left>
				<top>219</top>
				<width>1490</width>
				<height>37</height>
				<info>Player.ProgressCache</info>
			</control>
			<control type="progress">
				<left>400</left>
				<top>219</top>
				<width>1490</width>
				<height>37</height>
				<info>Player.Progress</info>
				<colordiffuse>$VAR[ColorBackgroundVar]</colordiffuse>
			</control>
			<control type="label">
				<top>218</top>
				<left>415</left>
				<width>900</width>
				<height>35</height>
				<font>font14_title</font>
				<textcolor>$VAR[ColorTextVar]</textcolor>
				<align>left</align>
				<aligny>center</aligny>
				<label>$INFO[Player.Time]</label>
			</control>
			<control type="label">
				<top>218</top>
				<left>975</left>
				<width>900</width>
				<height>35</height>
				<font>font14_title</font>
				<textcolor>$VAR[ColorTextVar]</textcolor>
				<align>right</align>
				<aligny>center</aligny>
				<label>$INFO[Player.Duration]</label>
			</control>
			<control type="label">
				<top>218</top>
				<left>400</left>
				<width>1490</width>
				<height>35</height>
				<font>font14_title</font>
				<textcolor>$VAR[ColorTextVar]</textcolor>
				<align>center</align>
				<aligny>center</aligny>
				<label>$VAR[SeekLabelVar]</label>
			</control>
		</control>-->
		<control type="group">
			<animation effect="slide" start="0,290" end="0,0" time="200">WindowOpen</animation>
			<animation effect="slide" start="0,290" end="0,0" time="200">VisibleChange</animation>
			<top>780</top>
			<visible>VideoPlayer.Content(livetv) | VideoPlayer.Content(musicvideos)</visible>
			<visible>!Window.IsActive(videoosd)</visible>
			<control type="image">
				<left>0</left>
				<top>0</top>
				<width>FullScreenWidth</width>
				<height>300</height>
				<texture>background.png</texture>
				<colordiffuse>$VAR[ColorBackgroundVar]</colordiffuse>
			</control>
			<control type="image">
				<left>30</left>
				<top>30</top>
				<width>240</width>
				<height>240</height>
				<aspectratio aligny="center" align="center">keep</aspectratio>
				<texture background="true">$INFO[Player.Art(thumb)]</texture>
			</control>
			<control type="label">
				<left>300</left>
				<top>25</top>
				<width>1585</width>
				<height>40</height>
				<scroll>false</scroll>
				<font>font16_title</font>
				<textcolor>$VAR[ColorTextVar]</textcolor>
				<label>[B]$INFO[VideoPlayer.Artist,, - ]$INFO[VideoPlayer.Title][/B]</label>
			</control>
			<control type="group">
				<visible>VideoPlayer.Content(livetv)</visible>
				<control type="label">
					<left>300</left>
					<top>72</top>
					<width>1585</width>
					<height>40</height>
					<font>font14_title</font>
					<textcolor>$VAR[ColorHighlightVar]</textcolor>
					<label>$INFO[VideoPlayer.ChannelNumber,,: ]$INFO[VideoPlayer.ChannelName]</label>
				</control>
				<control type="label">
					<label>$INFO[VideoPlayer.Plot]</label>
					<left>300</left>
					<top>120</top>
					<width>1585</width>
					<height>40</height>
					<font>font14</font>
					<textcolor>$VAR[ColorTextVar]</textcolor>
					<scroll>true</scroll>
				</control>
				<control type="label">
					<left>300</left>
					<top>170</top>
					<width>1585</width>
					<height>40</height>
					<font>font14</font>
					<textcolor>$VAR[ColorTextVar]</textcolor>
					<label>[COLOR $VAR[ColorHighlightVar]]$LOCALIZE[19031]: [/COLOR]$INFO[VideoPlayer.NextTitle] $INFO[VideoPlayer.NextStartTime,(, - ]$INFO[VideoPlayer.NextEndTime,,)]</label>
					<scroll>true</scroll>
				</control>
			</control>
			<control type="group">
				<visible>VideoPlayer.Content(musicvideos)</visible>
				<left>300</left>
				<control type="textbox">
					<top>90</top>
					<width>1600</width>
					<height>108</height>
					<font>font14_textbox2</font>
					<textcolor>$VAR[ColorTextVar]</textcolor>
					<align>left</align>
					<aligny>top</aligny>
					<autoscroll time="3000" delay="4000" repeat="5000">Skin.HasSetting(Enable.AutoScroll)</autoscroll>
					<label>[COLOR $VAR[ColorHighlightVar]]$INFO[VideoPlayer.Tagline,, ][/COLOR]$INFO[VideoPlayer.Plot]</label>
				</control>
			</control>
			<control type="progress">
				<left>300</left>
				<top>233</top>
				<width>1587</width>
				<height>37</height>
				<info>Player.ProgressCache</info>
			</control>
			<control type="progress">
				<left>300</left>
				<top>233</top>
				<width>1587</width>
				<height>37</height>
				<info>Player.Progress</info>
				<colordiffuse>$VAR[ColorBackgroundVar]</colordiffuse>
			</control>
			<control type="label">
				<top>232</top>
				<left>315</left>
				<width>900</width>
				<height>35</height>
				<font>font14_title</font>
				<textcolor>$VAR[ColorTextVar]</textcolor>
				<align>left</align>
				<aligny>center</aligny>
				<label>$INFO[Player.Time]</label>
			</control>
			<control type="label">
				<top>232</top>
				<left>975</left>
				<width>900</width>
				<height>35</height>
				<font>font14_title</font>
				<textcolor>$VAR[ColorTextVar]</textcolor>
				<align>right</align>
				<aligny>center</aligny>
				<label>$INFO[Player.Duration]</label>
			</control>
			<control type="label">
				<top>232</top>
				<left>300</left>
				<width>1587</width>
				<height>35</height>
				<font>font14_title</font>
				<textcolor>$VAR[ColorTextVar]</textcolor>
				<align>center</align>
				<aligny>center</aligny>
				<label>$VAR[SeekLabelVar]</label>
			</control>
		</control>
	</controls>
</window>