<?xml version="1.0" encoding="UTF-8"?>
<window>
	<defaultcontrol always="true">5</defaultcontrol>
	<allowoverlay>no</allowoverlay>
	<controls>
		<control type="group">
			<animation effect="fade" time="300">WindowClose</animation>
			<include>FullscreenDimensions</include>
			<control type="image">
				<texture>black.png</texture>
				<visible>IsEmpty(ListItem.Art(fanart))</visible>
			</control>
			<control type="image">
				<aspectratio align="center">scale</aspectratio>
				<texture background="true">$INFO[ListItem.Art(fanart)]</texture>
			</control>
			<control type="image">
				<texture>background.png</texture>
				<colordiffuse>$VAR[ColorBackgroundVar]</colordiffuse>
			</control>
		</control>
		<control type="group">
			<include>Animation_DialogPopup</include>
			<left>741</left>
			<control type="group">
				<top>20</top>
				<width>1042</width>
				<height>854</height>
				<control type="grouplist">
					<top>-15</top>
					<left>5</left>
					<width>1100</width>
					<height>110</height>
					<itemgap>0</itemgap>
					<align>center</align>
					<visible>Container.Content(albums)</visible>
					<control type="label">
						<width>1100</width>
						<height>60</height>
						<aligny>center</aligny>
						<align>left</align>
						<font>font30_title</font>
						<textcolor>$VAR[ColorTextVar]</textcolor>
						<scroll>true</scroll>
						<label>[B]$INFO[ListItem.Album][/B]</label>
					</control>
					<control type="label">
						<width>1100</width>
						<height>30</height>
						<aligny>center</aligny>
						<align>left</align>
						<font>font15</font>
						<textcolor>$VAR[ColorHighlightVar]</textcolor>
						<scroll>true</scroll>
						<label>$INFO[ListItem.Artist]</label>
						<visible>!IsEmpty(ListItem.Artist)</visible>
					</control>
				</control>
				<control type="grouplist">
					<top>-15</top>
					<left>5</left>
					<width>1100</width>
					<height>110</height>
					<itemgap>0</itemgap>
					<align>center</align>
					<visible>Container.Content(artists)</visible>
					<control type="label">
						<width>1100</width>
						<height>60</height>
						<aligny>center</aligny>
						<align>left</align>
						<font>font30_title</font>
						<textcolor>$VAR[ColorTextVar]</textcolor>
						<scroll>true</scroll>
						<label>[B]$INFO[ListItem.Artist][/B]</label>
					</control>
					<!--<control type="label">
						<width>1100</width>
						<height>30</height>
						<aligny>center</aligny>
						<align>left</align>
						<font>font15</font>
						<textcolor>$VAR[ColorHighlightVar]</textcolor>
						<scroll>true</scroll>
						<label>$INFO[Window(home).Property(Artist.Albums.Count)]</label>
					</control>-->
				</control>
				<control type="grouplist">
					<left>5</left>
					<top>95</top>
					<width>1050</width>
					<height>90</height>
					<itemgap>0</itemgap>
					<align>left</align>
					<orientation>horizontal</orientation>
					<visible>Container.Content(albums)</visible>
					<control type="label">
						<width>140</width>
						<height>90</height>
						<align>left</align>
						<label>[B]$INFO[ListItem.Year][/B]</label>
						<font>font35_title</font>
						<textcolor>$VAR[ColorTextVar]</textcolor>
					</control>
					<control type="group">
						<width>198</width>
						<control type="image" id="800011">
							<colordiffuse>$VAR[ColorTextVar]</colordiffuse>
							<width>198</width>
							<height>88</height>
							<include>MediaFlagVars</include>
							<bordersize>2</bordersize>
							<texture>resource://resource.images.recordlabels.white/$INFO[ListItem.Property(Album_Label),,.png]</texture>
						</control>
						<control type="label">
							<left>0</left>
							<width>198</width>
							<height>90</height>
							<align>center</align>
							<label>$INFO[ListItem.Property(Album_Label)]</label>
							<font>font10</font>
							<textcolor>$VAR[ColorTextVar]</textcolor>
							<wrapmultiline>true</wrapmultiline>
							<visible>IsEmpty(Control.GetLabel(800011))</visible>
						</control>
					</control>
					<control type="group">
						<visible>!IsEmpty(Container(50).NumItems)</visible>
						<width>160</width>
						<control type="label">
							<left>0</left>
							<top>2</top>
							<width>160</width>
							<height>60</height>
							<align>center</align>
							<label>[B]$INFO[Container(50).NumItems][/B]</label>
							<font>font48</font>
							<textcolor>$VAR[ColorTextVar]</textcolor>
						</control>
						<control type="label">
							<top>52</top>
							<width>160</width>
							<height>30</height>
							<align>center</align>
							<label>[LOWERCASE]$LOCALIZE[182][/LOWERCASE]</label>
							<font>font12</font>
							<textcolor>$VAR[ColorTextVar]</textcolor>
							<visible>Container.Content(albums)</visible>
						</control>
						<control type="label">
							<top>52</top>
							<width>160</width>
							<height>30</height>
							<align>center</align>
							<label>[LOWERCASE]$LOCALIZE[132][/LOWERCASE]</label>
							<font>font12</font>
							<textcolor>$VAR[ColorTextVar]</textcolor>
							<visible>Container.Content(artists)</visible>
						</control>
					</control>
					<control type="image">
						<width>260</width>
						<include>MediaFlagVars</include>
						<texture colordiffuse="$VAR[ColorTextVar]" fallback="rating0.png">$INFO[ListItem.StarRating]</texture>
					</control>
				</control>
				<control type="panel" id="300">
					<left>-7</left>
					<top>184</top>
					<width>1166</width>
					<height>306</height>
					<onup>4002</onup>
					<ondown>9000</ondown>
					<orientation>horizontal</orientation>
					<scrolltime tween="quadratic" easing="out">200</scrolltime>
					<itemlayout height="102" width="583">
						<control type="label">
							<top>50</top>
							<width>583</width>
							<height>40</height>
							<font>font15</font>
							<textcolor>$VAR[ColorTextVar]</textcolor>
							<selectedcolor>$VAR[ColorHighlightVar]</selectedcolor>
							<label>$INFO[ListItem.Label]</label>
							<textoffsetx>12</textoffsetx>
						</control>
						<control type="label">
							<top>5</top>
							<width>583</width>
							<height>40</height>
							<font>font15</font>
							<textcolor>$VAR[ColorHighlightVar]</textcolor>
							<selectedcolor>$VAR[ColorHighlightVar]</selectedcolor>
							<label>$INFO[ListItem.Label2]</label>
							<textoffsetx>12</textoffsetx>
						</control>
					</itemlayout>
					<focusedlayout height="102" width="583">
						<control type="image">
							<top>1</top>
							<width>583</width>
							<height>100</height>
							<texture>listselect_fo.png</texture>
							<colordiffuse>$VAR[ColorHighlightVar]</colordiffuse>
							<visible>Control.HasFocus(300)</visible>
							<include>VisibleFadeEffect</include>
						</control>
						<control type="label">
							<top>50</top>
							<width>583</width>
							<height>40</height>
							<font>font15</font>
							<textcolor>$VAR[ColorTextVar]</textcolor>
							<selectedcolor>$VAR[ColorHighlightVar]</selectedcolor>
							<label>$INFO[ListItem.Label]</label>
							<animation effect="fade" start="100" end="70" time="300" tween="sine" easing="inout" condition="!Control.HasFocus(300)">Conditional</animation>
							<textoffsetx>12</textoffsetx>
						</control>
						<control type="label">
							<top>5</top>
							<width>583</width>
							<height>40</height>
							<font>font15</font>
							<textcolor>$VAR[ColorTextVar]</textcolor>
							<selectedcolor>$VAR[ColorHighlightVar]</selectedcolor>
							<label>$INFO[ListItem.Label2]</label>
							<animation effect="fade" start="100" end="70" time="300" tween="sine" easing="inout" condition="!Control.HasFocus(300)">Conditional</animation>
							<textoffsetx>12</textoffsetx>
						</control>
					</focusedlayout>
					<content>
						<item>
							<label>$INFO[ListItem.Genre]</label>
							<label2>$LOCALIZE[515]:</label2>
							<onclick>noop</onclick>
							<visible>!IsEmpty(ListItem.Genre)</visible>
						</item>
						<item>
							<label>$INFO[ListItem.Property(Album_Mood)]</label>
							<label2>$LOCALIZE[175]:</label2>
							<onclick>noop</onclick>
							<visible>!IsEmpty(ListItem.Property(Album_Mood))</visible>
						</item>
						<item>
							<label>$INFO[ListItem.Property(Album_Style)]</label>
							<label2>$LOCALIZE[176]:</label2>
							<onclick>noop</onclick>
							<visible>!IsEmpty(ListItem.Property(Album_Style))</visible>
						</item>
						<item>
							<label>$INFO[ListItem.Property(Album_Theme)]</label>
							<label2>$LOCALIZE[21895]:</label2>
							<onclick>noop</onclick>
							<visible>!IsEmpty(ListItem.Property(Album_Theme))</visible>
						</item>
						<item>
							<label>$INFO[ListItem.Property(Album_Type)]</label>
							<label2>$LOCALIZE[564]:</label2>
							<onclick>noop</onclick>
							<visible>!IsEmpty(ListItem.Property(Album_Type))</visible>
						</item>
						<item>
							<label>$INFO[ListItem.Property(Artist_Born)]</label>
							<label2>$LOCALIZE[21893]:</label2>
							<onclick>noop</onclick>
							<visible>!IsEmpty(ListItem.Property(Artist_Born))</visible>
						</item>
						<item>
							<label>$INFO[ListItem.Property(Artist_Formed)]</label>
							<label2>$LOCALIZE[21894]:</label2>
							<onclick>noop</onclick>
							<visible>!IsEmpty(ListItem.Property(Artist_Formed))</visible>
						</item>
						<item>
							<label>$INFO[ListItem.Property(Artist_Mood)]</label>
							<label2>$LOCALIZE[175]:</label2>
							<onclick>noop</onclick>
							<visible>!IsEmpty(ListItem.Property(Artist_Mood))</visible>
						</item>
						<item>
							<label>$INFO[ListItem.Property(Artist_Style)]</label>
							<label2>$LOCALIZE[176]:</label2>
							<onclick>noop</onclick>
							<visible>!IsEmpty(ListItem.Property(Artist_Style))</visible>
						</item>
						<item>
							<label>$INFO[ListItem.Property(Artist_Instrument)]</label>
							<label2>$LOCALIZE[21892]:</label2>
							<onclick>noop</onclick>
							<visible>!IsEmpty(ListItem.Property(Artist_Instrument))</visible>
						</item>
						<item>
							<label>$INFO[ListItem.Property(Artist_Died)]</label>
							<label2>$LOCALIZE[21897]:</label2>
							<onclick>noop</onclick>
							<visible>!IsEmpty(ListItem.Property(Artist_Died))</visible>
						</item>
						<item>
							<label>$INFO[ListItem.Property(Artist_Disbanded)]</label>
							<label2>$LOCALIZE[21896]:</label2>
							<onclick>noop</onclick>
							<visible>!IsEmpty(ListItem.Property(Artist_Disbanded))</visible>
						</item>
						<item>
							<label>$INFO[ListItem.Property(Artist_YearsActive)]</label>
							<label2>$LOCALIZE[21898]:</label2>
							<onclick>noop</onclick>
							<visible>!IsEmpty(ListItem.Property(Artist_YearsActive))</visible>
						</item>
						<item>
							<label>$INFO[ListItem.Path]</label>
							<label2>$LOCALIZE[573]:</label2>
							<onclick>Dialog.Close(albuminformation)</onclick>
							<onclick>ActivateWindow(Music,$INFO[ListItem.Path],return)</onclick>
							<visible>!IsEmpty(ListItem.Path)</visible>
						</item>
						<item>
							<label>$INFO[ListItem.Filename]</label>
							<label2>$LOCALIZE[21800]:</label2>
							<onclick>noop</onclick>
							<visible>!IsEmpty(ListItem.Filename)</visible>
						</item>
						<item>
							<label>$INFO[ListItem.PlayCount]</label>
							<label2>$LOCALIZE[567]:</label2>
							<onclick>noop</onclick>
							<visible>!IsEmpty(ListItem.PlayCount)</visible>
						</item>
						<item>
							<label>$INFO[ListItem.PercentPlayed,,%]</label>
							<label2 fallback="-">$LOCALIZE[575]:</label2>
							<onclick>noop</onclick>
							<visible>ListItem.IsResumable</visible>
						</item>
						<item>
							<label>$INFO[ListItem.LastPlayed]</label>
							<label2 fallback="-">$LOCALIZE[568]:</label2>
							<onclick>noop</onclick>
							<visible>!IsEmpty(ListItem.LastPlayed)</visible>
						</item>
					</content>
				</control>
				<control type="button" id="4003">
					<left>0</left>
					<top>560</top>
					<width>1132</width>
					<height>400</height>
					<onleft>9000</onleft>
					<onright>9000</onright>
					<texturefocus>-</texturefocus>
					<texturenofocus>-</texturenofocus>
					<onup>PageUp(60)</onup>
					<ondown>PageDown(60)</ondown>
					<onclick>SetFocus(9000)</onclick>
				</control>
				<control type="textbox" id="4">
					<description>Plot</description>
					<left>5</left>
					<top>560</top>
					<width>1132</width>
					<height>462</height>
					<font>font15_textbox</font>
					<align>left</align>
					<textcolor>$VAR[ColorTextVar]</textcolor>
					<pagecontrol>60</pagecontrol>
					<visible>![Control.IsVisible(50) | Control.IsVisible(150)]</visible>
				</control>
				<control type="scrollbar" id="60">
					<left>1164</left>
					<top>560</top>
					<width>14</width>
					<height>500</height>
					<orientation>vertical</orientation>
					<visible>![Control.IsVisible(50) | Control.IsVisible(150)]</visible>
					<texturesliderbar>background.png</texturesliderbar>
					<animation effect="fade" start="100" end="40" condition="!Control.HasFocus(4003)">Conditional</animation>
				</control>
				<control type="group">
	                <visible>IntegerGreaterThan(Container(50).NumItems,0) + Container.Content(artists) + System.HasAddon(script.extendedinfo)</visible>
	                <control type="image">
	                	<visible>Control.HasFocus(50)</visible>
	                    <left>-10</left>
	                    <top>550</top>
	                    <width>397</width>
	                    <height>397</height>
	                    <animation effect="fade" time="320" delay="0">Visible</animation>
	                    <animation effect="fade" time="200">Hidden</animation>
	                    <texture colordiffuse="$VAR[ColorHighlightVar]">listselect_fo.png</texture>
	                    <animation effect="slide" end="385,0" time="300" tween="cubic" easing="inout" condition="Container(50).Column(2)">Conditional</animation>
	                    <animation effect="slide" end="385,0" time="300" tween="cubic" easing="inout" condition="Container(50).Column(2) | Container(50).Column(1)">Conditional</animation>
	                </control>
	            </control>
				<control type="panel" id="50">
					<visible>Container.Content(artists) + System.HasAddon(script.extendedinfo) + !ControlGroup(9000).HasFocus(204)</visible>
					<animation effect="fade" time="500" tween="inout" easing="sine" start="0" end="100" delay="200">Visible</animation>
					<left>-4</left>
					<top>556</top>
					<width>1155</width>
					<height>385</height>
					<onleft>50</onleft>
					<onright>50</onright>
					<onup>9000</onup>
					<ondown>9000</ondown>
					<viewtype label="">list</viewtype>
					<pagecontrol>61</pagecontrol>
					<scrolltime tween="quadratic" easing="out">200</scrolltime>
					<orientation>horizontal</orientation>
					<itemlayout height="385" width="385" condition="Container.Content(artists)">
						<control type="image">
							<top>6</top>
							<left>6</left>
							<width>373</width>
							<height>373</height>
							<aspectratio align="center" aligny="center">scale</aspectratio>
							<texture fallback="DefaultFallbackAlbum.png" background="true">$INFO[ListItem.Art(thumb)]</texture>
						</control>
						<control type="image">
							<top>6</top>
							<left>6</left>
							<width>373</width>
							<height>373</height>
							<texture>thumbs/diffuse.png</texture>
						</control>
						<control type="image">
							<top>289</top>
							<left>6</left>
							<width>373</width>
							<height>90</height>
							<texture>black.png</texture>
							<colordiffuse>bbffffff</colordiffuse>
						</control>
						<control type="label">
							<left>16</left>
							<top>293</top>
							<width>353</width>
							<height>40</height>
							<font>font_Actor</font>
							<textcolor>$VAR[ColorTextVar]</textcolor>
							<selectedcolor>$VAR[ColorHighlightVar]</selectedcolor>
							<label>$INFO[ListItem.Label]</label>
						</control>
						<control type="label">
							<left>16</left>
							<top>333</top>
							<width>353</width>
							<height>40</height>
							<font>font_Actor</font>
							<textcolor>$VAR[ColorTextVar]</textcolor>
							<selectedcolor>$VAR[ColorHighlightVar]</selectedcolor>
							<label>$INFO[ListItem.Year]</label>
						</control>
					</itemlayout>
					<focusedlayout height="385" width="385" condition="Container.Content(artists)">
						<control type="group">
							<control type="image">
								<top>6</top>
								<left>6</left>
								<width>373</width>
								<height>373</height>
								<aspectratio align="center" aligny="center">scale</aspectratio>
								<texture fallback="DefaultFallbackAlbum.png" background="true">$INFO[ListItem.Art(thumb)]</texture>
							</control>
							<control type="image">
								<animation center="auto" condition="Control.HasFocus(50)" easing="inout" effect="fade" end="0" start="100" time="300" tween="sine">Focus</animation>
								<animation center="auto" condition="Control.HasFocus(50)" easing="inout" effect="fade" end="100" start="0" time="300" tween="sine">UnFocus</animation>
								<top>6</top>
								<left>6</left>
								<width>373</width>
								<height>373</height>
								<texture>thumbs/diffuse.png</texture>
							</control>
							<control type="image">
								<top>289</top>
								<left>6</left>
								<width>373</width>
								<height>90</height>
								<texture>black.png</texture>
								<colordiffuse>bbffffff</colordiffuse>
							</control>
							<control type="label">
								<left>16</left>
								<top>293</top>
								<width>353</width>
								<height>40</height>
								<font>font_Actor</font>
								<selectedcolor>$VAR[ColorHighlightVar]</selectedcolor>
								<label>$INFO[ListItem.Label]</label>
							</control>
							<control type="label">
								<left>16</left>
								<top>333</top>
								<width>353</width>
								<height>40</height>
								<font>font_Actor</font>
								<selectedcolor>$VAR[ColorHighlightVar]</selectedcolor>
								<label>$INFO[ListItem.Year]</label>
							</control>
						</control>
					</focusedlayout>
					<content target="music">plugin://script.extendedinfo?info=discography&amp;&amp;artistname=$INFO[ListItem.Artist]</content>
				</control>
				<control type="panel" id="50">
					<visible>[Container.Content(albums) | !System.HasAddon(script.extendedinfo)] + !ControlGroup(9000).HasFocus(204)</visible>
					<animation effect="fade" time="500" tween="inout" easing="sine" start="0" end="100" delay="200">Visible</animation>
					<left>-7</left>
					<top>550</top>
					<width>1166</width>
					<height>480</height>
					<onleft>50</onleft>
					<onright>50</onright>
					<onup>9000</onup>
					<ondown>9000</ondown>
					<viewtype label="">list</viewtype>
					<pagecontrol>61</pagecontrol>
					<scrolltime tween="quadratic" easing="out">200</scrolltime>
					<orientation>horizontal</orientation>
					<itemlayout height="80" width="583" condition="Container.Content(artists)">
						<control type="label">
							<width>583</width>
							<height>80</height>
							<font>font15</font>
							<textoffsetx>20</textoffsetx>
							<textcolor>$VAR[ColorTextVar]</textcolor>
							<selectedcolor>$VAR[ColorHighlightVar]</selectedcolor>
							<label>$INFO[ListItem.Label]$INFO[ListItem.Label2, (,)]</label>
						</control>
					</itemlayout>
					<focusedlayout height="80" width="583" condition="Container.Content(artists)">
						<control type="image">
							<width>583</width>
							<height>80</height>
							<texture>listselect_fo.png</texture>
							<colordiffuse>$VAR[ColorHighlightVar]</colordiffuse>
							<visible>Control.HasFocus(50)</visible>
							<include>VisibleFadeEffect</include>
						</control>
						<control type="label">
							<width>583</width>
							<height>80</height>
							<font>font15</font>
							<textoffsetx>20</textoffsetx>
							<textcolor>$VAR[ColorTextVar]</textcolor>
							<selectedcolor>$VAR[ColorHighlightVar]</selectedcolor>
							<label>$INFO[ListItem.Label]$INFO[ListItem.Label2, (,)]</label>
						</control>
					</focusedlayout>
					<itemlayout height="80" width="583" condition="Container.Content(albums)">
						<control type="label">
							<width>583</width>
							<height>80</height>
							<font>font15</font>
							<textoffsetx>20</textoffsetx>
							<textcolor>$VAR[ColorTextVar]</textcolor>
							<selectedcolor>$VAR[ColorHighlightVar]</selectedcolor>
							<label>$INFO[ListItem.Tracknumber,,: ]$INFO[ListItem.Label]</label>
						</control>
					</itemlayout>
					<focusedlayout height="80" width="583" condition="Container.Content(albums)">
						<control type="image">
							<width>583</width>
							<height>80</height>
							<texture>listselect_fo.png</texture>
							<colordiffuse>$VAR[ColorHighlightVar]</colordiffuse>
							<visible>Control.HasFocus(50)</visible>
							<include>VisibleFadeEffect</include>
						</control>
						<control type="label">
							<width>583</width>
							<height>80</height>
							<font>font15</font>
							<textoffsetx>20</textoffsetx>
							<textcolor>$VAR[ColorTextVar]</textcolor>
							<selectedcolor>$VAR[ColorHighlightVar]</selectedcolor>
							<label>$INFO[ListItem.Tracknumber,,: ]$INFO[ListItem.Label]</label>
						</control>
					</focusedlayout>
				</control>
				<control type="label">
                    <left>862</left>
                    <top>992</top>
                    <width>300</width>
                    <height>40</height>
                    <font>font13_title</font>
                    <textoffsetx>15</textoffsetx>
                    <textcolor>$VAR[ColorTextVar]</textcolor>
                    <align>right</align>
                    <aligny>top</aligny>
                    <label>$INFO[Container(50).NumItems,, $LOCALIZE[31025]  •  ][COLOR $VAR[ColorHighlightVar]]$INFO[Container(50).CurrentPage]$INFO[Container(50).NumPages,/][/COLOR]</label>
                    <visible>Control.IsVisible(50) + IntegerGreaterThan(Container(50).NumItems,0) + [Container.Content(artists) + System.HasAddon(script.extendedinfo)] + !Control.IsVisible(150)</visible>
                    <!--<animation effect="fade" start="0" end="100" time="300" tween="sine" easing="inout">Visible</animation>-->
                </control>
			</control>
			<control type="group">
                <visible>IntegerGreaterThan(Container(150).NumItems,0)</visible>
                <animation effect="fade" time="320" delay="300">Visible</animation>
                <control type="image">
                	<visible>Control.HasFocus(150)</visible>
                    <left>-10</left>
                    <top>570</top>
                    <width>590</width>
                    <height>396</height>
                    <animation effect="fade" time="320" delay="200">Visible</animation>
                    <animation effect="fade" time="200">Hidden</animation>
                    <texture colordiffuse="$VAR[ColorHighlightVar]">listselect_fo.png</texture>
                    <animation effect="slide" end="578,0" time="300" tween="cubic" easing="inout" condition="Container(150).Column(1)">Conditional</animation>
                </control>
            </control>
			<control type="panel" id="150">
                <description>YouTube Videos</description>
                <left>-4</left>
				<top>576</top>
				<width>1156</width>
				<height>440</height>
				<onleft>150</onleft>
				<onright>150</onright>
				<onup>9000</onup>
                <ondown>9000</ondown>
				<orientation>horizontal</orientation>
                <preloaditems>2</preloaditems>
                <scrolltime tween="quadratic" easing="out">300</scrolltime>
                <visible>Container.Content(artists) + ControlGroup(9000).HasFocus(204) + System.HasAddon(script.extendedinfo)</visible>
                <animation effect="fade" start="0" end="100" time="500" tween="sine" easing="inout">VisibleChange</animation>
                <itemlayout height="440" width="578">
					<control type="image">
						<top>6</top>
						<left>6</left>
						<width>566</width>
                        <height>372</height>
						<aspectratio>scale</aspectratio>
						<texture background="true">$INFO[ListItem.Art(thumb)]</texture>
					</control>
					<control type="image">
						<top>6</top>
						<left>6</left>
						<width>566</width>
						<height>372</height>
						<texture>thumbs/diffuse.png</texture>
					</control>
                    <control type="image">
                        <top>283</top>
                        <left>6</left>
                        <width>566</width>
                        <height>95</height>
                        <texture>black.png</texture>
                        <colordiffuse>bbffffff</colordiffuse>
						<visible>!IsEmpty(ListItem.Title)</visible>							
                    </control>						
					<control type="textbox">
                        <left>16</left>
                        <top>286</top>
                        <width>546</width>
                        <height>90</height>
                        <align>left</align>
						<font>font_Actor</font>
                        <textcolor>$VAR[ColorTextVar]</textcolor>
						<selectedcolor>$VAR[ColorHighlightVar]</selectedcolor>
						<label>$INFO[ListItem.Label]</label>
					</control>
				</itemlayout>
				<focusedlayout height="440" width="578">
                    <control type="group">
                    	<include>PanelFocusedItemZoom</include>
						<control type="image">
							<top>6</top>
							<left>6</left>
							<width>566</width>
							<height>372</height>
							<aspectratio>scale</aspectratio>
							<texture background="true" fallback="blank.png">$INFO[ListItem.Art(thumb)]</texture>
						</control>
						<control type="image">
							<animation center="auto" condition="Control.HasFocus(150)" easing="inout" effect="fade" end="0" start="100" time="300" tween="sine">Focus</animation>
							<animation center="auto" condition="Control.HasFocus(150)" easing="inout" effect="fade" end="100" start="0" time="300" tween="sine">UnFocus</animation>
							<top>6</top>
							<left>6</left>
							<width>566</width>
							<height>372</height>
							<texture>thumbs/diffuse.png</texture>
						</control>							
                        <control type="image">
                            <top>283</top>
							<left>6</left>
                            <width>566</width>
                            <height>95</height>
                            <texture>black.png</texture>
                            <colordiffuse>bbffffff</colordiffuse>
							<visible>!IsEmpty(ListItem.Title)</visible>							
                        </control>						
						<control type="textbox">
                           <left>16</left>
                            <top>286</top>
                            <width>546</width>
                            <height>90</height>
                            <align>left</align>
							<font>font_Actor</font>
                            <textcolor>$VAR[ColorTextVar]</textcolor>
							<selectedcolor>$VAR[ColorHighlightVar]</selectedcolor>
							<label>$INFO[ListItem.Label]</label>
							<autoscroll time="3000" delay="4000" repeat="5000">Skin.HasSetting(Enable.AutoScroll)</autoscroll>
						</control>
					</control>
				</focusedlayout>
				<content>plugin://script.extendedinfo?info=youtubesearch&amp;&amp;id=$ESCINFO[ListItem.Artist] $LOCALIZE[2]</content>
            </control>
            <control type="panel" id="150">
            	<animation effect="fade" time="500" tween="inout" easing="sine" start="0" end="100" delay="200">Visible</animation>
                <description>YouTube Videos</description>
                <left>-4</left>
				<top>576</top>
				<width>1156</width>
				<height>440</height>
				<onleft>150</onleft>
				<onright>150</onright>
				<onup>9000</onup>
                <ondown>9000</ondown>
				<orientation>horizontal</orientation>
                <preloaditems>2</preloaditems>
                <scrolltime tween="quadratic" easing="out">300</scrolltime>
                <visible>Container.Content(albums) + ControlGroup(9000).HasFocus(204) + System.HasAddon(script.extendedinfo)</visible>
                <itemlayout height="440" width="578">
					<control type="image">
						<top>6</top>
						<left>6</left>
						<width>566</width>
                        <height>372</height>
						<aspectratio>scale</aspectratio>
						<texture background="true">$INFO[ListItem.Art(thumb)]</texture>
					</control>
					<control type="image">
						<top>6</top>
						<left>6</left>
						<width>566</width>
						<height>372</height>
						<texture>thumbs/diffuse.png</texture>
					</control>
                    <control type="image">
                        <top>283</top>
                        <left>6</left>
                        <width>566</width>
                        <height>95</height>
                        <texture>black.png</texture>
                        <colordiffuse>bbffffff</colordiffuse>
						<visible>!IsEmpty(ListItem.Title)</visible>							
                    </control>						
					<control type="textbox">
                        <left>16</left>
                        <top>286</top>
                        <width>546</width>
                        <height>90</height>
                        <align>left</align>
						<font>font_Actor</font>
                        <textcolor>$VAR[ColorTextVar]</textcolor>
						<selectedcolor>$VAR[ColorHighlightVar]</selectedcolor>
						<label>$INFO[ListItem.Label]</label>
					</control>
				</itemlayout>
				<focusedlayout height="440" width="578">
                    <control type="group">
                    	<include>PanelFocusedItemZoom</include>
						<control type="image">
							<top>6</top>
							<left>6</left>
							<width>566</width>
							<height>372</height>
							<aspectratio>scale</aspectratio>
							<texture background="true" fallback="blank.png">$INFO[ListItem.Art(thumb)]</texture>
						</control>
						<control type="image">
							<animation center="auto" condition="Control.HasFocus(150)" easing="inout" effect="fade" end="0" start="100" time="300" tween="sine">Focus</animation>
							<animation center="auto" condition="Control.HasFocus(150)" easing="inout" effect="fade" end="100" start="0" time="300" tween="sine">UnFocus</animation>
							<top>6</top>
							<left>6</left>
							<width>566</width>
							<height>372</height>
							<texture>thumbs/diffuse.png</texture>
						</control>							
                        <control type="image">
                            <top>283</top>
							<left>6</left>
                            <width>566</width>
                            <height>95</height>
                            <texture>black.png</texture>
                            <colordiffuse>bbffffff</colordiffuse>
							<visible>!IsEmpty(ListItem.Title)</visible>							
                        </control>						
						<control type="textbox">
                           <left>16</left>
                            <top>286</top>
                            <width>546</width>
                            <height>90</height>
                            <align>left</align>
							<font>font_Actor</font>
                            <textcolor>$VAR[ColorTextVar]</textcolor>
							<selectedcolor>$VAR[ColorHighlightVar]</selectedcolor>
							<label>$INFO[ListItem.Label]</label>
							<autoscroll time="3000" delay="4000" repeat="5000">Skin.HasSetting(Enable.AutoScroll)</autoscroll>
						</control>
					</control>
				</focusedlayout>
				<content>plugin://script.extendedinfo?info=youtubesearch&amp;&amp;id=$ESCINFO[ListItem.Artist] $ESCINFO[ListItem.Album] $LOCALIZE[558]</content>
            </control>
            <control type="label">
            	<left>-4</left>
				<top>576</top>
				<width>1156</width>
				<height>440</height>
				<align>center</align>
				<aligny>center</aligny>
            	<visible>ControlGroup(9000).HasFocus(204) + !IntegerGreaterThan(Container(150).NumItems,0)</visible>
            	<label>31137</label>
            	<font>font16_title</font>
            	<animation effect="fade" time="400" tween="inout" easing="sine" start="0" end="100" delay="5000">Visible</animation>
            </control>
            <control type="label">
                <left>862</left>
                <top>1012</top>
                <width>300</width>
                <height>40</height>
                <font>font13_title</font>
                <textoffsetx>15</textoffsetx>
                <textcolor>$VAR[ColorTextVar]</textcolor>
                <align>right</align>
                <aligny>top</aligny>
                <label>$INFO[Container(150).NumItems,, $LOCALIZE[31025] • ][COLOR $VAR[ColorHighlightVar]]$INFO[Container(150).CurrentPage]$INFO[Container(150).NumPages,/][/COLOR]</label>
                <visible>IntegerGreaterThan(Container(150).NumItems,0) + ControlGroup(9000).HasFocus(204)</visible>
                <!--<animation effect="fade" start="0" end="100" time="300" tween="sine" easing="inout" delay="300">Visible</animation>-->
            </control>
			<control type="group">
				<left>2</left>
				<top>0</top>
				<control type="grouplist" id="9000">
					<left>0</left>
					<top>510</top>
					<width>1192</width>
					<height>60</height>
					<itemgap>0</itemgap>
					<onleft>9000</onleft>
					<onright>9000</onright>
					<onup>300</onup>
					<align>left</align>
					<ondown condition="![Control.IsVisible(50) | Control.IsVisible(150)]">4003</ondown>
					<ondown condition="Control.IsVisible(50)">50</ondown>
					<ondown condition="Control.IsVisible(150)">150</ondown>
					<orientation>horizontal</orientation>
					<control type="button" id="5">
						<description>Cast/Plot</description>
						<include>ButtonInfoDialogsCommonValues</include>
						<label>206</label>
					</control>
					<control type="button" id="10">
						<description>Get Thumb</description>
						<include>ButtonInfoDialogsCommonValues</include>
						<label>13405</label>
						<enable>!Skin.HasSetting(KioskMode.Enabled)</enable>
					</control>
					<control type="button" id="12">
						<description>Get Fanart</description>
						<include>ButtonInfoDialogsCommonValues</include>
						<label>20413</label>
						<enable>!Skin.HasSetting(KioskMode.Enabled)</enable>
					</control>
					<control type="button" id="204">
						<description>YouTube</description>
						<include>ButtonInfoDialogsCommonValues</include>
						<label>31070</label>
						<onclick>noop</onclick>
						<enable>System.HasAddon(script.extendedinfo)</enable>
					</control>
					<control type="button" id="6">
						<description>Refresh</description>
						<font>IconMedium</font>
						<width>80</width>
						<include>ButtonInfoDialogsCommonValues</include>
						<label></label>
						<enable>!Skin.HasSetting(KioskMode.Enabled)</enable>
					</control>
					<control type="button" id="207">
						<description>Extras</description>
						<font>IconMedium</font>
						<width>80</width>
						<include>ButtonInfoDialogsCommonValues</include>
						<label>+</label>
						<onclick>ActivateWindow(1119)</onclick>
						<enable>!Skin.HasSetting(KioskMode.Enabled)</enable>
					</control>
				</control>
			</control>
		</control>
		<control type="group">
			<include>Animation_DialogPopup</include>
			<top>30</top>
			<left>30</left>
			<control type="image">
				<width>680</width>
				<height>340</height>
				<aspectratio>keep</aspectratio>
				<texture background="true">$INFO[Skin.String(MusicLibraryPath)]$INFO[ListItem.Artist,,/logo.png]</texture>
				<visible>Container.Content(albums)</visible>
			</control>
			<control type="image">
				<width>680</width>
				<height>340</height>
				<aspectratio>keep</aspectratio>
				<texture background="true">$INFO[ListItem.Path]$INFO[ListItem.Artist,,/logo.png]</texture>
				<visible>Container.Content(artists)</visible>
			</control>
			<control type="image">
				<top>340</top>
				<width>680</width>
				<height>680</height>
				<aspectratio scalediffuse="false" align="center" aligny="center">scale</aspectratio>
				<texture background="true">$INFO[ListItem.Icon]</texture>
			</control>
		</control>
	</controls>
</window>