<?xml version="1.0" encoding="UTF-8"?>
<includes>
	<!-- Main Menu Includes -->
	<include name="MainMenuList">
		<control type="image">
            <left>0</left>
            <top>0</top>
            <width>384</width>
            <height>120</height>
            <animation effect="fade" start="100" end="60" time="300" condition="!Control.HasFocus(9000)">Conditional</animation>
            <texture colordiffuse="$VAR[ColorHighlightVar]">listselect_fo.png</texture>
            <animation effect="slide" end="384" time="300" tween="cubic" easing="inout" condition="Container(9000).Position(4)">Conditional</animation>
            <animation effect="slide" end="384" time="300" tween="cubic" easing="inout" condition="Container(9000).Position(4) | Container(9000).Position(3)">Conditional</animation>
            <animation effect="slide" end="384" time="300" tween="cubic" easing="inout" condition="Container(9000).Position(4) | Container(9000).Position(3) | Container(9000).Position(2)">Conditional</animation>
            <animation effect="slide" end="384" time="300" tween="cubic" easing="inout" condition="Container(9000).Position(4) | Container(9000).Position(3) | Container(9000).Position(2) | Container(9000).Position(1)">Conditional</animation>
        </control>
		<control type="fixedlist" id="9000">
			<include>MainMenuListContent</include>
		</control>
	</include>
	<include name="MainMenuOriginal">
		<control type="wraplist" id="9000">
			<include>MainMenuOriginalContent</include>
		</control>
	</include>
	<include name="MainMenuListTop">
		<control type="image">
            <left>0</left>
            <top>0</top>
            <width>384</width>
            <height>120</height>
            <animation effect="fade" start="100" end="60" time="300" condition="!Control.HasFocus(9000)">Conditional</animation>
            <texture colordiffuse="$VAR[ColorHighlightVar]">listselect_fo.png</texture>
            <animation effect="slide" end="384" time="300" tween="cubic" easing="inout" condition="Container(9000).Position(4)">Conditional</animation>
            <animation effect="slide" end="384" time="300" tween="cubic" easing="inout" condition="Container(9000).Position(4) | Container(9000).Position(3)">Conditional</animation>
            <animation effect="slide" end="384" time="300" tween="cubic" easing="inout" condition="Container(9000).Position(4) | Container(9000).Position(3) | Container(9000).Position(2)">Conditional</animation>
            <animation effect="slide" end="384" time="300" tween="cubic" easing="inout" condition="Container(9000).Position(4) | Container(9000).Position(3) | Container(9000).Position(2) | Container(9000).Position(1)">Conditional</animation>
        </control>
		<control type="list" id="9000">
			<include condition="!Skin.HasSetting(Disable.Topbarinfo)" name="MainMenuListContentTop">
				<param name="MainMenuTopWidth" value="1536" />
			</include>
			<include condition="Skin.HasSetting(Disable.Topbarinfo)" name="MainMenuListContentTop">
				<param name="MainMenuTopWidth" value="1920" />
			</include>
		</control>
		<control type="group">
			<visible>!Skin.HasSetting(Disable.Topbarinfo)</visible>
			<left>1536</left>
			<top>8</top>
			<control type="grouplist">
				<top>0</top>
				<left>15</left>
				<width>354</width>
				<height>45</height>
				<align>right</align>
				<orientation>Horizontal</orientation>
				<control type="label" id="1">
					<width>auto</width>
					<height>45</height>
					<label>$INFO[Weather.Temperature,,  •  ]</label>
					<font>topbar</font>
					<textcolor>$VAR[ColorTextVar]</textcolor>
					<visible>Weather.IsFetched + !IsEmpty(Weather.Plugin)</visible>
				</control>
				<control type="label" id="2">
					<width>auto</width>
					<height>45</height>
					<label>$INFO[System.Time]</label>
					<font>topbar</font>
					<textcolor>$VAR[ColorHighlightVar]</textcolor>
				</control>
			</control>
			<control type="label">
				<top>50</top>
				<width>384</width>
				<height>45</height>
				<label>[COLOR $VAR[ColorTextVar]]$INFO[System.Date(ddd)], $INFO[System.Date(mmm d)], $INFO[System.Date(yyyy)][/COLOR]</label>
				<font>topbar</font>
				<align>right</align>
				<textoffsetx>15</textoffsetx>
				<textcolor>$VAR[ColorHighlightVar]</textcolor>
			</control>
		</control>
	</include>
	<include name="MainMenuListVertical">
		<control type="image">
            <left>0</left>
            <top>0</top>
            <width>434</width>
            <height>120</height>
            <animation effect="fade" start="100" end="60" time="300" condition="!Control.HasFocus(9000)">Conditional</animation>
            <texture colordiffuse="$VAR[ColorHighlightVar]">listselect_fo.png</texture>
            <animation effect="slide" end="0,120" time="300" tween="cubic" easing="inout" condition="Container(9000).Position(8)">Conditional</animation>
            <animation effect="slide" end="0,120" time="300" tween="cubic" easing="inout" condition="Container(9000).Position(8) | Container(9000).Position(7)">Conditional</animation>
            <animation effect="slide" end="0,120" time="300" tween="cubic" easing="inout" condition="Container(9000).Position(8) | Container(9000).Position(7) | Container(9000).Position(6)">Conditional</animation>
            <animation effect="slide" end="0,120" time="300" tween="cubic" easing="inout" condition="Container(9000).Position(8) | Container(9000).Position(7) | Container(9000).Position(6) | Container(9000).Position(5)">Conditional</animation>
            <animation effect="slide" end="0,120" time="300" tween="cubic" easing="inout" condition="Container(9000).Position(8) | Container(9000).Position(7) | Container(9000).Position(6) | Container(9000).Position(5) | Container(9000).Position(4)">Conditional</animation>
            <animation effect="slide" end="0,120" time="300" tween="cubic" easing="inout" condition="Container(9000).Position(8) | Container(9000).Position(7) | Container(9000).Position(6) | Container(9000).Position(5) | Container(9000).Position(4) | Container(9000).Position(3)">Conditional</animation>
            <animation effect="slide" end="0,120" time="300" tween="cubic" easing="inout" condition="Container(9000).Position(8) | Container(9000).Position(7) | Container(9000).Position(6) | Container(9000).Position(5) | Container(9000).Position(4) | Container(9000).Position(3) | Container(9000).Position(2)">Conditional</animation>
            <animation effect="slide" end="0,120" time="300" tween="cubic" easing="inout" condition="Container(9000).Position(8) | Container(9000).Position(7) | Container(9000).Position(6) | Container(9000).Position(5) | Container(9000).Position(4) | Container(9000).Position(3) | Container(9000).Position(2) | Container(9000).Position(1)">Conditional</animation>
        </control>
		<control type="list" id="9000">
			<include condition="!Skin.HasSetting(Disable.Topbarinfo)" name="MainMenuListContentVertical">
				<param name="MainMenuVerticalHeight" value="960" />
			</include>
			<include condition="Skin.HasSetting(Disable.Topbarinfo)" name="MainMenuListContentVertical">
				<param name="MainMenuVerticalHeight" value="1080" />
			</include>
		</control>
		<control type="group">
			<visible>!Skin.HasSetting(Disable.Topbarinfo)</visible>
			<left>5</left>
			<top>970</top>
			<control type="grouplist">
				<top>0</top>
				<left>15</left>
				<width>354</width>
				<height>45</height>
				<align>left</align>
				<orientation>Horizontal</orientation>
				<control type="label" id="1">
					<width>auto</width>
					<height>45</height>
					<label>$INFO[Weather.Temperature,,  •  ]</label>
					<font>topbar</font>
					<textcolor>$VAR[ColorTextVar]</textcolor>
					<visible>Weather.IsFetched + !IsEmpty(Weather.Plugin)</visible>
				</control>
				<control type="label" id="2">
					<width>auto</width>
					<height>45</height>
					<label>$INFO[System.Time]</label>
					<font>topbar</font>
					<textcolor>$VAR[ColorHighlightVar]</textcolor>
				</control>
			</control>
			<control type="label">
				<top>50</top>
				<width>384</width>
				<height>45</height>
				<label>[COLOR $VAR[ColorTextVar]]$INFO[System.Date(ddd)], $INFO[System.Date(mmm d)], $INFO[System.Date(yyyy)][/COLOR]</label>
				<font>topbar</font>
				<align>left</align>
				<textoffsetx>15</textoffsetx>
				<textcolor>$VAR[ColorHighlightVar]</textcolor>
			</control>
		</control>
	</include>
	<include name="MainMenuListContent">
		<animation effect="fade" start="100" end="50" time="300" condition="!Control.HasFocus(9000)">conditional</animation>
		<left>0</left>
		<top>0</top>
		<width>FullScreenWidth</width>
		<height>120</height>
		<onup condition="!IsEmpty(Container(9000).ListItem.Property(widget))">8000</onup>
		<ondown>9010</ondown>
		<pagecontrol>-</pagecontrol>
		<focusposition>2</focusposition>
		<movement>2</movement>
		<scrolltime tween="sine" easing="inout">300</scrolltime>
		<orientation>Horizontal</orientation>
		<itemlayout height="120" width="384">
			<control type="label">
				<width>384</width>
				<height>120</height>
				<top>-4</top>
				<font>font_AltMainMenu</font>
				<textcolor>$VAR[ColorMenuVar]</textcolor>
				<align>center</align>
				<aligny>center</aligny>
				<label>$INFO[ListItem.Label]</label>
			</control>
		</itemlayout>
		<focusedlayout height="120" width="384">
			<control type="image">
				<animation effect="fade" start="0" end="80" time="100" delay="1000">Focus</animation>
				<animation effect="fade" start="80" end="0" time="0">UnFocus</animation>
				<top>1</top>
				<left>353</left>
				<width>30</width>
				<height>30</height>
				<texture>WidgetIndicator.png</texture>
				<visible>!IsEmpty(Container(9000).ListItem.Property(widget)) + Control.HasFocus(9000) + !Skin.HasSetting(Disable.WidgetPressUp)</visible>
			</control>
			<control type="label">
				<width>384</width>
				<height>120</height>
				<top>-4</top>
				<font>font_AltMainMenu</font>
				<textcolor>$VAR[ColorMenuVar]</textcolor>
				<selectedcolor>$VAR[ColorMenuVar]</selectedcolor>
				<align>center</align>
				<aligny>center</aligny>
				<label>$INFO[ListItem.Label]</label>
			</control>
		</focusedlayout>
		<content>
			<include>skinshortcuts-mainmenu</include>
		</content>
	</include>
	<include name="MainMenuOriginalContent">
		<animation effect="fade" start="100" end="50" time="300" condition="!Control.HasFocus(9000)">conditional</animation>
		<left>0</left>
		<top>0</top>
		<width>FullScreenWidth</width>
		<height>120</height>
		<onup condition="!IsEmpty(Container(9000).ListItem.Property(widget))">8000</onup>
		<ondown>9010</ondown>
		<movement>1</movement>
		<pagecontrol>-</pagecontrol>
		<scrolltime tween="sine" easing="inout">300</scrolltime>
		<focusposition>1</focusposition>
		<orientation>Horizontal</orientation>
		<itemlayout height="120" width="590">
			<control type="group">
				<animation effect="zoom" time="0" tween="sine" easing="inout" start="70" end="70" center="auto" condition="true">Conditional</animation>
				<control type="label">
					<width>590</width>
					<height>120</height>
					<top>-4</top>
					<font>font_MainMenu_fo</font>
					<textcolor>$VAR[ColorMenuVar]</textcolor>
					<align>center</align>
					<aligny>center</aligny>
					<label>$INFO[ListItem.Label]</label>
				</control>
			</control>
		</itemlayout>
		<focusedlayout height="120" width="740">
			<control type="image">
				<animation effect="fade" start="0" end="80" time="100" delay="1000">Focus</animation>
				<animation effect="fade" start="80" end="0" time="0">UnFocus</animation>
				<top>1</top>
				<left>709</left>
				<width>30</width>
				<height>30</height>
				<texture>WidgetIndicator.png</texture>
				<visible>!IsEmpty(Container(9000).ListItem.Property(widget)) + Control.HasFocus(9000) + !Skin.HasSetting(Disable.WidgetPressUp)</visible>
			</control>
			<control type="group">
				<animation effect="zoom" time="150" tween="sine" easing="inout" start="70" end="100" center="auto" condition="Container(9000).OnScrollNext | Container(9000).OnScrollPrevious">Focus</animation>
				<animation effect="zoom" time="150" tween="sine" easing="inout" start="100" end="70" center="auto" condition="Control.HasFocus(9000)">UnFocus</animation>
				<control type="label">
					<width>740</width>
					<height>120</height>
					<top>-4</top>
					<font>font_MainMenu_fo</font>
					<textcolor>$VAR[ColorMenuVar]</textcolor>
					<selectedcolor>$VAR[ColorMenuVar]</selectedcolor>
					<align>center</align>
					<aligny>center</aligny>
					<label>$INFO[ListItem.Label]</label>
				</control>
			</control>
		</focusedlayout>
		<content>
			<include>skinshortcuts-mainmenu</include>
		</content>
	</include>
	<include name="MainMenuListContentTop">
		<animation effect="fade" start="100" end="50" time="300" condition="!Control.HasFocus(9000)">conditional</animation>
		<left>0</left>
		<top>0</top>
		<width>$PARAM[MainMenuTopWidth]</width>
		<height>120</height>
		<onup condition="!IsEmpty(Container(9000).ListItem.Property(widget))">8000</onup>
		<ondown>9010</ondown>
		<pagecontrol>-</pagecontrol>
		<scrolltime tween="quadratic" easing="out">300</scrolltime>
		<orientation>Horizontal</orientation>
		<itemlayout height="120" width="384">
			<control type="label">
				<width>384</width>
				<height>120</height>
				<top>-4</top>
				<font>font_AltMainMenu</font>
				<textcolor>$VAR[ColorMenuVar]</textcolor>
				<align>center</align>
				<aligny>center</aligny>
				<label>$INFO[ListItem.Label]</label>
			</control>
		</itemlayout>
		<focusedlayout height="120" width="384">
			<control type="image">
				<animation effect="fade" start="0" end="80" time="100" delay="1000">Focus</animation>
				<animation effect="fade" start="80" end="0" time="0">UnFocus</animation>
				<top>1</top>
				<left>353</left>
				<width>30</width>
				<height>30</height>
				<texture>WidgetIndicator.png</texture>
				<visible>!IsEmpty(Container(9000).ListItem.Property(widget)) + Control.HasFocus(9000) + !Skin.HasSetting(Disable.WidgetPressUp)</visible>
			</control>
			<control type="label">
				<width>384</width>
				<height>120</height>
				<top>-4</top>
				<font>font_AltMainMenu</font>
				<textcolor>$VAR[ColorMenuVar]</textcolor>
				<selectedcolor>$VAR[ColorMenuVar]</selectedcolor>
				<align>center</align>
				<aligny>center</aligny>
				<label>$INFO[ListItem.Label]</label>
			</control>
		</focusedlayout>
		<content>
			<include>skinshortcuts-mainmenu</include>
		</content>
	</include>
	<include name="MainMenuListContentVertical">
		<animation effect="fade" start="100" end="50" time="300" condition="!Control.HasFocus(9000)">conditional</animation>
		<left>0</left>
		<top>0</top>
		<width>434</width>
		<height>$PARAM[MainMenuVerticalHeight]</height>
		<onleft condition="!IsEmpty(Container(9000).ListItem.Property(widget))">8000</onleft>
		<ondown>9000</ondown>
		<onup>9000</onup>
		<onright>9010</onright>
		<pagecontrol>-</pagecontrol>
		<scrolltime tween="quadratic" easing="out">300</scrolltime>
		<orientation>Vertical</orientation>
		<itemlayout height="120" width="434">
			<control type="label">
				<width>434</width>
				<height>120</height>
				<top>-4</top>
				<font>font_AltMainMenu</font>
				<textoffsetx>20</textoffsetx>
				<textcolor>$VAR[ColorMenuVar]</textcolor>
				<align>left</align>
				<aligny>center</aligny>
				<label>$INFO[ListItem.Label]</label>
			</control>
		</itemlayout>
		<focusedlayout height="120" width="434">
			<control type="image">
				<animation effect="fade" start="0" end="80" time="100" delay="1000">Focus</animation>
				<animation effect="fade" start="80" end="0" time="0">UnFocus</animation>
				<top>1</top>
				<left>1</left>
				<width>30</width>
				<height>30</height>
				<texture>WidgetIndicator.png</texture>
				<animation effect="rotate" end="90" center="auto" time="0" condition="True">Conditional</animation>
				<visible>!IsEmpty(Container(9000).ListItem.Property(widget)) + Control.HasFocus(9000) + !Skin.HasSetting(Disable.WidgetPressUp)</visible>
			</control>
			<control type="label">
				<width>434</width>
				<height>120</height>
				<top>-4</top>
				<font>font_AltMainMenu</font>
				<textcolor>$VAR[ColorMenuVar]</textcolor>
				<textoffsetx>20</textoffsetx>
				<selectedcolor>$VAR[ColorMenuVar]</selectedcolor>
				<align>left</align>
				<aligny>center</aligny>
				<label>$INFO[ListItem.Label]</label>
			</control>
		</focusedlayout>
		<content>
			<include>skinshortcuts-mainmenu</include>
		</content>
	</include>
	
	<include name="SubmenuListContent">
		<itemlayout height="$PARAM[SubmenuHeight]" width="384">
			<control type="image">
				<width>384</width>
				<height>$PARAM[SubmenuHeight]</height>
				<texture>background.png</texture>
				<colordiffuse>$VAR[ColorBackgroundVar]</colordiffuse>
				<visible>!Skin.HasSetting(Enable.HomeDefault)</visible>
			</control>
			<control type="label">
				<width>384</width>
				<height>$PARAM[SubmenuHeight]</height>
				<font>font_SubMenu</font>
				<textcolor>$VAR[ColorMenuVar]</textcolor>
				<textoffsetx>$PARAM[SubmenuTextOffset]</textoffsetx>
				<selectedcolor>$VAR[ColorMenuVar]</selectedcolor>
				<align>$PARAM[SubmenuAlign]</align>
				<aligny>center</aligny>
				<label>$INFO[ListItem.Label]</label>
			</control>
		</itemlayout>
		<focusedlayout height="$PARAM[SubmenuHeight]" width="384">
			<control type="image">
				<width>384</width>
				<height>$PARAM[SubmenuHeight]</height>
				<texture>background.png</texture>
				<colordiffuse>$VAR[ColorBackgroundVar]</colordiffuse>
				<visible>!Skin.HasSetting(Enable.HomeDefault)</visible>
			</control>
			<control type="image">
				<width>384</width>
				<height>$PARAM[SubmenuHeight]</height>
				<texture>listselect_fo.png</texture>
				<colordiffuse>$VAR[ColorHighlightVar]</colordiffuse>
				<visible>ControlGroup(9001).HasFocus()</visible>
			</control>
			<control type="group">
				<visible>Control.HasFocus(9010)</visible>
				<control type="label">
					<width>384</width>
					<height>$PARAM[SubmenuHeight]</height>
					<font>font_SubMenu</font>
					<textcolor>$VAR[ColorMenuVar]</textcolor>
					<textoffsetx>$PARAM[SubmenuTextOffset]</textoffsetx>
					<align>$PARAM[SubmenuAlign]</align>
					<aligny>center</aligny>
					<label>$INFO[ListItem.Label]</label>
				</control>
			</control>
			<control type="group">
				<visible>!Control.HasFocus(9010)</visible>
				<control type="label">
					<width>384</width>
					<height>$PARAM[SubmenuHeight]</height>
					<font>font_SubMenu</font>
					<textcolor>$VAR[ColorMenuVar]</textcolor>
					<textoffsetx>$PARAM[SubmenuTextOffset]</textoffsetx>
					<align>$PARAM[SubmenuAlign]</align>
					<aligny>center</aligny>
					<label>$INFO[ListItem.Label]</label>
				</control>
			</control>
		</focusedlayout>
		<content>
			<include>skinshortcuts-submenu</include>
		</content>
	</include>
</includes>