<?xml version="1.0" encoding="UTF-8"?>
<window>
	<defaultcontrol always="true">11</defaultcontrol>
	<coordinates>
		<system>1</system>
		<left>0</left>
		<top>0</top>
	</coordinates>
	<animation effect="slide" start="-1000,0" end="0,0" time="400" tween="quadratic" easing="out">WindowOpen</animation>
	<controls>
		<control type="group">
			<control type="image">
				<left>-12</left>
				<top>-12</top>
				<width>870</width>
				<height>1104</height>
				<texture border="12">dialog_context.png</texture>
				<colordiffuse>$VAR[ColorDialogVar]</colordiffuse>
			</control>
			<control type="list" id="11">
				<left>0</left>
				<top>0</top>
				<width>821</width>
				<height>1080</height>
				<onleft>PreviousChannelGroup</onleft>
				<onright>60</onright>
				<onup>11</onup>
				<ondown>11</ondown>
				<viewtype label="535">list</viewtype>
				<pagecontrol>60</pagecontrol>
				<scrolltime tween="quadratic" easing="out">200</scrolltime>
				<itemlayout height="120" width="821">
					<control type="label">
						<left>0</left>
						<top>0</top>
						<width>128</width>
						<height>120</height>
						<font>font45caps_title</font>
						<textcolor>$VAR[ColorTextVar]</textcolor>
						<selectedcolor>$VAR[ColorHighlightVar]</selectedcolor>
						<align>center</align>
						<aligny>center</aligny>
						<label>[B]$INFO[ListItem.ChannelNumber][/B]</label>
					</control>
					<control type="label">
						<left>130</left>
						<top>0</top>
						<width>30</width>
						<height>70</height>
						<font>IconSmall</font>
						<textcolor>$VAR[ColorTextVar]</textcolor>
						<align>left</align>
						<aligny>center</aligny>
						<selectedcolor>$VAR[ColorTextVar]</selectedcolor>
						<label></label>
						<visible>ListItem.IsRecording</visible>
					</control>
					<control type="label">
						<animation effect="slide" time="0" tween="sine" easing="inout" start="0" end="40" condition="ListItem.IsRecording">Conditional</animation>
						<left>130</left>
						<top>0</top>
						<width>560</width>
						<height>70</height>
						<font>font30</font>
						<textcolor>$VAR[ColorTextVar]</textcolor>
						<selectedcolor>$VAR[ColorTextVar]</selectedcolor>
						<align>left</align>
						<aligny>center</aligny>
						<label>$INFO[ListItem.Label]</label>
					</control>
					<control type="label">
						<left>130</left>
						<top>50</top>
						<width>560</width>
						<height>60</height>
						<font>font15</font>
						<textcolor>$VAR[ColorHighlightVar]</textcolor>
						<selectedcolor>$VAR[ColorHighlightVar]</selectedcolor>
						<align>left</align>
						<aligny>center</aligny>
						<label>$INFO[ListItem.Title]</label>
					</control>
					<control type="progress">
						<description>Progressbar</description>
						<left>2</left>
						<top>102</top>
						<width>116</width>
						<height>8</height>
						<colordiffuse>88FFFFFF</colordiffuse>
						<visible>ListItem.HasEpg</visible>
						<info>ListItem.Progress</info>
					</control>
					<control type="image">
						<left>707</left>
						<top>8</top>
						<width>105</width>
						<height>105</height>
						<aspectratio>keep</aspectratio>
						<texture background="true">$INFO[ListItem.Icon]</texture>
					</control>
				</itemlayout>
				<focusedlayout height="120" width="821">
					<control type="image">
						<width>821</width>
						<height>120</height>
						<texture>listselect_fo.png</texture>
						<colordiffuse>$VAR[ColorHighlightVar]</colordiffuse>
						<visible>Control.HasFocus(11)</visible>
						<include>VisibleFadeEffect</include>
					</control>
					<control type="label">
						<left>0</left>
						<top>0</top>
						<width>128</width>
						<height>120</height>
						<font>font45caps_title</font>
						<selectedcolor>$VAR[ColorHighlightVar]</selectedcolor>
						<align>center</align>
						<aligny>center</aligny>
						<label>[B]$INFO[ListItem.ChannelNumber][/B]</label>
					</control>
					<control type="label">
						<left>130</left>
						<top>0</top>
						<width>30</width>
						<height>70</height>
						<font>IconSmall</font>
						<textcolor>$VAR[ColorTextVar]</textcolor>
						<align>left</align>
						<aligny>center</aligny>
						<selectedcolor>$VAR[ColorTextVar]</selectedcolor>
						<label></label>
						<visible>ListItem.IsRecording</visible>
					</control>
					<control type="label">
						<animation effect="slide" time="0" tween="sine" easing="inout" start="0" end="40" condition="ListItem.IsRecording">Conditional</animation>
						<left>130</left>
						<top>0</top>
						<width>560</width>
						<height>70</height>
						<font>font30</font>
						<selectedcolor>$VAR[ColorTextVar]</selectedcolor>
						<align>left</align>
						<aligny>center</aligny>
						<label>$INFO[ListItem.Label]</label>
						<!--<animation effect="fade" start="100" end="70" time="300" tween="sine" easing="inout" condition="!Control.HasFocus(11)">Conditional</animation>-->
					</control>
					<control type="label">
						<left>130</left>
						<top>50</top>
						<width>560</width>
						<height>60</height>
						<font>font15</font>
						<selectedcolor>$VAR[ColorTextVar]</selectedcolor>
						<align>left</align>
						<aligny>center</aligny>
						<label>$INFO[ListItem.Title]</label>
						<!--<animation effect="fade" start="100" end="30" time="300" tween="sine" easing="inout" condition="!Control.HasFocus(11)">Conditional</animation>-->
					</control>
					<control type="progress">
						<description>Progressbar</description>
						<left>2</left>
						<top>102</top>
						<width>116</width>
						<height>8</height>
						<visible>ListItem.HasEpg</visible>
						<info>ListItem.Progress</info>
					</control>
					<control type="image">
						<left>707</left>
						<top>8</top>
						<width>105</width>
						<height>105</height>
						<aspectratio>keep</aspectratio>
						<texture background="true">$INFO[ListItem.Icon]</texture>
					</control>
				</focusedlayout>
			</control>
			<control type="scrollbar" id="60">
				<left>823</left>
				<top>0</top>
				<width>14</width>
				<height>1080</height>
				<onleft>11</onleft>
				<onright>NextChannelGroup</onright>
				<ondown>61</ondown>
				<onup>61</onup>
				<orientation>vertical</orientation>
			</control>
		</control>
	</controls>
</window>