<?xml version="1.0" encoding="utf-8"?>
<window>
	<defaultcontrol always="true">9000</defaultcontrol>
	<allowoverlay>no</allowoverlay>
	<onload>RunScript(script.skinshortcuts,type=buildxml&amp;mainmenuID=9000)</onload>
	<onload condition="!Skin.HasSetting(Enable.HomeTopMenu) + !Skin.HasSetting(Enable.HomeVerticalMenu)">Skin.SetBool(Enable.HomeDefault)</onload>
	<onload>ClearProperty(MediaMenu,Home)</onload>
	<controls>
		<include>CommonBackground</include>
		<include condition="Skin.HasSetting(Enable.HomeDefault)">HomeDefault</include>
		<include condition="Skin.HasSetting(Enable.HomeTopMenu)">HomeTopMenu</include>
		<include condition="Skin.HasSetting(Enable.HomeVerticalMenu)">HomeVerticalMenu</include>
	</controls>
</window>