<?xml version="1.0" encoding="UTF-8"?>
<includes>
	<include name="HomeDefaultWidgets">
		<control type="group" id="9003">
			<include>VisibleFadeEffect</include>
			<control type="group">
				<visible>!IsEmpty(Container(9000).ListItem.Property(widget)) + ![Window.IsVisible(favourites) | Window.IsVisible(script-globalsearch-main.xml) | Window.IsVisible(main.xml) | Window.IsVisible(BigScreenList.xml)]</visible>
				<animation effect="fade" start="0" end="100" delay="200" time="300" easing="out" condition="[Control.IsVisible(8000) + Skin.HasSetting(Disable.WidgetPressUp)] | [Control.HasFocus(8000) + !Skin.HasSetting(Disable.WidgetPressUp)]">Conditional</animation>
				<animation effect="fade" start="100" end="0" time="300" reversible="false" condition="[!Control.IsVisible(8000) + Skin.HasSetting(Disable.WidgetPressUp)] | [!Control.HasFocus(8000) + !Skin.HasSetting(Disable.WidgetPressUp)] | [Control.HasFocus(9000) + !Skin.HasSetting(Disable.WidgetPressUp)]">Conditional</animation>
				<animation effect="fade" start="100" end="0" time="300" condition="[[!Control.IsVisible(8000) + Skin.HasSetting(Disable.WidgetPressUp)] | [!Control.HasFocus(8000) + !Skin.HasSetting(Disable.WidgetPressUp)] | Container(8000).IsUpdating | Container(9000).OnNext | Container(9000).OnPrevious] + Skin.HasSetting(Enable.HomeTopMenu)">Conditional</animation>
				<animation effect="fade" tween="cubic" time="600" delay="500" start="0" end="100" reversible="false">WindowOpen</animation>
				<animation effect="fade" tween="cubic" time="300" start="100" end="0" reversible="false">WindowClose</animation>
				<animation effect="fade" tween="cubic" time="600" delay="500" start="0" end="100" reversible="false">Visible</animation>
				<animation effect="fade" tween="cubic" time="300" start="100" end="0" reversible="false">Hidden</animation>
				<include condition="Skin.HasSetting(HorizontalListNav)">WidgetListFixed</include>
				<include condition="!Skin.HasSetting(HorizontalListNav)">WidgetListWrapped</include>
				<control type="group">
					<animation effect="slide" time="0" start="0,0" end="0,195" condition="Skin.HasSetting(Enable.HomeTopMenu)">Conditional</animation>
					<animation effect="slide" time="0" tween="" easing="" start="0" end="160" condition="Skin.HasSetting(Enable.BasicWeatherView)">Conditional</animation>
					<include name="WeatherWidgetCommons">
						<param name="WeatherPositionLeft" value="0" />
						<param name="WeatherPositionTop" value="480" />
						<param name="WeatherPanelWidth" value="1920" />
						<param name="WeatherPanelHeight" value="335" />
						<param name="WeatherItemWidth" value="320" />
						<param name="WeatherOrientation" value="Horizontal" />
						<param name="WeatherOnUp" value="9000" />
						<param name="WeatherOnDown" value="9000" />
						<param name="WeatherOnLeft" value="8000" />
						<param name="WeatherOnRight" value="8000" />
					</include>
				</control>
				<control type="group">
					<animation effect="slide" time="0" start="0,0" end="0,190" condition="Skin.HasSetting(Enable.HomeTopMenu)">Conditional</animation>
					<control type="label">
						<animation effect="fade" time="300" tween="cubic" condition="[Control.IsVisible(8000) + Skin.HasSetting(Disable.WidgetPressUp)] | [Control.HasFocus(8000) + !Skin.HasSetting(Disable.WidgetPressUp)]" start="0" end="100">Visible</animation>
						<animation effect="fade" time="0" condition="[Control.IsVisible(8000) + Skin.HasSetting(Disable.WidgetPressUp)] | [Control.HasFocus(8000) + !Skin.HasSetting(Disable.WidgetPressUp)]" start="100" end="0">Hidden</animation>
						<animation effect="slide" time="200" tween="sine" easing="inout" end="0,700" start="0">WindowClose</animation>
						<left>950</left>
						<top>454</top>
						<width>920</width>
						<height>40</height>
						<font>font15_title</font>
						<align>right</align>
						<textcolor>$VAR[ColorTextVar]</textcolor>
						<label>$INFO[Container(9000).ListItem.Property(widgetName)]</label>
						<visible>!Container(8000).IsUpdating + !Container(9000).OnNext + !Container(9000).OnPrevious + !StringCompare(Container(9000).ListItem.Property(widgetName),weather)</visible>
					</control>
					<control type="group">
						<visible>Container(8000).IsUpdating</visible>
						<top>616</top>
						<left>912</left>
						<control type="image">
							<description>Busy animation</description>
							<width>96</width>
							<height>96</height>
							<texture>android/spinner_48_inner_holo.png</texture>
							<aspectratio>keep</aspectratio>
							<animation effect="rotate" start="0" end="360" center="auto" time="2000" loop="true" condition="true">conditional</animation>
						</control>
						<control type="image">
							<description>Busy animation</description>
							<width>96</width>
							<height>96</height>
							<texture>android/spinner_48_outer_holo.png</texture>
							<aspectratio>keep</aspectratio>
							<animation effect="rotate" start="360" end="0" center="auto" time="2000" loop="true" condition="true">conditional</animation>
						</control>
					</control>
					<control type="group">
						<visible>Control.HasFocus(8000) + !Container(8000).OnNext + !Container(8000).OnPrevious + !StringCompare(Container(9000).ListItem.Property(widget),weather)</visible>
						<animation effect="fade" start="0" end="100" delay="800" time="250" reversible="false">Visible</animation>
						<animation effect="slide" time="200" tween="sine" easing="inout" end="0,700" start="0">WindowClose</animation>
						<control type="group">
							<visible>!StringCompare(Container(9000).ListItem.Property(widgetIcon),$LOCALIZE[31313]) + !StringCompare(Container(9000).ListItem.Property(widgetIcon),$LOCALIZE[31100])</visible>
							<top>825</top>
							<left>349</left>
							<control type="label">
								<width>1551</width>
								<height>50</height>
								<font>font16_title</font>
								<textcolor>$VAR[ColorTextVar]</textcolor>
								<label>$VAR[widgetLine1] $VAR[widgetLine2]</label>
							</control>
						</control>
						<control type="group">
							<visible>StringCompare(Container(9000).ListItem.Property(widgetIcon),$LOCALIZE[31313])</visible>
							<top>825</top>
							<left>527</left>
							<control type="label">
								<width>1373</width>
								<height>50</height>
								<font>font16_title</font>
								<textcolor>$VAR[ColorTextVar]</textcolor>
								<label>$VAR[widgetLine1] $VAR[widgetLine2]</label>
							</control>
						</control>
						<control type="group">
							<visible>StringCompare(Container(9000).ListItem.Property(widgetIcon),$LOCALIZE[31100])</visible>
							<top>825</top>
							<left>782</left>
							<control type="label">
								<width>1118</width>
								<height>50</height>
								<font>font16_title</font>
								<textcolor>$VAR[ColorTextVar]</textcolor>
								<label>$VAR[widgetLine1] $VAR[widgetLine2]</label>
							</control>
						</control>
					</control>
				</control>
			</control>
		</control>
	</include>
	<include name="HomePanelWidgets">
		<control type="group" id="9003">
			<visible>!IsEmpty(Container(9000).ListItem.Property(widgetPath)) | StringCompare(Container(9000).ListItem.Property(widget),weather)</visible>
			<control type="group">
				<animation effect="slide" start="0" end="-700" time="300" reversible="false" easing="out" condition="[Control.IsVisible(8000) + Skin.HasSetting(Disable.WidgetPressUp)] | [Control.HasFocus(8000) + !Skin.HasSetting(Disable.WidgetPressUp)]">Conditional</animation>
				<animation effect="slide" end="0" start="-700" time="300" reversible="false" condition="[!Control.IsVisible(8000) + Skin.HasSetting(Disable.WidgetPressUp)] | [!Control.HasFocus(8000) + !Skin.HasSetting(Disable.WidgetPressUp)]">Conditional</animation>
				<animation effect="slide" tween="cubic" easing="out" time="300" start="0" end="-700" reversible="false">WindowOpen</animation>
				<animation effect="slide" tween="cubic" easing="out" time="300" start="-700" end="0" reversible="false">WindowClose</animation>
				<animation effect="slide" tween="cubic" easing="out" time="300" start="0" end="700" reversible="false" condition="Window.IsVisible(favourites) | Window.IsVisible(script-globalsearch-main.xml) | Window.IsVisible(main.xml) | Window.IsVisible(BigScreenList.xml)">Conditional</animation>
				<animation effect="slide" tween="cubic" easing="out" time="300" start="700" end="0" reversible="false" condition="![Window.IsVisible(favourites) | Window.IsVisible(script-globalsearch-main.xml) | Window.IsVisible(main.xml) | Window.IsVisible(BigScreenList.xml)]">Conditional</animation>
				<control type="image">
					<top>217</top>
					<left>2650</left>
					<width>770</width>
					<height>815</height>
					<texture border="12">dialog_context.png</texture>
					<colordiffuse>$VAR[ColorDialogVar]</colordiffuse>
				</control>
				<control type="group">
					<visible>Container(8000).IsUpdating</visible>
					<top>554</top>
					<left>2942</left>
					<control type="image">
						<description>Busy animation</description>
						<width>96</width>
						<height>96</height>
						<texture>android/spinner_48_inner_holo.png</texture>
						<aspectratio>keep</aspectratio>
						<animation effect="rotate" start="0" end="360" center="auto" time="2000" loop="true" condition="true">conditional</animation>
					</control>
					<control type="image">
						<description>Busy animation</description>
						<width>96</width>
						<height>96</height>
						<texture>android/spinner_48_outer_holo.png</texture>
						<aspectratio>keep</aspectratio>
						<animation effect="rotate" start="360" end="0" center="auto" time="2000" loop="true" condition="true">conditional</animation>
					</control>
				</control>
				<include>WidgetPanelContent</include>
				<control type="image">
		        	<visible>StringCompare(Container(9000).ListItem.Property(widget),weather) + Skin.HasSetting(Enable.HomeVerticalMenu) + Control.HasFocus(8000)</visible>
		            <left>2691</left>
		            <top>260</top>
		            <width>300</width>
		            <height>360</height>
		            <animation effect="fade" time="320" delay="200">Visible</animation>
		            <animation effect="fade" time="200">Hidden</animation>
		            <texture colordiffuse="$VAR[ColorHighlightVar]">listselect_fo.png</texture>
		            <animation effect="slide" end="300,0" time="300" tween="cubic" easing="inout" condition="Container(8000).Column(1)">Conditional</animation>
		            <animation effect="slide" end="0,370" time="300" tween="cubic" easing="inout" condition="Container(8000).Row(1)">Conditional</animation>
		        </control>
				<control type="group">
					<animation effect="fade" start="100" end="0" time="0" condition="[!Control.IsVisible(8000) + Skin.HasSetting(Disable.WidgetPressUp)] | [!Control.HasFocus(8000) + !Skin.HasSetting(Disable.WidgetPressUp)]">Conditional</animation>
					<include name="WeatherWidgetCommons">
						<param name="WeatherPositionLeft" value="2690" />
						<param name="WeatherPositionTop" value="255" />
						<param name="WeatherPanelWidth" value="608" />
						<param name="WeatherPanelHeight" value="740" />
						<param name="WeatherItemWidth" value="304" />
						<param name="WeatherOrientation" value="Vertical" />
						<param name="WeatherOnUp" value="8000" />
						<param name="WeatherOnDown" value="8000" />
						<param name="WeatherOnLeft" value="8000" />
						<param name="WeatherOnRight" value="9000" />
					</include>
				</control>
				<control type="group">
					<visible>!StringCompare(Container(9000).ListItem.Property(widget),weather)</visible>
					<control type="label">
						<left>2680</left>
						<top>244</top>
						<width>621</width>
						<height>40</height>
						<font>font15_title</font>
						<align>center</align>
						<textcolor>$VAR[ColorTextVar]</textcolor>
						<label>$INFO[Container(9000).ListItem.Property(widgetName)]</label>
					</control>
					<control type="group">
						<top>917</top>
						<left>2680</left>
						<control type="label">
							<width>621</width>
							<height>45</height>
							<font>font16_title</font>
							<scroll>true</scroll>
							<textcolor>$VAR[ColorTextVar]</textcolor>
							<label>$VAR[widgetLine1]</label>
						</control>
						<control type="label">
							<top>45</top>
							<width>621</width>
							<height>45</height>
							<font>font15</font>
							<textcolor>$VAR[ColorTextVar]</textcolor>
							<label>$VAR[widgetLine3]</label>
						</control>
					</control>
				</control>
			</control>
		</control>
	</include>
	<include name="NowPlayingVideoWidget">
		<!-- Video Info -->
		<control type="group">
			<visible>Player.HasVideo + !Window.IsVisible(extendedprogressdialog)</visible>
			<include>Animation_DialogPopup</include>
			<animation effect="slide" time="0" tween="" easing="" start="0,0" end="0,77" condition="Skin.HasSetting(Enable.HomeTopMenu)">Conditional</animation>
			<animation effect="slide" time="0" tween="" easing="" start="0,0" end="0,-45" condition="Skin.HasSetting(Enable.HomeVerticalMenu)">Conditional</animation>
			<left>1090</left>
			<top>75</top>
			<control type="image">
				<description>background image</description>
				<left>0</left>
				<top>0</top>
				<width>800</width>
				<height>166</height>
				<texture border="12">dialog_context.png</texture>
				<colordiffuse>$VAR[ColorDialogVar]</colordiffuse>
			</control>
			<control type="image">
				<description>avatar</description>
				<left>33</left>
				<top>33</top>
				<width>100</width>
				<height>100</height>
				<aspectratio align="center" aligny="center">keep</aspectratio>
				<texture fallback="DefaultVideoCover.png">$VAR[HomeNowPlayingThumbVar]</texture>
				<visible>VideoPlayer.Content(livetv) | VideoPlayer.Content(musicvideos)</visible>
			</control>
			<control type="image">
				<description>avatar</description>
				<left>33</left>
				<top>33</top>
				<width>67</width>
				<height>100</height>
				<aspectratio align="center" aligny="center">scale</aspectratio>
				<texture fallback="DefaultVideoCover.png">$VAR[HomeNowPlayingThumbVar]</texture>
				<visible>VideoPlayer.Content(movies) | VideoPlayer.Content(episodes)</visible>
			</control>
			<control type="image">
				<description>avatar</description>
				<left>33</left>
				<top>33</top>
				<width>177</width>
				<height>100</height>
				<aspectratio align="center" aligny="center">scale</aspectratio>
				<texture fallback="DefaultVideoCover.png">$VAR[HomeNowPlayingThumbVar]</texture>
				<visible>![VideoPlayer.Content(movies) | VideoPlayer.Content(episodes) | VideoPlayer.Content(livetv) | VideoPlayer.Content(musicvideos)]</visible>
			</control>
			<control type="fadelabel">
				<description>Line 1 Label</description>
				<left>122</left>
				<top>28</top>
				<width>645</width>
				<height>50</height>
				<font>font15_title</font>
				<textcolor>$VAR[ColorHighlightVar]</textcolor>
				<align>left</align>
				<aligny>center</aligny>
				<scrollout>false</scrollout>
				<pauseatend>2000</pauseatend>
				<label>$INFO[Player.Title]</label>
				<visible>VideoPlayer.Content(movies)</visible>
			</control>
			<control type="fadelabel">
				<description>Line 1 Label</description>
				<left>122</left>
				<top>28</top>
				<width>645</width>
				<height>50</height>
				<font>font15_title</font>
				<textcolor>$VAR[ColorHighlightVar]</textcolor>
				<align>left</align>
				<aligny>center</aligny>
				<scrollout>false</scrollout>
				<pauseatend>2000</pauseatend>
				<label>$INFO[VideoPlayer.Season]$INFO[VideoPlayer.Episode,X,. ]$INFO[Player.Title]</label>
				<visible>VideoPlayer.Content(episodes)</visible>
			</control>
			<control type="fadelabel">
				<description>Line 1 Label</description>
				<left>155</left>
				<top>28</top>
				<width>612</width>
				<height>50</height>
				<font>font15_title</font>
				<textcolor>$VAR[ColorHighlightVar]</textcolor>
				<align>left</align>
				<aligny>center</aligny>
				<scrollout>false</scrollout>
				<pauseatend>2000</pauseatend>
				<label>$INFO[Player.Title]</label>
				<visible>VideoPlayer.Content(livetv)</visible>
			</control>
			<control type="fadelabel">
				<description>Line 1 Label</description>
				<left>155</left>
				<top>28</top>
				<width>612</width>
				<height>50</height>
				<font>font15_title</font>
				<textcolor>$VAR[ColorHighlightVar]</textcolor>
				<align>left</align>
				<aligny>center</aligny>
				<scrollout>false</scrollout>
				<pauseatend>2000</pauseatend>
				<label>$INFO[Player.Title]</label>
				<visible>VideoPlayer.Content(musicvideos)</visible>
			</control>
			<control type="label">
				<description>Line 1 Label</description>
				<left>232</left>
				<top>40</top>
				<width>535</width>
				<height>82</height>
				<font>font15_title</font>
				<textcolor>$VAR[ColorHighlightVar]</textcolor>
				<align>left</align>
				<aligny>center</aligny>
				<scrollout>false</scrollout>
				<pauseatend>2000</pauseatend>
				<wrapmultiline>true</wrapmultiline>
				<label>$INFO[Player.Title]</label>
				<visible>![VideoPlayer.Content(movies) | VideoPlayer.Content(episodes) | VideoPlayer.Content(livetv) | VideoPlayer.Content(musicvideos)]</visible>
			</control>
			<control type="fadelabel">
				<description>Line 2 Label</description>
				<left>155</left>
				<top>92</top>
				<width>612</width>
				<height>30</height>
				<font>font15</font>
				<textcolor>$VAR[ColorTextVar]</textcolor>
				<align>left</align>
				<aligny>center</aligny>
				<scrollout>false</scrollout>
				<pauseatend>2000</pauseatend>
				<label>$INFO[VideoPlayer.ChannelNumber,,: ]$INFO[VideoPlayer.ChannelName]</label>
				<visible>VideoPlayer.Content(livetv)</visible>
			</control>
			<control type="fadelabel">
				<description>Line 2 Label</description>
				<left>122</left>
				<top>92</top>
				<width>645</width>
				<height>30</height>
				<font>font15</font>
				<textcolor>$VAR[ColorTextVar]</textcolor>
				<align>left</align>
				<aligny>center</aligny>
				<scrollout>false</scrollout>
				<pauseatend>2000</pauseatend>
				<label>$INFO[VideoPlayer.Premiered,, • ]$INFO[VideoPlayer.TvShowTitle]</label>
				<visible>VideoPlayer.Content(episodes)</visible>
			</control>
			<control type="fadelabel">
				<description>Line 2 Label</description>
				<left>122</left>
				<top>92</top>
				<width>645</width>
				<height>30</height>
				<font>font15</font>
				<textcolor>$VAR[ColorTextVar]</textcolor>
				<align>left</align>
				<aligny>center</aligny>
				<scrollout>false</scrollout>
				<pauseatend>2000</pauseatend>
				<label>$INFO[VideoPlayer.Year]$INFO[VideoPlayer.Genre, • ]</label>
				<visible>VideoPlayer.Content(movies)</visible>
			</control>
			<control type="fadelabel">
				<description>Line 2 Label</description>
				<left>155</left>
				<top>92</top>
				<width>612</width>
				<height>30</height>
				<font>font15</font>
				<textcolor>$VAR[ColorTextVar]</textcolor>
				<align>left</align>
				<aligny>center</aligny>
				<scrollout>false</scrollout>
				<pauseatend>2000</pauseatend>
				<label>$INFO[VideoPlayer.Artist]</label>
				<visible>VideoPlayer.Content(musicvideos)</visible>
			</control>
		</control>
	</include>
	<include name="NowPlayingMusicWidget">
		<!-- Music Info -->
		<control type="group">
			<visible>Player.HasAudio + !Window.IsVisible(extendedprogressdialog)</visible>
			<include>Animation_DialogPopup</include>
			<animation effect="slide" time="0" tween="" easing="" start="0,0" end="0,77" condition="Skin.HasSetting(Enable.HomeTopMenu)">Conditional</animation>
			<animation effect="slide" time="0" tween="" easing="" start="0,0" end="0,-45" condition="Skin.HasSetting(Enable.HomeVerticalMenu)">Conditional</animation>
			<left>1090</left>
			<top>75</top>
			<control type="image">
				<description>background image</description>
				<left>0</left>
				<top>0</top>
				<width>800</width>
				<height>166</height>
				<texture border="12">dialog_context.png</texture>
				<colordiffuse>$VAR[ColorDialogVar]</colordiffuse>
			</control>
			<control type="image">
				<description>avatar</description>
				<left>33</left>
				<top>33</top>
				<width>100</width>
				<height>100</height>
				<aspectratio align="center" aligny="center">scale</aspectratio>
				<texture fallback="DefaultAlbumCover.png">$INFO[Player.Art(thumb)]</texture>
			</control>
			<control type="fadelabel">
				<description>Line 1 Label</description>
				<left>155</left>
				<top>28</top>
				<width>606</width>
				<height>50</height>
				<font>font15_title</font>
				<textcolor>$VAR[ColorHighlightVar]</textcolor>
				<align>left</align>
				<aligny>center</aligny>
				<scrollout>false</scrollout>
				<pauseatend>2000</pauseatend>
				<label>$INFO[MusicPlayer.TrackNumber,,. ]$INFO[Player.Title]</label>
			</control>
			<control type="fadelabel">
				<description>Line 2 Label</description>
				<left>155</left>
				<top>92</top>
				<width>606</width>
				<height>30</height>
				<font>font15</font>
				<textcolor>$VAR[ColorTextVar]</textcolor>
				<align>left</align>
				<aligny>center</aligny>
				<scrollout>false</scrollout>
				<pauseatend>2000</pauseatend>
				<label>$INFO[MusicPlayer.Artist]$INFO[MusicPlayer.Album, • ]</label>
			</control>
		</control>
	</include>
	<include name="RSSFeedWidget">
		<control type="group">
			<animation effect="slide" end="1920,0" time="240">WindowClose</animation>
			<animation effect="slide" start="1920,0" end="0,0" delay="300" time="240" condition="!Window.Previous(startup)">WindowOpen</animation>
			<animation effect="slide" start="1920,0" end="0,0" delay="800" time="480" condition="Window.Previous(startup)">WindowOpen</animation>
			<animation effect="slide" start="1920" end="0" time="240">VisibleChange</animation>
			<animation effect="fade" start="100" end="0" time="200" condition="Control.HasFocus(9010)">Conditional</animation>
			<top>980</top>
			<control type="group">
				<control type="label">
					<left>1880</left>
					<top>44</top>
					<width>60</width>
					<height>41</height>
					<label></label>
					<font>IconSmall</font>
					<textcolor>$VAR[ColorHighlightVar]</textcolor>
				</control>
				<control type="rss">
					<description>RSS feed</description>
					<left>15</left>
					<top>44</top>
					<height>30</height>
					<width>1855</width>
					<font>font13</font>
					<urlset>1</urlset>
					<textcolor>$VAR[ColorHighlightVar]</textcolor>
					<titlecolor>$VAR[ColorHighlightVar]</titlecolor>
					<headlinecolor>$VAR[ColorTextVar]</headlinecolor>
				</control>
			</control>
		</control>
	</include>
</includes>