<?xml version="1.0" encoding="utf-8"?>
<window>
    <defaultcontrol always="true">800</defaultcontrol>
    <coordinates>
        <left>0</left>
        <top>0</top>
        <system>1</system>
    </coordinates>
    <include>dialogeffect</include>
    <controls>
        <control type="group">
            <top>89</top>
            <left>675</left>
            <include name="DialogBackgroundCommons">
                <param name="DialogBackgroundWidth" value="570" />
                <param name="DialogBackgroundHeight" value="902" />
                <param name="DialogHeaderLabel" value="" />
                <param name="DialogHeaderId" value="" />
            </include>
        </control>
        <control type="grouplist" id="800">
            <left>705</left>
            <width>510</width>
            <height>1080</height>
            <align>center</align>
            <onleft>800</onleft>
            <onright>800</onright>
            <onup>800</onup>
            <ondown>800</ondown>
            <orientation>vertical</orientation>
            <control type="button" id="5110">
                <label>$ADDON[script.games.rom.collection.browser 51000]</label>
                <width>510</width>
            </control>
            <control type="button" id="5121">
                <label>$ADDON[script.games.rom.collection.browser 51001]</label>
                <width>510</width>
            </control>
            <control type="button" id="5122">
                <label>$ADDON[script.games.rom.collection.browser 51002]</label>
                <width>510</width>
            </control>
            <control type="button" id="5111">
                <label>$ADDON[script.games.rom.collection.browser 51003]</label>
                <width>510</width>
            </control>
            <control type="button" id="5112">
                <label>$ADDON[script.games.rom.collection.browser 51004]</label>
                <width>510</width>
            </control>
            <control type="button" id="5117">
                <label>$ADDON[script.games.rom.collection.browser 51005]</label>
                <width>510</width>
            </control>
            <control type="button" id="5113">
                <label>$ADDON[script.games.rom.collection.browser 51006]</label>
                <width>510</width>
            </control>
            <control type="button" id="5118">
                <label>$ADDON[script.games.rom.collection.browser 51007]</label>
                <width>510</width>
            </control>
            <control type="button" id="5119">
                <label>$ADDON[script.games.rom.collection.browser 51008]</label>
                <width>510</width>
            </control>
            <control type="button" id="5120">
                <label>$ADDON[script.games.rom.collection.browser 51009]</label>
                <width>510</width>
            </control>
            <control type="button" id="5114">
                <label>$ADDON[script.games.rom.collection.browser 51010]</label>
                <width>510</width>
            </control>
            <control type="button" id="5115">
                <label>$ADDON[script.games.rom.collection.browser 51011]</label>
                <width>510</width>
            </control>
            <control type="button" id="5116">
                <label>$ADDON[script.games.rom.collection.browser 51012]</label>
                <width>510</width>
            </control>
            <control type="button" id="5223">
                <label>$ADDON[script.games.rom.collection.browser 51013]</label>
                <width>510</width>
            </control>
        </control>
    </controls>
</window>