<?xml version="1.0" encoding="UTF-8"?>
<window>
	<defaultcontrol always="true">30</defaultcontrol>
	<allowoverlay>no</allowoverlay>
	<controls>
		<control type="group">
			<include>Animation_DialogPopup</include>
			<control type="image">
				<include>FullscreenDimensions</include>
				<aspectratio align="center">scale</aspectratio>
				<texture background="true">$INFO[Window.Property(actor.ImageFilter)]</texture>
			</control>
			<control type="image">
				<include>FullscreenDimensions</include>
				<texture>background.png</texture>
				<colordiffuse>$VAR[ColorBackgroundVar]</colordiffuse>
			</control>
			<control type="image">
				<top>30</top>
				<left>30</left>
				<width>680</width>
				<height>1020</height>
				<aspectratio align="center" aligny="center">scale</aspectratio>
				<texture background="true">$INFO[Window.Property(actor.thumb)]</texture>
			</control>
			<control type="image">
				<top>-980</top>
				<left>1600</left>
				<width>300</width>
				<aspectratio>keep</aspectratio>
				<texture>addons/tmdb.png</texture>
			</control>
		</control>
		<control type="group">
			<include>Animation_DialogPopup</include>
			<left>740</left>
			<control type="group">
				<top>20</top>
				<width>1042</width>
				<height>854</height>
                <control type="label">
                    <top>-28</top>
                    <left>5</left>
                    <width>810</width>
                    <height>110</height>
                    <aligny>center</aligny>
                    <align>left</align>
                    <font>font30_title</font>
                    <textcolor>$VAR[ColorTextVar]</textcolor>
                    <scroll>true</scroll>
                    <label>[B]$INFO[Window.Property(actor.title)][/B]</label>
                </control>
				<control type="panel" id="300">
					<left>-7</left>
					<top>80</top>
					<width>1166</width>
					<height>408</height>
					<onup>4002</onup>
					<ondown>9000</ondown>
					<orientation>horizontal</orientation>
					<scrolltime tween="quadratic" easing="out">200</scrolltime>
					<itemlayout height="102" width="583">
						<control type="label">
							<top>50</top>
							<width>583</width>
							<height>40</height>
							<font>font15</font>
							<textcolor>$VAR[ColorTextVar]</textcolor>
							<selectedcolor>$VAR[ColorHighlightVar]</selectedcolor>
							<label>$INFO[ListItem.Label]</label>
							<textoffsetx>12</textoffsetx>
						</control>
						<control type="label">
							<top>5</top>
							<width>583</width>
							<height>40</height>
							<font>font15</font>
							<textcolor>$VAR[ColorHighlightVar]</textcolor>
							<selectedcolor>$VAR[ColorHighlightVar]</selectedcolor>
							<label>$INFO[ListItem.Label2]</label>
							<textoffsetx>12</textoffsetx>
						</control>
					</itemlayout>
					<focusedlayout height="102" width="583">
                        <control type="image">
							<top>1</top>
							<width>583</width>
							<height>100</height>
							<texture>listselect_fo.png</texture>
							<visible>Control.HasFocus(300)</visible>
							<include>VisibleFadeEffect</include>
                            <colordiffuse>$VAR[ColorHighlightVar]</colordiffuse>
						</control>
						<control type="label">
							<top>50</top>
							<width>583</width>
							<height>40</height>
							<font>font15</font>
							<textcolor>$VAR[ColorTextVar]</textcolor>
							<selectedcolor>$VAR[ColorHighlightVar]</selectedcolor>
							<label>$INFO[ListItem.Label]</label>
							<textoffsetx>12</textoffsetx>
						</control>
						<control type="label">
							<top>5</top>
							<width>583</width>
							<height>40</height>
							<font>font15</font>
							<textcolor>$VAR[ColorTextVar]</textcolor>
							<selectedcolor>$VAR[ColorHighlightVar]</selectedcolor>
							<label>$INFO[ListItem.Label2]</label>
							<textoffsetx>12</textoffsetx>
						</control>
					</focusedlayout>
					<content>
						<item>
							<label fallback="161">$INFO[Window.Property(actor.AlsoKnownAs)]</label>
							<label2>$ADDON[script.extendedinfo 32016]:</label2>
							<onclick>noop</onclick>
                            <visible>!IsEmpty(Window.Property(actor.AlsoKnownAs))</visible>
						</item>
						<item>
							<label fallback="161">$INFO[Window.Property(actor.Birthday)]</label>
							<label2>$ADDON[script.extendedinfo 32012]:</label2>
							<onclick>noop</onclick>
						</item>
                        <item>
							<label fallback="161">$INFO[Window.Property(actor.Age)]</label>
							<label2>$ADDON[script.extendedinfo 32020]:</label2>
							<onclick>noop</onclick>
                            <visible>IsEmpty(Window.Property(actor.Deathday))</visible>
						</item>
                        <item>
							<label fallback="161">$INFO[Window.Property(actor.Deathday)]</label>
							<label2>$ADDON[script.extendedinfo 32013]:</label2>
							<onclick>noop</onclick>
                            <visible>!IsEmpty(Window.Property(actor.Deathday))</visible>
						</item>
						<item>
							<label fallback="161">$INFO[Window.Property(actor.PlaceOfBirth)]</label>
							<label2>$ADDON[script.extendedinfo 32014]:</label2>
							<onclick>noop</onclick>
						</item>
						<item>
							<label fallback="161">$INFO[Container(150).NumItems]</label>
                            <!--<label fallback="161">$INFO[Window.Property(actor.TotalMovies)]</label>-->
							<label2>$ADDON[script.extendedinfo 32011]:</label2>
							<onclick>noop</onclick>
						</item>
						<item>
							<label fallback="161">$INFO[Window.Property(actor.DBMovies)]</label>
							<label2>$ADDON[script.extendedinfo 32021]:</label2>
							<onclick>noop</onclick>
						</item>
						<item>
							<label fallback="161">$INFO[Window.Property(actor.Homepage)]</label>
							<label2>$ADDON[script.extendedinfo 32017]:</label2>
							<onclick>noop</onclick>
						</item>
					</content>
				</control>
				<control type="textbox" id="800">
					<description>Plot</description>
					<left>5</left>
					<top>570</top>
					<width>1132</width>
					<height>452</height>
					<font>font15_textbox</font>
					<align>left</align>
					<label fallback="161">$INFO[Window.Property(actor.Biography)]</label>
					<textcolor>$VAR[ColorTextVar]</textcolor>
					<pagecontrol>60</pagecontrol>
					<autoscroll time="3000" delay="6000" repeat="6000">Skin.HasSetting(Enable.AutoScroll)</autoscroll>
                    <animation effect="fade" start="0" end="100" time="500" tween="sine" easing="inout">VisibleChange</animation>
					<animation effect="fade" start="100" end="78" time="300" tween="sine" easing="inout" condition="!Control.HasFocus(60)">Conditional</animation>
                    <visible>ControlGroup(9000).HasFocus(30)</visible>
				</control>
				<control type="scrollbar" id="60">
					<left>1164</left>
					<top>570</top>
					<width>14</width>
					<height>490</height>
					<onup>60</onup>
					<ondown>60</ondown>
					<onleft>9000</onleft>
					<onright>9000</onright>
					<orientation>vertical</orientation>
					<visible>Control.IsVisible(800)</visible>
				</control>
				<control type="group">
	                <visible>IntegerGreaterThan(Container(150).NumItems,0)</visible>
	                <animation effect="fade" time="320" delay="300">Visible</animation>
	                <control type="image">
	                	<visible>Control.HasFocus(150)</visible>
	                    <left>-8</left>
	                    <top>550</top>
	                    <width>301</width>
	                    <height>433</height>
	                    <animation effect="fade" time="320" delay="200">Visible</animation>
	                    <animation effect="fade" time="200">Hidden</animation>
	                    <texture colordiffuse="$VAR[ColorHighlightVar]">listselect_fo.png</texture>
	                    <animation effect="slide" end="289,0" time="300" tween="cubic" easing="inout" condition="Container(150).Column(3)">Conditional</animation>
	                    <animation effect="slide" end="289,0" time="300" tween="cubic" easing="inout" condition="Container(150).Column(3) | Container(150).Column(2)">Conditional</animation>
	                    <animation effect="slide" end="289,0" time="300" tween="cubic" easing="inout" condition="Container(150).Column(3) | Container(150).Column(2) | Container(150).Column(1)">Conditional</animation>
	                </control>
	            </control>
                <control type="panel" id="150">
                    <description>Movies roles</description>
                    <left>-2</left>
					<top>556</top>
					<width>1156</width>
					<height>421</height>
                    <onleft>150</onleft>
                    <onright>150</onright>
                    <onup>9000</onup>
                    <ondown>9000</ondown>
                    <orientation>horizontal</orientation>
                    <scrolltime tween="quadratic" easing="out">300</scrolltime>
                    <visible>IntegerGreaterThan(Container(150).NumItems,0) + ControlGroup(9000).HasFocus(32)</visible>
                    <animation effect="fade" start="0" end="100" time="500" tween="sine" easing="inout">VisibleChange</animation>
                    <itemlayout height="421" width="289">
						<control type="image">
							<top>6</top>
							<left>6</left>
							<width>277</width>
                            <height>409</height>
							<aspectratio align="center" aligny="center">scale</aspectratio>
							<texture background="true">$INFO[ListItem.Art(thumb)]</texture>
						</control>
						<control type="image">
							<top>6</top>
							<left>6</left>
							<width>277</width>
                            <height>409</height>
							<texture>thumbs/diffuse.png</texture>
						</control>
						<control type="image">
							<top>6</top>
							<left>243</left>
                            <width>40</width>
                            <height>40</height>
                            <texture>WidgetIndicator.png</texture>						
							<visible>!IsEmpty(ListItem.Property(DBID))</visible>							
                        </control>
						<control type="image">
							<top>365</top>
							<left>6</left>
							<width>277</width>
							<height>50</height>
							<texture>black.png</texture>
							<colordiffuse>bbffffff</colordiffuse>
							<visible>!IsEmpty(ListItem.Property(Character))</visible>
						</control>
						<control type="label">
							<left>16</left>
							<top>363</top>
							<width>257</width>
							<height>45</height>
							<font>font_Actor</font>
							<textcolor>$VAR[ColorTextVar]</textcolor>
							<selectedcolor>$VAR[ColorHighlightVar]</selectedcolor>
							<label>$INFO[ListItem.Property(Character)]</label>
						</control>
					</itemlayout>
					<focusedlayout height="421" width="289">
                        <control type="group">
                        	<include>PanelFocusedItemZoom</include>
                            <control type="image">
                               	<top>6</top>
								<left>6</left>
								<width>277</width>
                            	<height>409</height>
                                <aspectratio align="center" aligny="center">scale</aspectratio>
                                <texture background="true">$INFO[ListItem.Art(thumb)]</texture>
                            </control>
	                        <control type="image">
	                        	<animation center="auto" condition="Control.HasFocus(150)" easing="inout" effect="fade" end="0" start="100" time="300" tween="sine">Focus</animation>
								<animation center="auto" condition="Control.HasFocus(150)" easing="inout" effect="fade" end="100" start="0" time="300" tween="sine">UnFocus</animation>
								<top>6</top>
								<left>6</left>
								<width>277</width>
	                            <height>409</height>
								<texture>thumbs/diffuse.png</texture>
							</control>
							<control type="image">
								<top>6</top>
								<left>243</left>
	                            <width>40</width>
	                            <height>40</height>
	                            <texture>WidgetIndicator.png</texture>						
								<visible>!IsEmpty(ListItem.Property(DBID))</visible>							
	                        </control>
							<control type="image">
								<left>6</left>
								<top>365</top>
								<width>277</width>
								<height>50</height>
								<texture>black.png</texture>
								<colordiffuse>bbffffff</colordiffuse>
								<visible>!IsEmpty(ListItem.Property(Character))</visible>
							</control>
							<control type="label">
								<left>16</left>
								<top>363</top>
								<width>257</width>
								<height>45</height>
								<font>font_Actor</font>
								<textcolor>$VAR[ColorTextVar]</textcolor>
								<selectedcolor>$VAR[ColorHighlightVar]</selectedcolor>
								<label>$INFO[ListItem.Property(Character)]</label>
							</control>
						</control>
					</focusedlayout>
                </control>
                <control type="group">
	                <visible>IntegerGreaterThan(Container(250).NumItems,0)</visible>
	                <animation effect="fade" time="320" delay="300">Visible</animation>
	                <control type="image">
	                	<visible>Control.HasFocus(250)</visible>
	                    <left>-8</left>
	                    <top>550</top>
	                    <width>301</width>
	                    <height>433</height>
	                    <animation effect="fade" time="320" delay="200">Visible</animation>
	                    <animation effect="fade" time="200">Hidden</animation>
	                    <texture colordiffuse="$VAR[ColorHighlightVar]">listselect_fo.png</texture>
	                    <animation effect="slide" end="289,0" time="300" tween="cubic" easing="inout" condition="Container(250).Column(3)">Conditional</animation>
	                    <animation effect="slide" end="289,0" time="300" tween="cubic" easing="inout" condition="Container(250).Column(3) | Container(250).Column(2)">Conditional</animation>
	                    <animation effect="slide" end="289,0" time="300" tween="cubic" easing="inout" condition="Container(250).Column(3) | Container(250).Column(2) | Container(250).Column(1)">Conditional</animation>
	                </control>
	            </control>
                <control type="panel" id="250">
                    <description>TVShow roles</description>
                    <left>-2</left>
					<top>556</top>
					<width>1156</width>
					<height>421</height>
                    <onleft>250</onleft>
                    <onright>250</onright>
                    <onup>9000</onup>
                    <ondown>9000</ondown>
                    <orientation>horizontal</orientation>
                    <scrolltime tween="quadratic" easing="out">300</scrolltime>
                    <visible>IntegerGreaterThan(Container(250).NumItems,0) + ControlGroup(9000).HasFocus(34)</visible>
                    <animation effect="fade" start="0" end="100" time="500" tween="sine" easing="inout">VisibleChange</animation>
                    <itemlayout height="421" width="289">
						<control type="image">
							<top>6</top>
							<left>6</left>
							<width>277</width>
                            <height>409</height>
							<aspectratio align="center" aligny="center">scale</aspectratio>
							<texture background="true">$INFO[ListItem.Art(thumb)]</texture>
						</control>
						<control type="image">
							<top>6</top>
							<left>6</left>
							<width>277</width>
                            <height>409</height>
							<texture>thumbs/diffuse.png</texture>
						</control>
						<control type="image">
							<top>6</top>
							<left>243</left>
                            <width>40</width>
                            <height>40</height>
                            <texture>WidgetIndicator.png</texture>						
							<visible>!IsEmpty(ListItem.Property(DBID))</visible>							
                        </control>
						<control type="image">
							<top>365</top>
							<left>6</left>
							<width>277</width>
							<height>50</height>
							<texture>black.png</texture>
							<colordiffuse>bbffffff</colordiffuse>
							<visible>!IsEmpty(ListItem.Property(Character))</visible>
						</control>
						<control type="label">
							<left>16</left>
							<top>363</top>
							<width>257</width>
							<height>45</height>
							<font>font_Actor</font>
							<textcolor>$VAR[ColorTextVar]</textcolor>
							<selectedcolor>$VAR[ColorHighlightVar]</selectedcolor>
							<label>$INFO[ListItem.Property(Character)]</label>
						</control>
					</itemlayout>
					<focusedlayout height="421" width="289">
                        <control type="group">
                        	<include>PanelFocusedItemZoom</include>
                            <control type="image">
                               	<top>6</top>
								<left>6</left>
								<width>277</width>
                            	<height>409</height>
                                <aspectratio align="center" aligny="center">scale</aspectratio>
                                <texture background="true">$INFO[ListItem.Art(thumb)]</texture>
                            </control>
	                        <control type="image">
	                        	<animation center="auto" condition="Control.HasFocus(250)" easing="inout" effect="fade" end="0" start="100" time="300" tween="sine">Focus</animation>
								<animation center="auto" condition="Control.HasFocus(250)" easing="inout" effect="fade" end="100" start="0" time="300" tween="sine">UnFocus</animation>
								<top>6</top>
								<left>6</left>
								<width>277</width>
	                            <height>409</height>
								<texture>thumbs/diffuse.png</texture>
							</control>
							<control type="image">
								<top>6</top>
								<left>243</left>
	                            <width>40</width>
	                            <height>40</height>
	                            <texture>WidgetIndicator.png</texture>						
								<visible>!IsEmpty(ListItem.Property(DBID))</visible>							
	                        </control>
							<control type="image">
								<left>6</left>
								<top>365</top>
								<width>277</width>
								<height>50</height>
								<texture>black.png</texture>
								<colordiffuse>bbffffff</colordiffuse>
								<visible>!IsEmpty(ListItem.Property(Character))</visible>
							</control>
							<control type="label">
								<left>16</left>
								<top>363</top>
								<width>257</width>
								<height>45</height>
								<font>font_Actor</font>
								<textcolor>$VAR[ColorTextVar]</textcolor>
								<selectedcolor>$VAR[ColorHighlightVar]</selectedcolor>
								<label>$INFO[ListItem.Property(Character)]</label>
							</control>
						</control>
					</focusedlayout>
                </control>
                <control type="group">
	                <visible>IntegerGreaterThan(Container(350).NumItems,0)</visible>
	                <animation effect="fade" time="320" delay="300">Visible</animation>
	                <control type="image">
	                	<visible>Control.HasFocus(350)</visible>
	                    <left>-8</left>
	                    <top>550</top>
	                    <width>590</width>
	                    <height>396</height>
	                    <animation effect="fade" time="320" delay="200">Visible</animation>
	                    <animation effect="fade" time="200">Hidden</animation>
	                    <texture colordiffuse="$VAR[ColorHighlightVar]">listselect_fo.png</texture>
	                    <animation effect="slide" end="578,0" time="300" tween="cubic" easing="inout" condition="Container(350).Column(1)">Conditional</animation>
	                </control>
	            </control>
                <control type="panel" id="350">
                    <description>Youtube Videos</description>
                    <left>-2</left>
					<top>556</top>
					<width>1156</width>
					<height>440</height>
                    <onleft>350</onleft>
                    <onright>350</onright>
                    <onup>9000</onup>
                    <ondown>9000</ondown>
                    <orientation>horizontal</orientation>
                    <scrolltime tween="quadratic" easing="out">300</scrolltime>
                    <visible>IntegerGreaterThan(Container(350).NumItems,0) + ControlGroup(9000).HasFocus(38)</visible>
                    <animation effect="fade" start="0" end="100" time="500" tween="sine" easing="inout">VisibleChange</animation>
                    <itemlayout height="440" width="578">
						<control type="image">
							<top>6</top>
							<left>6</left>
							<width>566</width>
                            <height>372</height>
							<aspectratio>scale</aspectratio>
							<texture background="true">$INFO[ListItem.Art(thumb)]</texture>
						</control>
						<control type="image">
							<top>6</top>
							<left>6</left>
							<width>566</width>
							<height>372</height>
							<texture>thumbs/diffuse.png</texture>
						</control>
                        <control type="image">
                            <top>283</top>
                            <left>6</left>
                            <width>566</width>
                            <height>95</height>
                            <texture>black.png</texture>
                            <colordiffuse>bbffffff</colordiffuse>
							<visible>!IsEmpty(ListItem.Title)</visible>							
                        </control>						
						<control type="textbox">
                            <left>16</left>
                            <top>286</top>
                            <width>546</width>
                            <height>90</height>
                            <align>left</align>
							<font>font_Actor</font>
                            <textcolor>$VAR[ColorTextVar]</textcolor>
							<selectedcolor>$VAR[ColorHighlightVar]</selectedcolor>
							<label>$INFO[ListItem.Label]</label>
						</control>
					</itemlayout>
					<focusedlayout height="440" width="578">
                        <control type="group">
                        	<include>PanelFocusedItemZoom</include>
							<control type="image">
								<top>6</top>
								<left>6</left>
								<width>566</width>
								<height>372</height>
								<aspectratio>scale</aspectratio>
								<texture background="true" fallback="blank.png">$INFO[ListItem.Art(thumb)]</texture>
							</control>
							<control type="image">
								<animation center="auto" condition="Control.HasFocus(350)" easing="inout" effect="fade" end="0" start="100" time="300" tween="sine">Focus</animation>
								<animation center="auto" condition="Control.HasFocus(350)" easing="inout" effect="fade" end="100" start="0" time="300" tween="sine">UnFocus</animation>
								<top>6</top>
								<left>6</left>
								<width>566</width>
								<height>372</height>
								<texture>thumbs/diffuse.png</texture>
							</control>							
	                        <control type="image">
	                            <top>283</top>
								<left>6</left>
	                            <width>566</width>
	                            <height>95</height>
	                            <texture>black.png</texture>
	                            <colordiffuse>bbffffff</colordiffuse>
								<visible>!IsEmpty(ListItem.Title)</visible>							
	                        </control>						
							<control type="textbox">
	                            <left>16</left>
	                            <top>286</top>
	                            <width>546</width>
	                            <height>90</height>
	                            <align>left</align>
								<font>font_Actor</font>
	                            <textcolor>$VAR[ColorTextVar]</textcolor>
								<selectedcolor>$VAR[ColorHighlightVar]</selectedcolor>
								<label>$INFO[ListItem.Label]</label>
								<autoscroll time="3000" delay="4000" repeat="5000">Skin.HasSetting(Enable.AutoScroll)</autoscroll>
							</control>
						</control>
					</focusedlayout>                   
                </control>
                <control type="group">
	                <visible>IntegerGreaterThan(Container(450).NumItems,0)</visible>
	                <animation effect="fade" time="320" delay="300">Visible</animation>
	                <control type="image">
	                	<visible>Control.HasFocus(450)</visible>
	                    <left>-8</left>
	                    <top>550</top>
	                    <width>301</width>
	                    <height>433</height>
	                    <animation effect="fade" time="320" delay="200">Visible</animation>
	                    <animation effect="fade" time="200">Hidden</animation>
	                    <texture colordiffuse="$VAR[ColorHighlightVar]">listselect_fo.png</texture>
	                    <animation effect="slide" end="289,0" time="300" tween="cubic" easing="inout" condition="Container(450).Column(3)">Conditional</animation>
	                    <animation effect="slide" end="289,0" time="300" tween="cubic" easing="inout" condition="Container(450).Column(3) | Container(450).Column(2)">Conditional</animation>
	                    <animation effect="slide" end="289,0" time="300" tween="cubic" easing="inout" condition="Container(450).Column(3) | Container(450).Column(2) | Container(450).Column(1)">Conditional</animation>
	                </control>
	            </control>
                <control type="panel" id="450">
                    <description>Artwork</description>
                    <left>-2</left>
					<top>556</top>
					<width>1156</width>
					<height>421</height>
                    <onleft>450</onleft>
                    <onright>450</onright>
                    <onup>9000</onup>
                    <ondown>9000</ondown>
                    <orientation>horizontal</orientation>
                    <scrolltime tween="quadratic" easing="out">300</scrolltime>
                    <visible>IntegerGreaterThan(Container(450).NumItems,0) + ControlGroup(9000).HasFocus(36) + StringCompare(Control.GetLabel(36),$LOCALIZE[20445])</visible>
                    <animation effect="fade" start="0" end="100" time="500" tween="sine" easing="inout">VisibleChange</animation>
                    <itemlayout height="421" width="289">
						<control type="image">
							<top>6</top>
							<left>6</left>
							<width>277</width>
                            <height>409</height>
							<aspectratio align="center" aligny="center">scale</aspectratio>
							<texture background="true">$INFO[ListItem.Art(thumb)]</texture>
						</control>
						<control type="image">
							<top>6</top>
							<left>6</left>
							<width>277</width>
                            <height>409</height>
							<texture>thumbs/diffuse.png</texture>
						</control>
					</itemlayout>
					<focusedlayout height="421" width="289">
                        <control type="group">
                        	<include>PanelFocusedItemZoom</include>
                            <control type="image">
                               	<top>6</top>
								<left>6</left>
								<width>277</width>
                            	<height>409</height>
                                <aspectratio align="center" aligny="center">scale</aspectratio>
                                <texture background="true" fallback="default_Actor.png">$INFO[ListItem.Art(thumb)]</texture>
                            </control>
	                        <control type="image">
	                        	<animation center="auto" condition="Control.HasFocus(450)" easing="inout" effect="fade" end="0" start="100" time="300" tween="sine">Focus</animation>
								<animation center="auto" condition="Control.HasFocus(450)" easing="inout" effect="fade" end="100" start="0" time="300" tween="sine">UnFocus</animation>
								<top>6</top>
								<left>6</left>
								<width>277</width>
	                            <height>409</height>
								<texture>thumbs/diffuse.png</texture>
							</control>
						</control>
					</focusedlayout>
                </control>
                <control type="group">
	                <visible>IntegerGreaterThan(Container(550).NumItems,0)</visible>
	                <animation effect="fade" time="320" delay="300">Visible</animation>
	                <control type="image">
	                	<visible>Control.HasFocus(550)</visible>
	                    <left>-8</left>
	                    <top>550</top>
	                    <width>301</width>
	                    <height>433</height>
	                    <animation effect="fade" time="320" delay="200">Visible</animation>
	                    <animation effect="fade" time="200">Hidden</animation>
	                    <texture colordiffuse="$VAR[ColorHighlightVar]">listselect_fo.png</texture>
	                    <animation effect="slide" end="289,0" time="300" tween="cubic" easing="inout" condition="Container(550).Column(3)">Conditional</animation>
	                    <animation effect="slide" end="289,0" time="300" tween="cubic" easing="inout" condition="Container(550).Column(3) | Container(550).Column(2)">Conditional</animation>
	                    <animation effect="slide" end="289,0" time="300" tween="cubic" easing="inout" condition="Container(550).Column(3) | Container(550).Column(2) | Container(550).Column(1)">Conditional</animation>
	                </control>
	            </control>
                <control type="panel" id="550">
                    <description>Movie crew member</description>
                    <left>-2</left>
					<top>556</top>
					<width>1156</width>
					<height>435</height>
                    <onleft>550</onleft>
                    <onright>550</onright>
                    <onup>9000</onup>
                    <ondown>9000</ondown>
                    <orientation>horizontal</orientation>
                    <scrolltime tween="quadratic" easing="out">300</scrolltime>
                    <visible>IntegerGreaterThan(Container(550).NumItems,0) + ControlGroup(9000).HasFocus(40)</visible>
                    <animation effect="fade" start="0" end="100" time="500" tween="sine" easing="inout">VisibleChange</animation>
                    <itemlayout height="421" width="289">
						<control type="image">
							<top>6</top>
							<left>6</left>
							<width>277</width>
                            <height>409</height>
							<aspectratio align="center" aligny="center">scale</aspectratio>
							<texture background="true">$INFO[ListItem.Art(thumb)]</texture>
						</control>
						<control type="image">
							<top>6</top>
							<left>6</left>
							<width>277</width>
                            <height>409</height>
							<texture>thumbs/diffuse.png</texture>
						</control>
						<control type="image">
							<top>6</top>
							<left>243</left>
                            <width>40</width>
                            <height>40</height>
                            <texture>WidgetIndicator.png</texture>						
							<visible>!IsEmpty(ListItem.Property(DBID))</visible>							
                        </control>
						<control type="image">
							<top>365</top>
							<left>6</left>
							<width>277</width>
							<height>50</height>
							<texture>black.png</texture>
							<colordiffuse>bbffffff</colordiffuse>
							<visible>!IsEmpty(ListItem.Property(Job))</visible>
						</control>
						<control type="label">
							<left>16</left>
							<top>363</top>
							<width>257</width>
							<height>45</height>
							<font>font_Actor</font>
							<textcolor>$VAR[ColorTextVar]</textcolor>
							<selectedcolor>$VAR[ColorHighlightVar]</selectedcolor>
							<label>$INFO[ListItem.Property(Job)]</label>
						</control>
					</itemlayout>
					<focusedlayout height="421" width="289">
                        <control type="group">
                        	<include>PanelFocusedItemZoom</include>
                            <control type="image">
                               	<top>6</top>
								<left>6</left>
								<width>277</width>
                            	<height>409</height>
                                <aspectratio align="center" aligny="center">scale</aspectratio>
                                <texture background="true">$INFO[ListItem.Art(thumb)]</texture>
                            </control>
	                        <control type="image">
	                        	<animation center="auto" condition="Control.HasFocus(550)" easing="inout" effect="fade" end="0" start="100" time="300" tween="sine">Focus</animation>
								<animation center="auto" condition="Control.HasFocus(550)" easing="inout" effect="fade" end="100" start="0" time="300" tween="sine">UnFocus</animation>
								<top>6</top>
								<left>6</left>
								<width>277</width>
	                            <height>409</height>
								<texture>thumbs/diffuse.png</texture>
							</control>
							<control type="image">
								<top>6</top>
								<left>243</left>
	                            <width>40</width>
	                            <height>40</height>
	                            <texture>WidgetIndicator.png</texture>						
								<visible>!IsEmpty(ListItem.Property(DBID))</visible>							
	                        </control>
							<control type="image">
								<left>6</left>
								<top>365</top>
								<width>277</width>
								<height>50</height>
								<texture>black.png</texture>
								<colordiffuse>bbffffff</colordiffuse>
								<visible>!IsEmpty(ListItem.Property(Job))</visible>
							</control>
							<control type="label">
								<left>16</left>
								<top>363</top>
								<width>257</width>
								<height>45</height>
								<font>font_Actor</font>
								<textcolor>$VAR[ColorTextVar]</textcolor>
								<selectedcolor>$VAR[ColorHighlightVar]</selectedcolor>
								<label>$INFO[ListItem.Property(Job)]</label>
							</control>
						</control>
					</focusedlayout>
                </control>
                <control type="group">
	                <visible>IntegerGreaterThan(Container(650).NumItems,0)</visible>
	                <animation effect="fade" time="320" delay="300">Visible</animation>
	                <control type="image">
	                	<visible>Control.HasFocus(650)</visible>
	                    <left>-8</left>
	                    <top>550</top>
	                    <width>301</width>
	                    <height>433</height>
	                    <animation effect="fade" time="320" delay="200">Visible</animation>
	                    <animation effect="fade" time="200">Hidden</animation>
	                    <texture colordiffuse="$VAR[ColorHighlightVar]">listselect_fo.png</texture>
	                    <animation effect="slide" end="289,0" time="300" tween="cubic" easing="inout" condition="Container(650).Column(3)">Conditional</animation>
	                    <animation effect="slide" end="289,0" time="300" tween="cubic" easing="inout" condition="Container(650).Column(3) | Container(650).Column(2)">Conditional</animation>
	                    <animation effect="slide" end="289,0" time="300" tween="cubic" easing="inout" condition="Container(650).Column(3) | Container(650).Column(2) | Container(650).Column(1)">Conditional</animation>
	                </control>
	            </control>
                <control type="panel" id="650">
                    <description>TVShow crew member</description>
                    <left>-2</left>
					<top>556</top>
					<width>1156</width>
					<height>421</height>
                    <onleft>650</onleft>
                    <onright>650</onright>
                    <onup>9000</onup>
                    <ondown>9000</ondown>
                    <orientation>horizontal</orientation>
                    <scrolltime tween="quadratic" easing="out">300</scrolltime>
                    <visible>IntegerGreaterThan(Container(650).NumItems,0) + ControlGroup(9000).HasFocus(42)</visible>
                    <animation effect="fade" start="0" end="100" time="500" tween="sine" easing="inout">VisibleChange</animation>
                    <itemlayout height="421" width="289">
						<control type="image">
							<top>6</top>
							<left>6</left>
							<width>277</width>
                            <height>409</height>
							<aspectratio align="center" aligny="center">scale</aspectratio>
							<texture background="true">$INFO[ListItem.Art(thumb)]</texture>
						</control>
						<control type="image">
							<top>6</top>
							<left>6</left>
							<width>277</width>
                            <height>409</height>
							<texture>thumbs/diffuse.png</texture>
						</control>
						<control type="image">
							<top>6</top>
							<left>243</left>
                            <width>40</width>
                            <height>40</height>
                            <texture>WidgetIndicator.png</texture>						
							<visible>!IsEmpty(ListItem.Property(DBID))</visible>							
                        </control>
						<control type="image">
							<top>365</top>
							<left>6</left>
							<width>277</width>
							<height>50</height>
							<texture>black.png</texture>
							<colordiffuse>bbffffff</colordiffuse>
							<visible>!IsEmpty(ListItem.Property(Job))</visible>
						</control>
						<control type="label">
							<left>16</left>
							<top>363</top>
							<width>257</width>
							<height>45</height>
							<font>font_Actor</font>
							<textcolor>$VAR[ColorTextVar]</textcolor>
							<selectedcolor>$VAR[ColorHighlightVar]</selectedcolor>
							<label>$INFO[ListItem.Property(Job)]</label>
						</control>
					</itemlayout>
					<focusedlayout height="421" width="289">
                        <control type="group">
                        	<include>PanelFocusedItemZoom</include>
                            <control type="image">
                               	<top>6</top>
								<left>6</left>
								<width>277</width>
                            	<height>409</height>
                                <aspectratio align="center" aligny="center">scale</aspectratio>
                                <texture background="true">$INFO[ListItem.Art(thumb)]</texture>
                            </control>
	                        <control type="image">
	                        	<animation center="auto" condition="Control.HasFocus(650)" easing="inout" effect="fade" end="0" start="100" time="300" tween="sine">Focus</animation>
								<animation center="auto" condition="Control.HasFocus(650)" easing="inout" effect="fade" end="100" start="0" time="300" tween="sine">UnFocus</animation>
								<top>6</top>
								<left>6</left>
								<width>277</width>
	                            <height>409</height>
								<texture>thumbs/diffuse.png</texture>
							</control>
							<control type="image">
								<top>6</top>
								<left>243</left>
	                            <width>40</width>
	                            <height>40</height>
	                            <texture>WidgetIndicator.png</texture>						
								<visible>!IsEmpty(ListItem.Property(DBID))</visible>							
	                        </control>
							<control type="image">
								<left>6</left>
								<top>365</top>
								<width>277</width>
								<height>50</height>
								<texture>black.png</texture>
								<colordiffuse>bbffffff</colordiffuse>
								<visible>!IsEmpty(ListItem.Property(Job))</visible>
							</control>
							<control type="label">
								<left>16</left>
								<top>363</top>
								<width>257</width>
								<height>45</height>
								<font>font_Actor</font>
								<textcolor>$VAR[ColorTextVar]</textcolor>
								<selectedcolor>$VAR[ColorHighlightVar]</selectedcolor>
								<label>$INFO[ListItem.Property(Job)]</label>
							</control>
						</control>
					</focusedlayout>
				</control>
				<control type="group">
	                <visible>IntegerGreaterThan(Container(750).NumItems,0)</visible>
	                <animation effect="fade" time="320" delay="300">Visible</animation>
	                <control type="image">
	                	<visible>Control.HasFocus(750)</visible>
	                    <left>-8</left>
	                    <top>550</top>
	                    <width>590</width>
	                    <height>396</height>
	                    <animation effect="fade" time="320" delay="200">Visible</animation>
	                    <animation effect="fade" time="200">Hidden</animation>
	                    <texture colordiffuse="$VAR[ColorHighlightVar]">listselect_fo.png</texture>
	                    <animation effect="slide" end="578,0" time="300" tween="cubic" easing="inout" condition="Container(750).Column(1)">Conditional</animation>
	                </control>
	            </control>
                <control type="panel" id="750">
                    <description>Fanart</description>
                    <left>-2</left>
					<top>556</top>
					<width>1156</width>
					<height>440</height>
                    <onleft>750</onleft>
                    <onright>750</onright>
                    <onup>9000</onup>
                    <ondown>9000</ondown>
                    <orientation>horizontal</orientation>
                    <scrolltime tween="quadratic" easing="out">300</scrolltime>
                    <visible>IntegerGreaterThan(Container(750).NumItems,0) + ControlGroup(9000).HasFocus(36) + StringCompare(Control.GetLabel(36),$LOCALIZE[31016])</visible>
                    <animation effect="fade" start="0" end="100" time="500" tween="sine" easing="inout">VisibleChange</animation>
                    <itemlayout height="440" width="578">
						<control type="image">
							<top>6</top>
							<left>6</left>
							<width>566</width>
                            <height>372</height>
							<aspectratio>scale</aspectratio>
							<texture background="true">$INFO[ListItem.Art(thumb)]</texture>
						</control>
						<control type="image">
							<top>6</top>
							<left>6</left>
							<width>566</width>
							<height>372</height>
							<texture>thumbs/diffuse.png</texture>
						</control>
						<control type="image">
							<left>6</left>
                            <top>328</top>
                            <width>566</width>
                            <height>50</height>
                            <texture>black.png</texture>
                            <colordiffuse>bbffffff</colordiffuse>
							<visible>!IsEmpty(ListItem.Title)</visible>							
                        </control>
						<control type="label">
                            <left>16</left>
                            <top>330</top>
                            <width>546</width>
                            <height>45</height>
                            <align>left</align>
							<textcolor>$VAR[ColorTextVar]</textcolor>
							<font>font_Actor</font>
							<label>$INFO[ListItem.Title]</label>
						</control>
					</itemlayout>
					<focusedlayout height="440" width="578">
                        <control type="group">
                        	<include>PanelFocusedItemZoom</include>
							<control type="image">
								<top>6</top>
								<left>6</left>
								<width>566</width>
								<height>372</height>
								<aspectratio>scale</aspectratio>
								<texture background="true" fallback="blank.png">$INFO[ListItem.Art(thumb)]</texture>
							</control>
							<control type="image">
								<animation center="auto" condition="Control.HasFocus(1350)" easing="inout" effect="fade" end="0" start="100" time="300" tween="sine">Focus</animation>
								<animation center="auto" condition="Control.HasFocus(1350)" easing="inout" effect="fade" end="100" start="0" time="300" tween="sine">UnFocus</animation>
								<top>6</top>
								<left>6</left>
								<width>566</width>
								<height>372</height>
								<texture>thumbs/diffuse.png</texture>
							</control>
							<control type="image">
								<left>6</left>
	                            <top>328</top>
	                            <width>566</width>
	                            <height>50</height>
	                            <texture>black.png</texture>
	                            <colordiffuse>bbffffff</colordiffuse>
								<visible>!IsEmpty(ListItem.Title)</visible>							
	                        </control>
							<control type="label">
	                            <left>16</left>
	                            <top>330</top>
	                            <width>546</width>
	                            <height>45</height>
	                            <align>left</align>
								<textcolor>$VAR[ColorTextVar]</textcolor>
								<font>font_Actor</font>
								<label>$INFO[ListItem.Title]</label>
								<scroll>true</scroll>
							</control>							
						</control>
					</focusedlayout>                   
                </control>
                <!-- Unavailable Fanart/Thumb -->
                <control type="label">
                    <left>-10</left>
                    <top>550</top>
                    <width>1156</width>
                    <height>418</height>
                    <aligny>center</aligny>
                    <align>center</align>
                    <font>font30_title</font>
                    <textcolor>$VAR[ColorTextVar]</textcolor>
                    <label>[B]$LOCALIZE[161][/B]</label>
                    <visible>ControlGroup(9000).HasFocus(36) + [[!IntegerGreaterThan(Container(750).NumItems,0) + StringCompare(Control.GetLabel(36),$LOCALIZE[31016])] | [!IntegerGreaterThan(Container(450).NumItems,0) + StringCompare(Control.GetLabel(36),$LOCALIZE[20445])]]</visible>                    
                    <animation effect="fade" start="0" end="100" time="500" tween="sine" easing="inout">VisibleChange</animation>
                </control>
                <control type="group">
                	<left>863</left>
	                <top>992</top>
	                <!-- Movies Crew - Items/Page -->
	                <control type="label">
	                    <width>300</width>
	                    <height>40</height>
	                    <font>font13_title</font>
	                    <textoffsetx>15</textoffsetx>
	                    <textcolor>$VAR[ColorTextVar]</textcolor>
	                    <align>right</align>
	                    <aligny>top</aligny>
	                    <label>$INFO[Container(150).NumItems,, $LOCALIZE[31025] • ][COLOR $VAR[ColorHighlightVar]]$INFO[Container(150).CurrentPage]$INFO[Container(150).NumPages,/][/COLOR]</label>
	                    <visible>IntegerGreaterThan(Container(150).NumItems,0) + ControlGroup(9000).HasFocus(32)</visible>
	                    <animation effect="fade" start="0" end="100" time="500" tween="sine" easing="inout">VisibleChange</animation>
	                </control>
	                <!-- Movie Crew - Items/Page -->
	                <control type="label">
	                    <width>300</width>
	                    <height>40</height>
	                    <font>font13_title</font>
	                    <textoffsetx>15</textoffsetx>
	                    <textcolor>$VAR[ColorTextVar]</textcolor>
	                    <align>right</align>
	                    <aligny>top</aligny>
	                    <label>$INFO[Container(550).NumItems,, $LOCALIZE[31025] • ][COLOR $VAR[ColorHighlightVar]]$INFO[Container(550).CurrentPage]$INFO[Container(550).NumPages,/][/COLOR]</label>
	                    <visible>IntegerGreaterThan(Container(550).NumItems,0) + ControlGroup(9000).HasFocus(40)</visible>
	                    <animation effect="fade" start="0" end="100" time="500" tween="sine" easing="inout">VisibleChange</animation>
	                </control>
	                <!-- TvShows - Items/Page -->
	                <control type="label">
	                    <width>300</width>
	                    <height>40</height>
	                    <font>font13_title</font>
	                    <textoffsetx>15</textoffsetx>
	                    <textcolor>$VAR[ColorTextVar]</textcolor>
	                    <align>right</align>
	                    <aligny>top</aligny>
	                    <label>$INFO[Container(250).NumItems,, $LOCALIZE[31025] • ][COLOR $VAR[ColorHighlightVar]]$INFO[Container(250).CurrentPage]$INFO[Container(250).NumPages,/][/COLOR]</label>
	                    <visible>IntegerGreaterThan(Container(250).NumItems,0) + ControlGroup(9000).HasFocus(34)</visible>
	                    <animation effect="fade" start="0" end="100" time="500" tween="sine" easing="inout">VisibleChange</animation>
	                </control>
	                <!-- TvShow Crew - Items/Page -->
	                <control type="label">
	                    <width>300</width>
	                    <height>40</height>
	                    <font>font13_title</font>
	                    <textoffsetx>15</textoffsetx>
	                    <textcolor>$VAR[ColorTextVar]</textcolor>
	                    <align>right</align>
	                    <aligny>top</aligny>
	                    <label>$INFO[Container(650).NumItems,, $LOCALIZE[31025] • ][COLOR $VAR[ColorHighlightVar]]$INFO[Container(650).CurrentPage]$INFO[Container(650).NumPages,/][/COLOR]</label>
	                    <visible>IntegerGreaterThan(Container(650).NumItems,0) + ControlGroup(9000).HasFocus(42)</visible>
	                    <animation effect="fade" start="0" end="100" time="500" tween="sine" easing="inout">VisibleChange</animation>
	                </control>
	                <!-- Fanart - Items/Page -->
	                <control type="label">
	                    <width>300</width>
	                    <height>40</height>
	                    <font>font13_title</font>
	                    <textoffsetx>15</textoffsetx>
	                    <textcolor>$VAR[ColorTextVar]</textcolor>
	                    <align>right</align>
	                    <aligny>top</aligny>
	                    <label>$INFO[Container(750).NumItems,, $LOCALIZE[31025] • ][COLOR $VAR[ColorHighlightVar]]$INFO[Container(750).CurrentPage]$INFO[Container(750).NumPages,/][/COLOR]</label>
	                    <visible>IntegerGreaterThan(Container(750).NumItems,0) + ControlGroup(9000).HasFocus(36) + StringCompare(Control.GetLabel(36),$LOCALIZE[31016])</visible>
	                    <animation effect="fade" start="0" end="100" time="500" tween="sine" easing="inout">VisibleChange</animation>
	                </control>
	                <!-- Thumb - Items/Page -->
	                <control type="label">
	                    <width>300</width>
	                    <height>40</height>
	                    <font>font13_title</font>
	                    <textoffsetx>15</textoffsetx>
	                    <textcolor>$VAR[ColorTextVar]</textcolor>
	                    <align>right</align>
	                    <aligny>top</aligny>
	                    <label>$INFO[Container(450).NumItems,, $LOCALIZE[31025] • ][COLOR $VAR[ColorHighlightVar]]$INFO[Container(450).CurrentPage]$INFO[Container(450).NumPages,/][/COLOR]</label>
	                    <visible>IntegerGreaterThan(Container(450).NumItems,0) + ControlGroup(9000).HasFocus(36) + StringCompare(Control.GetLabel(36),$LOCALIZE[20445])</visible>
	                    <animation effect="fade" start="0" end="100" time="500" tween="sine" easing="inout">VisibleChange</animation>
	                </control>
	                <!-- YouTube - Items/Page -->
	                <control type="label">
	                    <width>300</width>
	                    <height>40</height>
	                    <font>font13_title</font>
	                    <textoffsetx>15</textoffsetx>
	                    <textcolor>$VAR[ColorTextVar]</textcolor>
	                    <align>right</align>
	                    <aligny>top</aligny>
	                    <label>$INFO[Container(350).NumItems,, $LOCALIZE[31025] • ][COLOR $VAR[ColorHighlightVar]]$INFO[Container(350).CurrentPage]$INFO[Container(350).NumPages,/][/COLOR]</label>
	                    <visible>IntegerGreaterThan(Container(350).NumItems,0) + ControlGroup(9000).HasFocus(38)</visible>
	                    <animation effect="fade" start="0" end="100" time="500" tween="sine" easing="inout">VisibleChange</animation>
	                </control>
	            </control>
			</control>
            <control type="group">
				<left>0</left>
				<top>0</top>
                <control type="grouplist" id="9000">
                    <left>3</left>
                    <top>510</top>
                    <width>1145</width>
                    <height>60</height>
                    <itemgap>0</itemgap>
                    <onleft>9000</onleft>
                    <onright>9000</onright>
                    <onup>300</onup>
                    <align>left</align>
                    <ondown condition="Control.IsVisible(800)">60</ondown>
                    <ondown condition="Control.IsVisible(150)">150</ondown>
                    <ondown condition="Control.IsVisible(250)">250</ondown>
                    <ondown condition="Control.IsVisible(350)">350</ondown>
                    <ondown condition="Control.IsVisible(450)">450</ondown>
                    <ondown condition="Control.IsVisible(550)">550</ondown>
                    <ondown condition="Control.IsVisible(650)">650</ondown>
                    <ondown condition="Control.IsVisible(750)">750</ondown>
                    <orientation>horizontal</orientation>
                    <control type="togglebutton" id="30">
                        <description>Biography</description>
                        <width>229</width>
                        <include>ButtonInfoDialogsCommonValues</include>
                        <label>21887</label>
                    </control>
                    <control type="button" id="32">
                        <description>Movies</description>
                        <width>229</width>
                        <include>ButtonInfoDialogsCommonValues</include>
                        <label>342</label>
                        <enable>IntegerGreaterThan(Container(150).NumItems,0)</enable>
                    </control>
                    <control type="button" id="34">
                        <description>TvShows</description>
                        <width>229</width>
                        <include>ButtonInfoDialogsCommonValues</include>
                        <label>36903</label>
                        <enable>IntegerGreaterThan(Container(250).NumItems,0)</enable>
                    </control>
                    <control type="togglebutton" id="36">
                        <description>Thumb/Fanart</description>
                        <width>229</width>
                        <include>ButtonInfoDialogsCommonValues</include>
                        <label>20445</label>
                        <altlabel>31016</altlabel>
                        <enable>IntegerGreaterThan(Container(450).NumItems,0) | IntegerGreaterThan(Container(750).NumItems,0)</enable>
                    </control>                    
                    <control type="button" id="38">
						<description>YouTube</description>
                        <width>229</width>
                        <include>ButtonInfoDialogsCommonValues</include>
						<label>31070</label>
                        <enable>IntegerGreaterThan(Container(350).NumItems,0)</enable>
					</control>
                    <control type="button" id="40">
						<description>Movie Crew</description>
                        <width>229</width>
                        <include>ButtonInfoDialogsCommonValues</include>
						<label>$LOCALIZE[20338] $ADDON[script.extendedinfo 32115]</label>
                        <enable>IntegerGreaterThan(Container(550).NumItems,0)</enable>
					</control>
                    <control type="button" id="42">
						<description>Tv Show Crew</description>
                        <width>229</width>
                        <include>ButtonInfoDialogsCommonValues</include>
						<label>$LOCALIZE[20364] $ADDON[script.extendedinfo 32115]</label>
                        <enable>IntegerGreaterThan(Container(650).NumItems,0)</enable>
					</control>
                </control>
            </control>
		</control>
	</controls>
</window>