<?xml version="1.0" encoding="UTF-8"?>
<window>
	<defaultcontrol>3</defaultcontrol>
	<menucontrol>9051</menucontrol>
	<onload>SetProperty(Window.HasSettings,True,home)</onload>
	<onload>ClearProperty(MediaMenu,Home)</onload>
	<onunload>ClearProperty(Window.HasSettings,Home)</onunload>
	<onunload condition="!Skin.HasSetting(Enable.HomeTopMenu) + !Skin.HasSetting(Enable.HomeVerticalMenu)">Skin.SetBool(Enable.HomeDefault)</onunload>
	<allowoverlay>no</allowoverlay>
	<controls>
		<include>CommonBackground</include>
		<control type="group">
			<left>0</left>
			<top>128</top>
			<include>Window_OpenClose_Animation</include>
			<control type="grouplist" id="3">
				<description>button area</description>
				<left>82</left>
				<top>0</top>
				<width>356</width>
				<height>840</height>
				<itemgap>0</itemgap>
				<onleft>SetProperty(MediaMenu,True,home)</onleft>
				<onleft condition="Window.IsActive(videossettings)">SetFocus(9050,0)</onleft>
				<onleft condition="Window.IsActive(musicsettings)">SetFocus(9050,1)</onleft>
				<onleft condition="Window.IsActive(picturessettings)">SetFocus(9050,2)</onleft>
				<onleft condition="Window.IsActive(pvrsettings)">SetFocus(9050,3)</onleft>
				<onleft condition="Window.IsActive(weathersettings)">SetFocus(9050,5)</onleft>
				<onleft condition="Window.IsActive(appearancesettings)">SetFocus(9050,6)</onleft>
				<onleft condition="Window.IsActive(servicesettings)">SetFocus(9050,8)</onleft>
				<onleft condition="Window.IsActive(systemsettings)">SetFocus(9050,9)</onleft>
				<onleft>9050</onleft>
				<onright>5</onright>
				<onup>3</onup>
				<ondown>20</ondown>
			</control>
			<control type="textbox" id="6">
				<description>description area</description>
				<left>552</left>
				<top>742</top>
				<width>1256</width>
				<height>140</height>
				<font>font15_textbox</font>
				<align>left</align>
				<textcolor>$VAR[ColorHighlightVar]</textcolor>
				<autoscroll time="3000" delay="4000" repeat="5000">true</autoscroll>
				<animation effect="fade" start="0" end="100" time="300" tween="sine" easing="inout">Visible</animation>
				<animation effect="fade" start="100" end="0" time="0" tween="sine" easing="inout">Hidden</animation>
				<visible>ControlGroup(5).HasFocus()</visible>
			</control>
			<control type="grouplist" id="5">
				<description>control area</description>
				<left>522</left>
				<top>0</top>
				<width>1316</width>
				<height>720</height>
				<itemgap>0</itemgap>
				<pagecontrol>60</pagecontrol>
				<onleft>3</onleft>
				<onright>60</onright>
				<onup>5</onup>
				<ondown>5</ondown>
			</control>
			<control type="scrollbar" id="60">
				<left>1906</left>
				<top>-83</top>
				<width>14</width>
				<height>1035</height>
				<onleft>5</onleft>
				<onright>3</onright>
				<ondown>60</ondown>
				<onup>60</onup>
			</control>
			<control type="button" id="20">
				<description>Setting level button</description>
				<left>82</left>
				<top>720</top>
				<height>120</height>
				<width>356</width>
				<label>10037</label>
				<textoffsetx>30</textoffsetx>
				<align>right</align>
				<aligny>top</aligny>
				<textoffsety>60</textoffsety>
				<font>font15</font>
				<textcolor>$VAR[ColorHighlightVar]</textcolor>
				<texturenofocus>-</texturenofocus>
				<onleft>3</onleft>
				<onright>3</onright>
				<onup>3</onup>
				<ondown>3</ondown>
				<onclick>SettingsLevelChange</onclick>
			</control>
			<control type="button">
				<description>Setting level button</description>
				<left>82</left>
				<top>720</top>
				<height>120</height>
				<width>356</width>
				<label>$LOCALIZE[31142]</label>
				<textoffsetx>30</textoffsetx>
				<align>right</align>
				<aligny>top</aligny>
				<textoffsety>10</textoffsety>
				<font>font15</font>
				<disabledcolor>$VAR[ColorTextVar]</disabledcolor>
				<texturefocus>-</texturefocus>
				<texturenofocus>-</texturenofocus>
				<enable>no</enable>
				<animation effect="fade" start="100" end="70" time="50" tween="sine" easing="inout" condition="!Control.HasFocus(20)">Conditional</animation>
			</control>
		</control>
		<control type="button" id="10">
			<description>Default Category Button</description>
			<height>90</height>
			<width>356</width>
			<textoffsetx>15</textoffsetx>
			<align>right</align>
			<aligny>center</aligny>
			<font>font15</font>
		</control>
		<control type="button" id="7">
			<description>Default Button</description>
			<left>0</left>
			<top>0</top>
			<width>1136</width>
			<height>90</height>
			<font>font15</font>
			<textoffsetx>30</textoffsetx>
		</control>
		<control type="radiobutton" id="8">
			<description>Default RadioButton</description>
			<left>0</left>
			<top>0</top>
			<width>1316</width>
			<height>90</height>
			<font>font15</font>
			<textoffsetx>30</textoffsetx>
		</control>
		<control type="spincontrolex" id="9">
			<description>Default SpinControlex</description>
			<left>0</left>
			<top>0</top>
			<width>1316</width>
			<height>90</height>
			<font>font15</font>
			<textoffsetx>30</textoffsetx>
			<aligny>center</aligny>
			<reverse>yes</reverse>
		</control>
		<control type="sliderex" id="13">
			<description>Default Slider</description>
			<left>0</left>
			<top>0</top>
			<width>1316</width>
			<height>90</height>
			<font>font15</font>
			<textoffsetx>30</textoffsetx>
		</control>
		<control type="label" id="14">
			<description>Default Label</description>
			<left>0</left>
			<top>0</top>
			<width>1136</width>
			<height>88</height>
			<font>font15</font>
			<align>center</align>
			<textcolor>dialogheader</textcolor>
			<textoffsetx>30</textoffsetx>
		</control>
		<control type="label" id="2">
			<description>Fake Label so we can pass it value down to the one below</description>
			<left>0</left>
			<top>0</top>
			<width>0</width>
			<height>0</height>
			<font>-</font>
			<visible>false</visible>
		</control>
		<include>Topbar</include>
		<include>Bottombar</include>
		<include>SettingsMediaMenu</include>
	</controls>
</window>