<?xml version="1.0" encoding="UTF-8"?>
<includes>
	<!-- Logo -->
	<include name="LandscapeLogoLayout">
		<control type="image">
			<left>0</left>
			<top>0</top>
			<width>1920</width>
			<height>200</height>
			<aspectratio align="center" aligny="center">keep</aspectratio>
			<texture background="true">$INFO[ListItem.Art(clearlogo)]</texture>
		</control>
		<control type="group">
			<visible>IsEmpty(ListItem.Art(clearlogo))</visible>
			<control type="textbox">
				<left>0</left>
				<top>0</top>
				<width>1920</width>
				<height>200</height>
				<align>center</align>
				<aligny>center</aligny>
				<font>font16</font>
				<label>$VAR[FloorLabelVar]</label>
			</control>
		</control>
	</include>
	<include name="contents510list">
		<left>0</left>
		<top>750</top>
		<width>1920</width>
		<height>200</height>
		<onleft>510</onleft>
		<onright>510</onright>
		<onup>SetProperty(MediaMenu,True,home)</onup>
		<onup>SetFocus(9050)</onup>
		<ondown>60</ondown>
		<pagecontrol>60</pagecontrol>
		<preloaditems>2</preloaditems>
		<focusposition>0</focusposition>
		<viewtype label="Logo">list</viewtype>
		<scrolltime tween="quadratic" easing="out">300</scrolltime>
		<orientation>horizontal</orientation>
		<itemlayout width="1920" height="200">
			<include>LandscapeLogoLayout</include>
		</itemlayout>
		<focusedlayout width="1920" height="200">
			<control type="group">
				<animation effect="zoom" center="auto" start="100" end="150" time="480" tween="back" reversible="false">Focus</animation>
				<animation effect="zoom" center="auto" start="150" end="100" time="160" tween="back" reversible="false">UnFocus</animation>
				<include>LandscapeLogoLayout</include>
			</control>
		</focusedlayout>
	</include>
	<include name="View_510_Logo">
		<control type="group">
			<visible>Control.IsVisible(510) + !Window.IsActive(addoninformation)</visible>
			<include>ViewAnimation</include>
			<control type="fixedlist" id="510">
				<include>contents510list</include>
			</control>
			<control type="scrollbar" id="60">
				<left>0</left>
				<top>1051</top>
				<width>1920</width>
				<height>14</height>
				<onup>510</onup>
				<ondown>510</ondown>
				<orientation>horizontal</orientation>
			</control>
		</control>
	</include>
</includes>