<?xml version="1.0" encoding="UTF-8"?>
<window>
	<defaultcontrol always="true">50</defaultcontrol>
	<menucontrol>9051</menucontrol>
	<allowoverlay>no</allowoverlay>
	<views>50,52,520,57,501</views>
	<onload>SetProperty(Window.HasSettings,True,home)</onload>
	<onload>ClearProperty(MediaMenu,Home)</onload>
	<onunload>ClearProperty(Window.HasSettings,Home)</onunload>
	<controls>
		<include>CommonBackground</include>
		<control type="group">
			<include>View_50_List</include>
			<!-- view id = 50 -->
			<include>View_52_Thumbnail</include>
			<!-- view id = 52 -->
			<include>AddonWall</include>
			<!-- view id = 520 -->
			<include>ShiftFixedList</include>
			<!-- view id = 57 -->
			<include>AddonLowList</include>
			<!-- view id = 501 -->
		</control>
		<include>Topbar</include>
		<control type="group">
			<left>-440</left>
			<include>SideBladeLeft</include>
			<control type="grouplist" id="9050">
				<include>MediaMenuTop</include>
				<control type="label" id="201">
					<width>400</width>
					<height>52</height>
					<textoffsetx>15</textoffsetx>
					<font>font13_title</font>
					<label>31026</label>
					<textcolor>$VAR[ColorHighlightVar]</textcolor>
					<aligny>center</aligny>
				</control>
				<control type="button" id="5">
					<description>Addon-updates</description>
					<include>ButtonCommonValues</include>
					<label>24063</label>
				</control>
				<control type="radiobutton" id="6">
					<description>No notifications</description>
					<include>ButtonCommonValues</include>
					<label>25000</label>
				</control>
				<control type="radiobutton" id="7">
					<description>Hide foreign</description>
					<include>ButtonCommonValues</include>
					<label>25001</label>
				</control>
				<control type="radiobutton" id="8">
					<description>Hide foreign</description>
					<include>ButtonCommonValues</include>
					<label>24999</label>
				</control>
				<control type="button" id="9">
					<description>Check for updates</description>
					<include>ButtonCommonValues</include>
					<label>24034</label>
				</control>
				<control type="label" id="10">
					<top></top>
					<width>400</width>
					<height>52</height>
					<textoffsetx>15</textoffsetx>
					<font>font13_title</font>
					<label>31301</label>
					<textcolor>$VAR[ColorHighlightVar]</textcolor>
					<aligny>center</aligny>
				</control>
				<control type="label" id="11">
					<top></top>
					<width>400</width>
					<height>52</height>
					<textoffsetx>15</textoffsetx>
					<font>font13</font>
					<label>$INFO[Window.Property(Updated)]</label>
					<textcolor>$VAR[ColorTextVar]</textcolor>
					<aligny>center</aligny>
				</control>
				<control type="button" id="612">
					<label>31926</label>
					<include>ButtonCommonValues</include>
					<onclick>ClearProperty(MediaMenu,Home)</onclick>
					<onclick condition="Player.HasVideo">ActivateWindow(fullscreenvideo)</onclick>
					<onclick condition="Player.HasAudio">ActivateWindow(visualisation)</onclick>
					<visible>Player.HasMedia</visible>
				</control>
				<control type="button" id="613">
					<description>Go to playlist</description>
					<include>ButtonCommonValues</include>
					<label>13350</label>
					<onclick>ClearProperty(MediaMenu,Home)</onclick>
					<onclick condition="Player.HasAudio">ActivateWindow(musicplaylist)</onclick>
					<onclick condition="Player.HasVideo">ActivateWindow(videoplaylist)</onclick>
					<visible>Player.HasMedia</visible>
				</control>
				<include name="MenuPlayerControls">
					<param name="PlayerControlsOnDown" value="1802" />
				</include>
			</control>
		</control>
	</controls>
</window>