<?xml version="1.0" encoding="UTF-8"?>
<window id="1122" type="dialog">
	<defaultcontrol always="true">90100</defaultcontrol>
	<coordinates>
		<system>1</system>
		<left>614</left>
		<top>240</top>
	</coordinates>
	<include>dialogeffect</include>
	<onunload condition="!IsEmpty(Skin.String(ItemToEdit.MultiFanart))">Skin.SetString($INFO[Window(Home).Property(Mimic.Temp)],$INFO[Skin.String(ItemToEdit.MultiFanart)])</onunload>
	<onunload condition="!IsEmpty(Skin.String(ItemToEdit.BGType))">Skin.SetString($INFO[Window(Home).Property(Mimic.BGType)],$INFO[Skin.String(ItemToEdit.BGType)])</onunload>
	<onunload>ClearProperty(No.Cases,Home)</onunload>
	<controls>
		<include name="DialogBackgroundCommons">
            <param name="DialogBackgroundWidth" value="692" />
            <param name="DialogBackgroundHeight" value="600" />
            <param name="DialogHeaderLabel" value="$LOCALIZE[31027]" />
            <param name="DialogHeaderId" value="1" />
        </include>
		<control type="list" id="90100">
			<left>32</left>
			<top>88</top>
			<width>630</width>
			<height>480</height>
			<onup>90100</onup>
			<ondown>90100</ondown>
			<onleft>90100</onleft>
			<onright>60</onright>
			<pagecontrol>60</pagecontrol>
			<scrolltime tween="quadratic" easing="out">200</scrolltime>
			<itemlayout height="60" width="630">
				<control type="label">
					<width>630</width>
					<height>60</height>
					<textoffsetx>15</textoffsetx>
					<font>font14</font>
					<textcolor>$VAR[ColorTextVar]</textcolor>
					<selectedcolor>$VAR[ColorHighlightVar]</selectedcolor>
					<align>left</align>
					<aligny>center</aligny>
					<label>$INFO[ListItem.Label]</label>
				</control>
			</itemlayout>
			<focusedlayout height="60" width="630">
				<control type="image">
					<width>629</width>
					<height>60</height>
					<texture border="5">listselect_fo.png</texture>
					<colordiffuse>$VAR[ColorHighlightVar]</colordiffuse>
					<visible>Control.HasFocus(90100)</visible>
					<include>VisibleFadeEffect</include>
				</control>
				<control type="label">
					<width>630</width>
					<height>60</height>
					<textoffsetx>15</textoffsetx>
					<font>font14</font>
					<textcolor>$VAR[ColorTextVar]</textcolor>
					<selectedcolor>$VAR[ColorHighlightVar]</selectedcolor>
					<scroll>true</scroll>
					<align>left</align>
					<aligny>center</aligny>
					<label>$INFO[ListItem.Label]</label>
				</control>
			</focusedlayout>
			<content>
				<item>
					<label>$LOCALIZE[10035]</label>
					<onclick>Skin.Reset(ItemToEdit.MultiFanart)</onclick>
					<onclick>Skin.Reset(ItemToEdit.BGType)</onclick>
					<onclick>Skin.SetString($INFO[Window(Home).Property(Mimic.Temp)],$INFO[Skin.String(ItemToEdit.MultiFanart)])</onclick>
					<onclick>Skin.SetString($INFO[Window(Home).Property(Mimic.BGType)],$INFO[Skin.String(ItemToEdit.BGType)])</onclick>
					<onclick>Dialog.Close(1122)</onclick>
				</item>
				<item>
					<label>$LOCALIZE[31023]</label>
					<onclick>Skin.SetString(ItemToEdit.BGType,1)</onclick>
					<onclick>Skin.SetImage(ItemToEdit.MultiFanart)</onclick>
					<onclick>Dialog.Close(1122)</onclick>
				</item>
				<item>
					<label>$LOCALIZE[31022]</label>
					<onclick>Skin.SetString(ItemToEdit.BGType,2)</onclick>
					<onclick>Skin.SetPath(ItemToEdit.MultiFanart)</onclick>
					<onclick>Dialog.Close(1122)</onclick>
				</item>
				<item>
					<label>$LOCALIZE[31062]</label>
					<onclick>Skin.SetString(ItemToEdit.BGType,3)</onclick>
					<onclick>Skin.SetString(ItemToEdit.MultiFanart,1)</onclick>
					<onclick>Dialog.Close(1122)</onclick>
					<visible>System.HasAddon(script.grab.fanart)</visible>
				</item>
				<item>
					<label>$LOCALIZE[31063]</label>
					<onclick>Skin.SetString(ItemToEdit.BGType,3)</onclick>
					<onclick>Skin.SetString(ItemToEdit.MultiFanart,2)</onclick>
					<onclick>Dialog.Close(1122)</onclick>
					<visible>System.HasAddon(script.grab.fanart)</visible>
				</item>
				<item>
					<label>$LOCALIZE[31064]</label>
					<onclick>Skin.SetString(ItemToEdit.BGType,3)</onclick>
					<onclick>Skin.SetString(ItemToEdit.MultiFanart,3)</onclick>
					<onclick>Dialog.Close(1122)</onclick>
					<visible>System.HasAddon(script.grab.fanart)</visible>
				</item>
				<item>
					<label>$LOCALIZE[31065]</label>
					<onclick>Skin.SetString(ItemToEdit.BGType,3)</onclick>
					<onclick>Skin.SetString(ItemToEdit.MultiFanart,4)</onclick>
					<onclick>Dialog.Close(1122)</onclick>
					<visible>System.HasAddon(script.grab.fanart)</visible>
				</item>
				<item>
					<label>$LOCALIZE[31066]</label>
					<onclick>Skin.SetString(ItemToEdit.BGType,3)</onclick>
					<onclick>Skin.SetString(ItemToEdit.MultiFanart,5)</onclick>
					<onclick>Dialog.Close(1122)</onclick>
					<visible>System.HasAddon(script.grab.fanart)</visible>
				</item>
				<item>
					<label>$LOCALIZE[31028]: $LOCALIZE[31029]</label>
					<onclick>Skin.SetString(ItemToEdit.BGType,4)</onclick>
					<onclick>Skin.SetString(ItemToEdit.MultiFanart,7)</onclick>
					<onclick>Dialog.Close(1122)</onclick>
					<visible>IsEmpty(Window(Home).Property(No.Cases))</visible>
				</item>
				<item>
					<label>$LOCALIZE[31028]: $LOCALIZE[31030]</label>
					<onclick>Skin.SetString(ItemToEdit.BGType,4)</onclick>
					<onclick>Skin.SetString(ItemToEdit.MultiFanart,8)</onclick>
					<onclick>Dialog.Close(1122)</onclick>
					<visible>IsEmpty(Window(Home).Property(No.Cases))</visible>
				</item>
				<item>
					<label>$LOCALIZE[31028]: $LOCALIZE[20012]</label>
					<onclick>Skin.SetString(ItemToEdit.BGType,5)</onclick>
					<onclick>Skin.SetFile(ItemToEdit.MultiFanart,.xsp,special://profile/playlists/video/)</onclick>
					<onclick>Dialog.Close(1122)</onclick>
					<visible>IsEmpty(Window(Home).Property(No.Cases))</visible>
				</item>
				<item>
					<label>$LOCALIZE[31028]: $LOCALIZE[31035]</label>
					<onclick>Skin.SetString(ItemToEdit.BGType,4)</onclick>
					<onclick>Skin.SetString(ItemToEdit.MultiFanart,9)</onclick>
					<onclick>Dialog.Close(1122)</onclick>
					<visible>IsEmpty(Window(Home).Property(No.Cases))</visible>
					<visible>System.HasAddon(service.library.data.provider)</visible>
				</item>
				<item>
					<label>$LOCALIZE[31028]: $LOCALIZE[31036]</label>
					<onclick>Skin.SetString(ItemToEdit.BGType,4)</onclick>
					<onclick>Skin.SetString(ItemToEdit.MultiFanart,10)</onclick>
					<onclick>Dialog.Close(1122)</onclick>
					<visible>IsEmpty(Window(Home).Property(No.Cases))</visible>
					<visible>System.HasAddon(service.library.data.provider)</visible>
				</item>
				<!--<item>
					<label>$LOCALIZE[31084]</label>
					<onclick>Skin.SetString(ItemToEdit.BGType,6)</onclick>
					<onclick>Skin.SetString(ItemToEdit.MultiFanart,6)</onclick>
					<onclick>Dialog.Close(1122)</onclick>
					<visible>!IsEmpty(Skin.String(WeatherFanartDir))</visible>
				</item>-->
				<item>
					<label>$LOCALIZE[20012]</label>
					<onclick>Skin.SetString(ItemToEdit.BGType,7)</onclick>
					<onclick>Skin.SetFile(ItemToEdit.MultiFanart,.xsp,special://profile/playlists/video/)</onclick>
					<onclick>Dialog.Close(1122)</onclick>
					<visible>IsEmpty(Window(Home).Property(No.Cases))</visible>
				</item>
			</content>
		</control>
		<control type="scrollbar" id="60">
			<left>664</left>
			<top>88</top>
			<height>480</height>
			<width>8</width>
			<onleft>90100</onleft>
			<onright>90100</onright>
			<ondown>60</ondown>
			<onup>60</onup>
		</control>
	</controls>
</window>