<?xml version="1.0" encoding="UTF-8"?>
<window>
	<defaultcontrol>300</defaultcontrol>
	<coordinates>
		<system>1</system>
		<left>300</left>
		<top>262</top>
	</coordinates>
	<include>dialogeffect</include>
	<controls>
		<control type="group">
			<animation effect="slide" start="0,0" end="-150,0" time="320" tween="cubic" easing="inout" condition="Window.IsActive(numericinput)">Conditional</animation>
			<include name="DialogBackgroundCommons">
				<param name="DialogBackgroundWidth" value="1320" />
				<param name="DialogBackgroundHeight" value="552" />
				<param name="DialogHeaderLabel" value="-" />
				<param name="DialogHeaderId" value="311" />
			</include>
			<control type="edit" id="312">
				<left>20</left>
				<top>480</top>
				<width>1280</width>
				<height>50</height>
				<align>center</align>
				<font>font15</font>
				<textcolor>$VAR[ColorTextVar]</textcolor>
				<texturefocus>-</texturefocus>
				<texturenofocus>-</texturenofocus>
			</control>
			<control type="group" id="4000">
				<left>35</left>
				<top>80</top>
				<width>1720</width>
				<height>400</height>
				<!-- Row 1 -->
				<control type="grouplist">
					<itemgap>10</itemgap>
					<orientation>horizontal</orientation>
					<control type="button" id="309">
						<description>Layout</description>
						<label>1006</label>
						<onup condition="!Control.IsVisible(5000)">300</onup>
						<onup condition="Control.IsVisible(5000)">5000</onup>
						<ondown>304</ondown>
						<include>Objects_DoubleKeyOff</include>
					</control>
					<control type="button" id="100">
						<left>126</left>
						<onup condition="!Control.IsVisible(5000)">32</onup>
						<onup condition="Control.IsVisible(5000)">5000</onup>
						<ondown>120</ondown>
						<include>Objects_SingleKeyOff</include>
					</control>
					<control type="button" id="101">
						<left>189</left>
						<onup condition="!Control.IsVisible(5000)">32</onup>
						<onup condition="Control.IsVisible(5000)">5000</onup>
						<ondown>121</ondown>
						<include>Objects_SingleKeyOff</include>
					</control>
					<control type="button" id="102">
						<left>252</left>
						<onup condition="!Control.IsVisible(5000)">32</onup>
						<onup condition="Control.IsVisible(5000)">5000</onup>
						<ondown>122</ondown>
						<include>Objects_SingleKeyOff</include>
					</control>
					<control type="button" id="103">
						<left>315</left>
						<onup condition="!Control.IsVisible(5000)">32</onup>
						<onup condition="Control.IsVisible(5000)">5000</onup>
						<ondown>123</ondown>
						<include>Objects_SingleKeyOff</include>
					</control>
					<control type="button" id="104">
						<left>378</left>
						<onup condition="!Control.IsVisible(5000)">32</onup>
						<onup condition="Control.IsVisible(5000)">5000</onup>
						<ondown>124</ondown>
						<include>Objects_SingleKeyOff</include>
					</control>
					<control type="button" id="105">
						<left>441</left>
						<onup condition="!Control.IsVisible(5000)">32</onup>
						<onup condition="Control.IsVisible(5000)">5000</onup>
						<ondown>125</ondown>
						<include>Objects_SingleKeyOff</include>
					</control>
					<control type="button" id="106">
						<left>504</left>
						<onup condition="!Control.IsVisible(5000)">305</onup>
						<onup condition="Control.IsVisible(5000)">5000</onup>
						<ondown>126</ondown>
						<include>Objects_SingleKeyOff</include>
					</control>
					<control type="button" id="107">
						<left>504</left>
						<onup condition="!Control.IsVisible(5000)">305</onup>
						<onup condition="Control.IsVisible(5000)">5000</onup>
						<ondown>127</ondown>
						<include>Objects_SingleKeyOff</include>
					</control>
					<control type="button" id="108">
						<left>504</left>
						<onup condition="!Control.IsVisible(5000)">306</onup>
						<onup condition="Control.IsVisible(5000)">5000</onup>
						<ondown>128</ondown>
						<include>Objects_SingleKeyOff</include>
					</control>
					<control type="button" id="109">
						<left>504</left>
						<onup condition="!Control.IsVisible(5000)">8</onup>
						<onup condition="Control.IsVisible(5000)">5000</onup>
						<ondown>129</ondown>
						<include>Objects_SingleKeyOff</include>
					</control>
					<control type="button" id="110">
						<left>504</left>
						<onup condition="!Control.IsVisible(5000)">8</onup>
						<onup condition="Control.IsVisible(5000)">5000</onup>
						<ondown>130</ondown>
						<include>Objects_SingleKeyOff</include>
					</control>
					<control type="button" id="111">
						<left>504</left>
						<onup condition="!Control.IsVisible(5000)">8</onup>
						<onup condition="Control.IsVisible(5000)">5000</onup>
						<ondown>131</ondown>
						<include>Objects_SingleKeyOff</include>
					</control>
				</control>
				<!-- Row 2 -->
				<control type="grouplist">
					<itemgap>10</itemgap>
					<orientation>horizontal</orientation>
					<top>80</top>
					<control type="togglebutton" id="304">
						<description>Symbols</description>
						<label>@#!*</label>
						<altlabel>[COLOR $VAR[ColorHighlightVar]]@#!*[/COLOR]</altlabel>
						<onup>309</onup>
						<ondown>303</ondown>
						<width>140</width>
						<include>Objects_DoubleKeyOff</include>
					</control>
					<control type="button" id="307">
						<description>IP Adress</description>
						<label>IP</label>
						<onup>309</onup>
						<ondown>303</ondown>
						<width>140</width>
						<include>Objects_DoubleKeyOff</include>
					</control>
					<control type="button" id="120">
						<left>126</left>
						<onup>100</onup>
						<ondown>140</ondown>
						<include>Objects_SingleKeyOff</include>
					</control>
					<control type="button" id="121">
						<left>189</left>
						<onup>101</onup>
						<ondown>141</ondown>
						<include>Objects_SingleKeyOff</include>
					</control>
					<control type="button" id="122">
						<left>252</left>
						<onup>102</onup>
						<ondown>142</ondown>
						<include>Objects_SingleKeyOff</include>
					</control>
					<control type="button" id="123">
						<left>315</left>
						<onup>103</onup>
						<ondown>143</ondown>
						<include>Objects_SingleKeyOff</include>
					</control>
					<control type="button" id="124">
						<left>378</left>
						<onup>104</onup>
						<ondown>144</ondown>
						<include>Objects_SingleKeyOff</include>
					</control>
					<control type="button" id="125">
						<left>441</left>
						<onup>105</onup>
						<ondown>145</ondown>
						<include>Objects_SingleKeyOff</include>
					</control>
					<control type="button" id="126">
						<left>504</left>
						<onup>106</onup>
						<ondown>146</ondown>
						<include>Objects_SingleKeyOff</include>
					</control>
					<control type="button" id="127">
						<left>567</left>
						<onup>107</onup>
						<ondown>147</ondown>
						<include>Objects_SingleKeyOff</include>
					</control>
					<control type="button" id="128">
						<left>630</left>
						<onup>108</onup>
						<ondown>148</ondown>
						<include>Objects_SingleKeyOff</include>
					</control>
					<control type="button" id="129">
						<left>693</left>
						<onup>109</onup>
						<ondown>149</ondown>
						<include>Objects_SingleKeyOff</include>
					</control>
					<control type="button" id="130">
						<left>693</left>
						<onup>110</onup>
						<ondown>150</ondown>
						<include>Objects_SingleKeyOff</include>
					</control>
					<control type="button" id="131">
						<left>693</left>
						<onup>111</onup>
						<ondown>151</ondown>
						<include>Objects_SingleKeyOff</include>
					</control>
				</control>
				<!-- Row 3 -->
				<control type="grouplist">
					<itemgap>10</itemgap>
					<orientation>horizontal</orientation>
					<top>160</top>
					<control type="togglebutton" id="303">
						<description>Caps</description>
						<label>20179</label>
						<altlabel>[COLOR $VAR[ColorHighlightVar]]$LOCALIZE[20179][/COLOR]</altlabel>
						<onup>307</onup>
						<ondown>302</ondown>
						<include>Objects_DoubleKeyOff</include>
					</control>
					<control type="button" id="140">
						<left>126</left>
						<onup>120</onup>
						<ondown>160</ondown>
						<include>Objects_SingleKeyOff</include>
					</control>
					<control type="button" id="141">
						<left>189</left>
						<onup>121</onup>
						<ondown>161</ondown>
						<include>Objects_SingleKeyOff</include>
					</control>
					<control type="button" id="142">
						<left>252</left>
						<onup>122</onup>
						<ondown>162</ondown>
						<include>Objects_SingleKeyOff</include>
					</control>
					<control type="button" id="143">
						<left>315</left>
						<onup>123</onup>
						<ondown>163</ondown>
						<include>Objects_SingleKeyOff</include>
					</control>
					<control type="button" id="144">
						<left>378</left>
						<onup>124</onup>
						<ondown>164</ondown>
						<include>Objects_SingleKeyOff</include>
					</control>
					<control type="button" id="145">
						<left>441</left>
						<onup>125</onup>
						<ondown>165</ondown>
						<include>Objects_SingleKeyOff</include>
					</control>
					<control type="button" id="146">
						<left>504</left>
						<onup>126</onup>
						<ondown>166</ondown>
						<include>Objects_SingleKeyOff</include>
					</control>
					<control type="button" id="147">
						<left>567</left>
						<onup>127</onup>
						<ondown>167</ondown>
						<include>Objects_SingleKeyOff</include>
					</control>
					<control type="button" id="148">
						<left>630</left>
						<onup>128</onup>
						<ondown>168</ondown>
						<include>Objects_SingleKeyOff</include>
					</control>
					<control type="button" id="149">
						<left>693</left>
						<onup>129</onup>
						<ondown>169</ondown>
						<include>Objects_SingleKeyOff</include>
					</control>
					<control type="button" id="150">
						<left>693</left>
						<onup>130</onup>
						<ondown>170</ondown>
						<include>Objects_SingleKeyOff</include>
					</control>
					<control type="button" id="151">
						<left>693</left>
						<onup>131</onup>
						<ondown>171</ondown>
						<include>Objects_SingleKeyOff</include>
					</control>
				</control>
				<!-- Row 4 -->
				<control type="grouplist">
					<itemgap>10</itemgap>
					<orientation>horizontal</orientation>
					<top>240</top>
					<control type="togglebutton" id="302">
						<description>Shift</description>
						<label>$LOCALIZE[20178]</label>
						<altlabel>[COLOR $VAR[ColorHighlightVar]]$LOCALIZE[20178][/COLOR]</altlabel>
						<onup>303</onup>
						<ondown>300</ondown>
						<include>Objects_DoubleKeyOff</include>
					</control>
					<control type="button" id="160">
						<left>126</left>
						<onup>140</onup>
						<ondown>32</ondown>
						<include>Objects_SingleKeyOff</include>
					</control>
					<control type="button" id="161">
						<left>189</left>
						<onup>141</onup>
						<ondown>32</ondown>
						<include>Objects_SingleKeyOff</include>
					</control>
					<control type="button" id="162">
						<left>252</left>
						<onup>142</onup>
						<ondown>32</ondown>
						<include>Objects_SingleKeyOff</include>
					</control>
					<control type="button" id="163">
						<left>315</left>
						<onup>143</onup>
						<ondown>32</ondown>
						<include>Objects_SingleKeyOff</include>
					</control>
					<control type="button" id="164">
						<left>378</left>
						<onup>144</onup>
						<ondown>32</ondown>
						<include>Objects_SingleKeyOff</include>
					</control>
					<control type="button" id="165">
						<left>441</left>
						<onup>145</onup>
						<ondown>32</ondown>
						<include>Objects_SingleKeyOff</include>
					</control>
					<control type="button" id="166">
						<left>504</left>
						<onup>146</onup>
						<ondown>305</ondown>
						<include>Objects_SingleKeyOff</include>
					</control>
					<control type="button" id="167">
						<left>567</left>
						<onup>147</onup>
						<ondown>305</ondown>
						<include>Objects_SingleKeyOff</include>
					</control>
					<control type="button" id="168">
						<left>630</left>
						<onup>148</onup>
						<ondown>306</ondown>
						<include>Objects_SingleKeyOff</include>
					</control>
					<control type="button" id="169">
						<left>630</left>
						<onup>149</onup>
						<ondown>8</ondown>
						<include>Objects_SingleKeyOff</include>
					</control>
					<control type="button" id="170">
						<left>630</left>
						<onup>150</onup>
						<ondown>8</ondown>
						<include>Objects_SingleKeyOff</include>
					</control>
					<control type="button" id="171">
						<left>630</left>
						<onup>151</onup>
						<ondown>8</ondown>
						<include>Objects_SingleKeyOff</include>
					</control>
				</control>
				<!-- Row 5 -->
				<control type="grouplist">
					<itemgap>10</itemgap>
					<orientation>horizontal</orientation>
					<top>320</top>
					<control type="button" id="300">
						<label>$LOCALIZE[20177]</label>
						<onup>302</onup>
						<ondown condition="!Control.IsVisible(5000)">304</ondown>
						<ondown condition="Control.IsVisible(5000)">5000</ondown>
						<include>Objects_DoubleKeyOff</include>
					</control>
					<control type="button" id="32">
						<left>126</left>
						<width>470</width>
						<height>70</height>
						<label>$LOCALIZE[20182]</label>
						<onup>160</onup>
						<ondown condition="!Control.IsVisible(5000)">100</ondown>
						<ondown condition="Control.IsVisible(5000)">5000</ondown>
						<include>Objects_KeyOffVars</include>
					</control>
					<control type="button" id="305">
						<left>504</left>
						<label>&lt;</label>
						<onup>166</onup>
						<ondown condition="!Control.IsVisible(5000)">106</ondown>
						<ondown condition="Control.IsVisible(5000)">5000</ondown>
						<width>110</width>
						<include>Objects_SingleKeyOff</include>
					</control>
					<control type="button" id="306">
						<left>630</left>
						<label>&gt;</label>
						<onup>167</onup>
						<ondown condition="!Control.IsVisible(5000)">107</ondown>
						<ondown condition="Control.IsVisible(5000)">5000</ondown>
						<width>110</width>
						<include>Objects_SingleKeyOff</include>
					</control>
					<control type="button" id="8">
						<description>Backspace</description>
						<left>567</left>
						<width>230</width>
						<height>70</height>
						<label>20181</label>
						<onup>169</onup>
						<ondown condition="!Control.IsVisible(5000)">109</ondown>
						<ondown condition="Control.IsVisible(5000)">5000</ondown>
						<include>Objects_KeyOffVars</include>
					</control>
				</control>
			</control>
			<include condition="System.HasAddon(plugin.program.autocompletion) + !Skin.HasSetting(Disable.AutoComplete) + !System.HasHiddenInput">AutoComplete</include>
			<control type="group">
				<visible>Control.IsVisible(313) + !IsEmpty(Control.GetLabel(313))</visible>
				<top>563</top>
				<control type="group">
					<animation effect="fade" time="300" tween="cubic" start="0" end="100" reversible="false">Visible</animation>
					<animation effect="fade" time="150" tween="cubic" start="100" end="0" reversible="false">Hidden</animation>
					<include name="DialogBackgroundCommons">
						<param name="DialogBackgroundWidth" value="1320" />
						<param name="DialogBackgroundHeight" value="180" />
						<param name="DialogHeaderLabel" value="-" />
						<param name="DialogHeaderId" value="313" />
					</include>
				</control>
				<control type="label" id="314">
					<description>HZLIST label</description>
					<left>35</left>
					<top>98</top>
					<width>1250</width>
					<height>30</height>
					<font>font13</font>
					<align>center</align>
					<aligny>center</aligny>
				</control>
			</control>
		</control>
	</controls>
</window>