<?xml version="1.0" encoding="utf-8"?>
<window>
	<defaultcontrol always="true">9000</defaultcontrol>
	<allowoverlay>no</allowoverlay>
	<onload>RunScript(script.skinshortcuts,type=buildxml&amp;mode=single&amp;mainmenuID=9000)</onload>
	<onunload condition="StringCompare(Skin.String(HomeLayout),3)">RunScript(script.skinshortcuts,type=hidesubmenu&amp;mainmenuID=9000)</onunload>
	<onload>ClearProperty(MediaMenu,Home)</onload>
	<controls>
		<include>CommonBackground</include>
		<include condition="!StringCompare(Skin.String(HomeLayout),2) + !StringCompare(Skin.String(HomeLayout),3)">HomeDefault</include>
		<include condition="StringCompare(Skin.String(HomeLayout),2)">HomeTopMenu</include>
		<include condition="StringCompare(Skin.String(HomeLayout),3)">HomeVerticalMenu</include>
	</controls>
</window>