<?xml version="1.0" encoding="UTF-8"?>
<window>
	<defaultcontrol always="true">50</defaultcontrol>
	<menucontrol>9051</menucontrol>
	<allowoverlay>no</allowoverlay>
	<onload>SetProperty(Window.HasSettings,True,home)</onload>
	<onload>ClearProperty(MediaMenu,Home)</onload>
	<onunload>ClearProperty(Window.HasSettings,Home)</onunload>
	<onunload>ClearProperty(Progams.Games,Home)</onunload>
	<views>50,52,520,57,501</views>
	<controls>
		<include>CommonBackground</include>
		<control type="group">
			<include>View_50_List</include>
			<!-- view id = 50 -->
			<include>View_52_Thumbnail</include>
			<!-- view id = 52 -->
			<include>AddonWall</include>
			<!-- view id = 520 -->
			<include>ShiftFixedList</include>
			<!-- view id = 57 -->
			<include>AddonLowList</include>
			<!-- view id = 501 -->
		</control>
		<include>Topbar</include>
		<control type="group">
			<left>-440</left>
			<include>SideBladeLeft</include>
			<control type="grouplist" id="9050">
				<include>MediaMenuTop</include>
				<control type="edit" id="19">
					<visible>Container.CanFilter + !Container.CanFilterAdvanced</visible>
					<description>Filter</description>
					<textwidth>372</textwidth>
					<include>ButtonCommonValues</include>
					<label>587</label>
				</control>
				<control type="radiobutton" id="20">
					<visible>Container.CanFilterAdvanced</visible>
					<description>Filter</description>
					<include>ButtonCommonValues</include>
					<label>587</label>
					<onclick>right</onclick>
					<onclick>Filter</onclick>
				</control>
				<control type="button" id="612">
					<label>31926</label>
					<include>ButtonCommonValues</include>
					<onclick>ClearProperty(MediaMenu,Home)</onclick>
					<onclick condition="Player.HasVideo">ActivateWindow(fullscreenvideo)</onclick>
					<onclick condition="Player.HasAudio">ActivateWindow(visualisation)</onclick>
					<visible>Player.HasMedia</visible>
				</control>
				<control type="button" id="613">
					<description>Go to playlist</description>
					<include>ButtonCommonValues</include>
					<label>13350</label>
					<onclick>ClearProperty(MediaMenu,Home)</onclick>
					<onclick condition="Player.HasAudio">ActivateWindow(musicplaylist)</onclick>
					<onclick condition="Player.HasVideo">ActivateWindow(videoplaylist)</onclick>
					<visible>Player.HasMedia</visible>
				</control>
				<include name="MenuPlayerControls">
					<param name="PlayerControlsOnDown" value="1802" />
				</include>
			</control>
		</control>
	</controls>
</window>