<?xml version="1.0" encoding="UTF-8"?>
<window>
	<defaultcontrol always="true">50</defaultcontrol>
	<menucontrol>9051</menucontrol>
	<allowoverlay>true</allowoverlay>
	<views>50,52,507,51,53,56,57,59,500,501,502,504,505,509,520,511</views>
	<onload>SetProperty(Window.HasSettings,True,home)</onload>
	<onload>ClearProperty(MediaMenu,Home)</onload>
	<onunload>ClearProperty(Window.HasSettings,Home)</onunload>
	<onload condition="System.HasAddon(script.tv.show.next.aired) + !Skin.HasSetting(Disable.NextAired)">RunScript(script.tv.show.next.aired,backend=True)</onload>
	<controls>
		<control type="fadelabel" id="4410">
	        <scrollspeed>20</scrollspeed>
	        <scrollout>false</scrollout>
            <top>-10000</top>
            <pauseatend>7000</pauseatend>
            <width>1000</width>
            <height>100</height>
            <font>font14</font>
            <textcolor>black</textcolor>
            <label>$INFO[ListItem.Art(extrafanart1)]</label>
            <label>$INFO[ListItem.Art(extrafanart2)]</label>
            <label>$INFO[ListItem.Art(extrafanart3)]</label>
            <label>$INFO[ListItem.Art(extrafanart4)]</label>
        </control>
		<include>CommonBackground</include>
		<control type="group">
			<visible>Control.IsVisible(53) + !Skin.HasSetting(Disable.ShowcaseInfopanel)</visible>
			<top>-30</top>
			<include>ShowCaseInfoPanel</include>
		</control>
		<control type="group">
			<include>View_50_List</include>
			<!-- view id = 50 -->
			<include>View_52_Thumbnail</include>
			<!-- view id = 52 -->
			<include>VideoInfoWall</include>
			<!-- view id = 51 -->
			<include>View_53_ShowCase</include>
			<!-- view id = 53 -->
			<include>Video_56_Posters</include>
			<!-- view id = 56 -->
			<include>ShiftFixedList</include>
			<!-- view id = 57 -->
			<include>View_59_Fanart</include>
			<!-- view id = 59 -->
			<include>VideoWall</include>
			<!-- view id = 500 -->
			<include>AddonWall</include>
			<!-- view id = 520 -->
			<include>VideoLowList</include>
			<!-- view id = 501 -->
			<include>VideoEpisode</include>
			<!-- view id = 502 -->
			<include>View_504_Gallery</include>
			<!-- view id = 504 -->
			<include>View_505_Panel</include>
			<!-- view id = 505 -->
			<include>View_507_BigList</include>
			<!-- view id = 507 -->
			<include>View_509_Wall</include>
			<!-- view id = 509 -->
			<include>View_511_Logo</include>
			<!-- view id = 511 -->
		</control>
		<include>Topbar</include>
		<control type="group">
			<left>-440</left>
			<include>SideBladeLeft</include>
			<control type="grouplist" id="9050">
				<include>MediaMenuTop</include>
				<control type="button" id="201">
					<description>View options</description>
					<textwidth>352</textwidth>
					<font>font13_title</font>
					<include>ButtonCommonValues</include>
					<label>31026</label>
					<enable>no</enable>
					<disabledcolor>$VAR[ColorHighlightVar]</disabledcolor>
				</control>
				<control type="button" id="10">
					<description>Watched Toggle</description>
					<textwidth>255</textwidth>
					<include>ButtonCommonValues</include>
					<label>20367</label>
					<label2>$INFO[Container.NumItems]</label2>
				</control>
				<control type="button" id="8">
					<description>Search</description>
					<include>ButtonCommonValues</include>
					<label>137</label>
					<visible>!System.HasAddon(script.globalsearch)</visible>
				</control>
				<control type="button" id="9">
					<description>Global Search</description>
					<label>137</label>
					<include>ButtonCommonValues</include>
					<visible>System.HasAddon(script.globalsearch)</visible>
					<onclick>RunScript(script.globalsearch)</onclick>
				</control>
				<control type="edit" id="19">
					<visible>Container.CanFilter + !Container.CanFilterAdvanced</visible>
					<description>Filter</description>
					<textwidth>372</textwidth>
					<include>ButtonCommonValues</include>
					<label>587</label>
				</control>
				<control type="radiobutton" id="98">
					<visible>Container.CanFilterAdvanced</visible>
					<description>Filter</description>
					<include>ButtonCommonValues</include>
					<label>587</label>
					<selected>Container.Filtered</selected>
					<onclick>right</onclick>
					<onclick>Filter</onclick>
				</control>
				<!--<control type="radiobutton" id="16">
					<description>PartyMode</description>
					<label>589</label>
					<include>ButtonCommonValues</include>
					<visible>Container.Content(MusicVideos)</visible>
				</control>-->
				<control type="radiobutton" id="11">
					<description>Unlock Shares</description>
					<textwidth>255</textwidth>
					<include>ButtonCommonValues</include>
					<label>20336</label>
					<onclick>mastermode</onclick>
					<selected>system.ismaster</selected>
					<visible>system.haslocks</visible>
				</control>
				<control type="button" id="203">
					<description>View options</description>
					<textwidth>352</textwidth>
					<font>font13_title</font>
					<include>ButtonCommonValues</include>
					<label>31039</label>
					<enable>no</enable>
					<disabledcolor>$VAR[ColorHighlightVar]</disabledcolor>
				</control>
				<control type="togglebutton" id="20">
					<description>Update library</description>
					<include>ButtonCommonValues</include>
					<label>653</label>
					<altlabel>13353</altlabel>
					<usealttexture>library.isscanningvideo</usealttexture>
				</control>
				<control type="button" id="612">
					<label>31926</label>
					<include>ButtonCommonValues</include>
					<onclick>ClearProperty(MediaMenu,Home)</onclick>
					<onclick condition="Player.HasVideo">ActivateWindow(fullscreenvideo)</onclick>
					<onclick condition="Player.HasAudio">ActivateWindow(visualisation)</onclick>
					<visible>Player.HasMedia</visible>
				</control>
				<control type="button" id="613">
					<description>Go to playlist</description>
					<include>ButtonCommonValues</include>
					<label>13350</label>
					<onclick>ClearProperty(MediaMenu,Home)</onclick>
					<onclick condition="Player.HasAudio">ActivateWindow(musicplaylist)</onclick>
					<onclick condition="Player.HasVideo">ActivateWindow(videoplaylist)</onclick>
					<visible>Player.HasMedia</visible>
				</control>
				<include name="MenuPlayerControls">
					<param name="PlayerControlsOnDown" value="1802" />
				</include>
			</control>
		</control>
	</controls>
</window>