<?xml version="1.0" encoding="utf-8"?>
<window id="125">
    <defaultcontrol>91</defaultcontrol>
    <coordinates>
        <system>1</system>
        <left>230</left>
        <top>75</top>
    </coordinates>
    <controls>
        <include name="DialogBackgroundCommons">
            <param name="DialogBackgroundWidth" value="820" />
            <param name="DialogBackgroundHeight" value="570" />
            <param name="DialogHeaderLabel" value="-" />
            <param name="DialogHeaderId" value="80" />
        </include>
        <control type="label" id="81">
            <description>Info 01</description>
            <wrapmultiline>false</wrapmultiline>
            <scroll>false</scroll>
            <label></label>
            <left>20</left>
            <top>510</top>
            <width>450</width>
            <height>20</height>
            <align>left</align>
            <aligny>center</aligny>
            <font>font12</font>
            <textcolor>$VAR[ColorTextVar]</textcolor>
        </control>
        <control type="label" id="82">
            <description>Info 02</description>
            <wrapmultiline>false</wrapmultiline>
            <scroll>false</scroll>
            <label></label>
            <left>20</left>
            <top>530</top>
            <width>450</width>
            <height>20</height>
            <align>left</align>
            <aligny>center</aligny>
            <font>font12</font>
            <textcolor>$VAR[ColorTextVar]</textcolor>
        </control>
        <control type="list" id="10">
            <visible>true</visible>
            <left>20</left>
            <top>50</top>
            <width>850</width>
            <height>440</height>
            <onup>91</onup>
            <onleft>91</onleft>
            <onright>60</onright>
            <ondown>91</ondown>
            <pagecontrol>60</pagecontrol>
            <scrolltime>200</scrolltime>
            <itemlayout height="40">
                <control type="label">
                    <left>4</left>
                    <top>0</top>
                    <width>620</width>
                    <height>40</height>
                    <font>font12_title</font>
                    <align>left</align>
                    <aligny>center</aligny>
                    <textcolor>$VAR[ColorTextVar]</textcolor>
                    <selectedcolor>$VAR[ColorHighlightVar]</selectedcolor>
                    <info>ListItem.label</info>
                </control>
                <control type="label">
                    <left>650</left>
                    <top>0</top>
                    <width>146</width>
                    <height>40</height>
                    <font>font12_title</font>
                    <align>left</align>
                    <aligny>center</aligny>
                    <textcolor>$VAR[ColorTextVar]</textcolor>
                    <selectedcolor>$VAR[ColorHighlightVar]</selectedcolor>
                    <info>ListItem.label2</info>
                </control>
            </itemlayout>
            <focusedlayout height="40">
                <control type="image">
                    <left>0</left>
                    <top>0</top>
                    <width>750</width>
                    <height>40</height>
                    <visible>Control.HasFocus(10)</visible>
                    <texture>listselect_fo.png</texture>
					<colordiffuse>$VAR[ColorHighlightVar]</colordiffuse>
                </control>
                <control type="label">
                    <left>4</left>
                    <top>0</top>
                    <width>620</width>
                    <height>40</height>
                    <font>font12_title</font>
                    <align>left</align>
                    <aligny>center</aligny>
                    <textcolor>$VAR[ColorTextVar]</textcolor>
                    <selectedcolor>$VAR[ColorHighlightVar]</selectedcolor>
                    <info>ListItem.label</info>
                </control>
                <control type="label">
                    <left>650</left>
                    <top>0</top>
                    <width>146</width>
                    <height>40</height>
                    <font>font12_title</font>
                    <align>left</align>
                    <aligny>center</aligny>
                    <textcolor>$VAR[ColorTextVar]</textcolor>
                    <selectedcolor>$VAR[ColorHighlightVar]</selectedcolor>
                    <info>ListItem.label2</info>
                </control>
            </focusedlayout>
        </control>
        <control type="scrollbar" id="60">
            <left>782</left>
            <top>50</top>
            <width>12</width>
            <height>440</height>
            <onleft>10</onleft>
            <onright>91</onright>
            <orientation>vertical</orientation>
        </control>
        <control type="button" id="90">
            <description>Clean</description>
            <label></label>
            <left>476</left>
            <top>510</top>
            <width>150</width>
            <height>40</height>
            <align>center</align>
            <aligny>center</aligny>
            <font>font14_title</font>
            <onup>10</onup>
            <onleft>91</onleft>
            <onright>91</onright>
            <ondown>10</ondown>
        </control>
        <control type="button" id="91">
            <description>Exit</description>
            <label></label>
            <left>645</left>
            <top>510</top>
            <width>150</width>
            <height>40</height>
            <align>center</align>
            <aligny>center</aligny>
            <font>font14_title</font>
            <onup>10</onup>
            <onleft>90</onleft>
            <onright>90</onright>
            <ondown>10</ondown>
        </control>
    </controls>
</window>