<?xml version="1.0" encoding="utf-8"?>
<window>
    <defaultcontrol always="true">500</defaultcontrol>
    <menucontrol>9053</menucontrol>
    <onload>ClearProperty(MediaMenu,Home)</onload>
    <controls>
        <control type="button" id="9053">
            <include>HiddenObject</include>
            <onfocus condition="IsEmpty(Window(Home).Property(MediaMenu))">SetProperty(MediaMenu,True,home)</onfocus>
            <onfocus condition="IsEmpty(Window(Home).Property(MediaMenu))">SetFocus(9000)</onfocus>
            <onfocus condition="!IsEmpty(Window(Home).Property(MediaMenu))">ClearProperty(MediaMenu,Home)</onfocus>
            <onfocus condition="!IsEmpty(Window(Home).Property(MediaMenu))">SetFocus(500)</onfocus>
        </control>
        <control type="group">
            <control type="image">
                <texture>black.png</texture>
                <include>FullscreenDimensions</include>
            </control>
            <control type="image">
                <texture background="true">$INFO[Container(500).ListItem.Thumb]</texture>
                <include>FullscreenDimensions</include>
                <aspectratio aligny="top">scale</aspectratio>  
                <fadetime>300</fadetime>
            </control>
            <control type="image">
                <include>FullscreenDimensions</include>
                <texture>background.png</texture>
                <colordiffuse>$VAR[ColorBackgroundVar]</colordiffuse>
                <fadetime>300</fadetime>
            </control>
        </control>
        <control type="group">
            <top>60</top>
            <include>Animation.Common</include>
            <control type="group">
                <visible>IntegerGreaterThan(Container(500).NumItems,0)</visible>
                <animation effect="fade" time="320" delay="300">Visible</animation>
                <control type="image">
                    <left>80</left>
                    <top>142</top>
                    <width>440</width>
                    <height>380</height>
                    <visible>Control.HasFocus(500)</visible>
                    <animation effect="fade" time="320" delay="200">Visible</animation>
                    <animation effect="fade" time="200">Hidden</animation>
                    <texture colordiffuse="$VAR[ColorHighlightVar]">listselect_fo.png</texture>
                    <animation effect="slide" end="0,410" time="300" tween="cubic" easing="inout" condition="Container(500).Row(1)">Conditional</animation>
                    <animation effect="slide" end="440,0" time="300" tween="cubic" easing="inout" condition="Container(500).Column(3)">Conditional</animation>
                    <animation effect="slide" end="440,0" time="300" tween="cubic" easing="inout" condition="Container(500).Column(3) | Container(500).Column(2)">Conditional</animation>
                    <animation effect="slide" end="440,0" time="300" tween="cubic" easing="inout" condition="Container(500).Column(3) | Container(500).Column(2) | Container(500).Column(1)">Conditional</animation>
                </control>
            </control>
            <control type="panel" id="500">
                <left>92</left>
                <top>154</top>
                <width>1760</width>
                <height>820</height>
                <viewtype label="31234">icon</viewtype>
                <pagecontrol>60</pagecontrol>
                <preloaditems>2</preloaditems>
                <scrolltime tween="quadratic">300</scrolltime>
                <onleft condition="!Skin.HasSetting(KioskMode.Enabled)">SetProperty(MediaMenu,True,home)</onleft>
                <onleft condition="!Skin.HasSetting(KioskMode.Enabled)">SetFocus(9000)</onleft>
                <onright>60</onright>
                <onup>700</onup>
                <ondown>600</ondown>
                <orientation>vertical</orientation>
                <itemlayout height="410" width="440">
                    <control type="group">
                        <left>0</left>
                        <top>0</top>
                        <control type="image">
                            <width>416</width>
                            <height>235</height>
                            <aspectratio aligny="center">scale</aspectratio>
                            <texture background="true">$INFO[ListItem.Icon]</texture>
                        </control>
                        <control type="image">
                            <left>285</left>
                            <top>240</top>
                            <width>130</width>
                            <height>30</height>
                            <texture colordiffuse="$VAR[ColorTextVar]">$INFO[ListItem.Rating,flags/rating/,.png]</texture>
                        </control>
                        <control type="label">
                            <top>240</top>
                            <width>380</width>
                            <height>30</height>
                            <align>left</align>
                            <aligny>center</aligny>
                            <label>$INFO[ListItem.Property(viewcount),, $ADDON[script.extendedinfo 32061]]</label>
                            <font>font10</font>
                        </control>
                        <control type="textbox">
                            <left>0</left>
                            <top>275</top>
                            <height>90</height>
                            <width>416</width>
                            <label>$INFO[ListItem.Label]</label>
                            <align>center</align>
                            <font>font13</font>
                        </control>
                    </control>
                </itemlayout>
                <focusedlayout height="410" width="440">
                    <control type="group">
                        <left>0</left>
                        <top>0</top>
                        <include>PanelFocusedItemZoom</include>
                        <control type="image">
                            <width>416</width>
                            <height>235</height>
                            <aspectratio aligny="center">scale</aspectratio>
                            <texture background="true">$INFO[ListItem.Icon]</texture>
                        </control>
                        <control type="image">
                            <left>285</left>
                            <top>240</top>
                            <width>130</width>
                            <height>30</height>
                            <texture colordiffuse="$VAR[ColorTextVar]">$INFO[ListItem.Rating,flags/rating/,.png]</texture>
                        </control>
                        <control type="label">
                            <top>240</top>
                            <width>380</width>
                            <height>30</height>
                            <align>left</align>
                            <aligny>center</aligny>
                            <label>$INFO[ListItem.Property(viewcount),, $ADDON[script.extendedinfo 32061]]</label>
                            <font>font10</font>
                        </control>
                        <control type="textbox">
                            <left>0</left>
                            <top>275</top>
                            <height>90</height>
                            <width>416</width>
                            <label>$INFO[ListItem.Label]</label>
                            <align>center</align>
                            <font>font13</font>
                            <autoscroll time="3000" delay="4000" repeat="5000">Skin.HasSetting(Enable.AutoScroll)</autoscroll>
                        </control>
                    </control>
                </focusedlayout>
            </control>
            <control type="button" id="600">
                <onfocus>SetFocus(500)</onfocus>
                <width>1</width>
                <height>1</height>
                <left>-1000</left>
            </control>
            <control type="button" id="700">
                <onfocus>SetFocus(500)</onfocus>
                <width>1</width>
                <height>1</height>
                <left>-1000</left>
            </control>
        </control>
        <control type="scrollbar" id="60">
            <left>1908</left>
            <top>0</top>
            <width>12</width>
            <height>1080</height>
            <onleft>500</onleft>
            <onright>500</onright>
            <ondown>60</ondown>
            <onup>60</onup>
        </control>
        <include>Topbar</include>
        <control type="group">
            <animation effect="slide" start="440,0" end="0,0" time="400" tween="quadratic" easing="out" condition="IsEmpty(Window(home).Property(MediaMenu))">Conditional</animation>
            <animation effect="slide" start="0,0" end="440,0" time="400" tween="quadratic" easing="out" condition="Control.HasFocus(9000)">Conditional</animation>
            <left>-440</left>
            <control type="button">
                <left>-12</left>
                <top>-12</top>
                <width>442</width>
                <height>1104</height>
                <texturefocus border="12">dialog_context.png</texturefocus>
                <texturenofocus border="12">dialog_context.png</texturenofocus>
                <colordiffuse>$VAR[ColorDialogVar]</colordiffuse>
            </control>
            <control type="button">
                <left>420</left>
                <width>30</width>
                <height>1080</height>
                <texturefocus>-</texturefocus>
                <onfocus>SetProperty(MediaMenu,True,home)</onfocus>
                <visible>system.getbool(input.enablemouse)</visible>
            </control>
            <include name="SideBladeCloseIcon">
                <param name="CloseIconDialogClose" value="noop" />
                <param name="CloseIconDialogClose2" value="noop" />
                <param name="ClearMediaMenu" value="ClearProperty(MediaMenu,Home)" />
                <param name="CloseIconSetFocus" value="SetFocus(500)" />
                <param name="CloseIconVisibility" value="system.getbool(input.enablemouse)" />
            </include>
            <control type="grouplist" id="9000">
                <animation effect="slide" start="-440,0" end="0,0" time="400" tween="quadratic" easing="out">Visible</animation>
                <visible>IsEmpty(Window(home).Property(t9search))</visible>
                <left>0</left>
                <top>10</top>
                <width>400</width>
                <height>1080</height>
                <orientation>vertical</orientation>
                <scroll>true</scroll>
                <onup>9000</onup>
                <ondown>9000</ondown>
                <onright>ClearProperty(MediaMenu,Home)</onright>
                <onright>500</onright>
                <onleft>500</onleft>
                <onback>500</onback>
                <control type="label" id="5014">
                    <description>View Options Heading</description>
                    <width>400</width>
                    <height>52</height>
                    <textoffsetx>15</textoffsetx>
                    <font>font13_title</font>
                    <label>31006</label>
                    <textcolor>$VAR[ColorHighlightVar]</textcolor>
                    <aligny>center</aligny>
                </control>     
                <control type="button" id="5007">
                    <label>$LOCALIZE[467]</label>
                    <label2>$INFO[Window.Property(Type)]</label2>
                    <width>400</width>
                    <textoffsetx>15</textoffsetx>
                    <aligny>center</aligny>
                    <font>font13</font>
                </control>
                <control type="button" id="5001">
                    <label>$ADDON[script.extendedinfo 32104]</label>
                    <label2>$INFO[Window.Property(Sort_Label)]</label2>
                    <width>400</width>
                    <textoffsetx>15</textoffsetx>
                    <aligny>center</aligny>
                    <font>font13</font>
                </control>
                <control type="button" id="5004">
                    <label>$ADDON[script.extendedinfo 32128]</label>
                    <label2>$INFO[Window.Property(Order_Label)]</label2>
                    <width>400</width>
                    <textoffsetx>15</textoffsetx>
                    <aligny>center</aligny>
                    <font>font13</font>
                </control>
                <control type="label" id="5333">
                    <label>$ADDON[script.extendedinfo 32023]</label>
                    <width>400</width>
                    <height>52</height>
                    <textoffsetx>15</textoffsetx>
                    <aligny>center</aligny>
                    <font>font13_title</font>
                    <textcolor>$VAR[ColorHighlightVar]</textcolor>
                </control>
                <control type="button" id="5002">
                    <label>$LOCALIZE[172]</label>
                    <textoffsetx>15</textoffsetx>
                    <aligny>center</aligny>
                    <font>font13</font>
                </control>
                <control type="button" id="5003">
                    <label>$LOCALIZE[248]</label>
                    <textoffsetx>15</textoffsetx>
                    <aligny>center</aligny>
                    <font>font13</font>
                </control>
                <control type="button" id="5006">
                    <label>[UPPERCASE]$ADDON[script.extendedinfo 32066][/UPPERCASE]</label>
                    <textoffsetx>15</textoffsetx>
                    <aligny>center</aligny>
                    <font>font13</font>
                </control>
                <control type="button" id="5008">
                    <label>$LOCALIZE[180]</label>
                    <textoffsetx>15</textoffsetx>
                    <aligny>center</aligny>
                    <font>font13</font>
                </control>
                <control type="button" id="5009">
                    <label>$LOCALIZE[287]</label>
                    <textoffsetx>15</textoffsetx>
                    <aligny>center</aligny>
                    <font>font13</font>
                </control>
                <control type="button" id="5010">
                    <label>$LOCALIZE[572]</label>
                    <textoffsetx>15</textoffsetx>
                    <aligny>center</aligny>
                    <font>font13</font>
                </control>
                <control type="button" id="5012">
                    <label>$LOCALIZE[169]</label>
                    <textoffsetx>15</textoffsetx>
                    <aligny>center</aligny>
                    <font>font13</font>
                </control>
                <control type="button" id="5013">
                    <description>Misc Options Heading</description>
                    <textwidth>352</textwidth>
                    <font>font13_title</font>
                    <include>ButtonCommonValues</include>
                    <label>31026</label>
                    <enable>no</enable>
                    <disabledcolor>$VAR[ColorHighlightVar]</disabledcolor>
                </control>
                <control type="button" id="6000">
                    <label>$LOCALIZE[137]</label>
                    <textoffsetx>15</textoffsetx>
                    <aligny>center</aligny>
                    <font>font13</font>
                </control>
                <control type="button" id="5005">
                    <label>$ADDON[script.extendedinfo 32022]</label>
                    <textoffsetx>15</textoffsetx>
                    <aligny>center</aligny>
                    <font>font13</font>
                </control>
                <control type="radiobutton" id="7000">
                    <width>400</width>
                    <aligny>center</aligny>
                    <textoffsetx>15</textoffsetx>
                    <font>font13</font>
                    <label>$ADDON[script.extendedinfo 32024]</label>
                    <radiowidth>85</radiowidth>
                    <radioheight>34</radioheight>
                    <radioposy>13</radioposy>
                    <!--<radioleft>120</radioleft>-->
                    <textureradioonfocus colordiffuse="$VAR[ColorTextVar]">addons/youtube.png</textureradioonfocus>
                    <textureradioofffocus colordiffuse="$VAR[ColorTextVar]">addons/youtube.png</textureradioofffocus>
                    <textureradioonnofocus colordiffuse="$VAR[ColorTextVar]">addons/youtube.png</textureradioonnofocus>
                    <textureradiooffnofocus colordiffuse="$VAR[ColorTextVar]">addons/youtube.png</textureradiooffnofocus>
                </control>
            </control>
        </control>
    </controls>
</window>
