<?xml version="1.0" encoding="utf-8" standalone="yes"?>
<window id="5400">
    <defaultcontrol>5412</defaultcontrol>
    <include>dialogeffect</include>
    <coordinates>
        <system>1</system>
        <left>430</left>
        <top>248</top>
    </coordinates>
    <controls>
        <include name="DialogBackgroundCommons">
            <param name="DialogBackgroundWidth" value="1060" />
            <param name="DialogBackgroundHeight" value="564" />
            <param name="DialogHeaderLabel" value="$ADDON[script.games.rom.collection.browser 32900]" />
            <param name="DialogHeaderId" value="" />
        </include>
        <control type="button" id="5101">
            <visible>False</visible>
        </control>
        <!-- Rom Collection List -->
        <control type="list" id="5410">
            <hitrect x="0" y="0" w="0" h="0" />
            <left>30</left>
            <top>90</top>
            <width>1000</width>
            <height>60</height>
            <onleft>5410</onleft>
            <onright>5410</onright>
            <onup>5410</onup>
            <ondown>5410</ondown>
            <pagecontrol>-</pagecontrol>
            <scrolltime>0</scrolltime>
            <itemlayout height="1" width="1000"></itemlayout>
            <focusedlayout height="60" width="1000">
                <control type="image">
                    <left>0</left>
                    <top>0</top>
                    <width>1000</width>
                    <height>60</height>
                    <texture>listselect_fo.png</texture>
                    <colordiffuse>$VAR[ColorHighlightVar]</colordiffuse>
                    <visible>[Control.HasFocus(5411) | Control.HasFocus(5412)]</visible>
                </control>
                <control type="label">
                    <include>RCBimportlabels</include>
                    <align>left</align>
                    <label>$ADDON[script.games.rom.collection.browser 32601]</label>
                </control>
                <control type="label">
                    <width>900</width>
                    <include>RCBimportlabels</include>
                    <align>right</align>
                    <label>$INFO[ListItem.Label]</label>
                </control>
            </focusedlayout>
        </control>
        <control type="button" id="5411">
            <description>Menu Item Next Button</description>
            <left>975</left>
            <top>108</top>
            <width>40</width>
            <height>25</height>
            <label>-</label>
            <font>-</font>
            <texturenofocus colordiffuse="$VAR[ColorTextVar]">android/numberpicker_up_normal_holo_dark.png</texturenofocus>
            <texturefocus colordiffuse="$VAR[ColorHighlightVar]">android/numberpicker_up_normal_holo_dark.png</texturefocus>
            <onclick>Control.Move(5410,1)</onclick>
            <onleft>5412</onleft>
            <onright>6010</onright>
            <onup>6010</onup>
            <ondown>5491</ondown>
        </control>
        <control type="button" id="5412">
            <description>Menu Item Prev Button</description>
            <left>935</left>
            <top>108</top>
            <width>40</width>
            <height>25</height>
            <label>-</label>
            <font>-</font>
            <texturenofocus colordiffuse="$VAR[ColorTextVar]">android/numberpicker_down_normal_holo_dark.png</texturenofocus>
            <texturefocus colordiffuse="$VAR[ColorHighlightVar]">android/numberpicker_down_normal_holo_dark.png</texturefocus>
            <onclick>Control.Move(5410,-1)</onclick>
            <onleft>6010</onleft>
            <onright>5411</onright>
            <onup>6010</onup>
            <ondown>5492</ondown>
        </control>
        <!-- Delete Options -->
        <control type="list" id="5490">
            <hitrect x="0" y="0" w="0" h="0" />
            <left>30</left>
            <top>150</top>
            <width>1000</width>
            <height>60</height>
            <onleft>5490</onleft>
            <onright>5490</onright>
            <onup>5490</onup>
            <ondown>5490</ondown>
            <pagecontrol>-</pagecontrol>
            <scrolltime>0</scrolltime>
            <itemlayout height="1" width="1000"></itemlayout>
            <focusedlayout height="60" width="1000">
                <control type="image">
                    <left>0</left>
                    <top>0</top>
                    <width>1000</width>
                    <height>60</height>
                    <texture>listselect_fo.png</texture>
                    <colordiffuse>$VAR[ColorHighlightVar]</colordiffuse>
                    <visible>[Control.HasFocus(5491) | Control.HasFocus(5492)]</visible>
                </control>
                <control type="label">
                    <include>RCBimportlabels</include>
                    <align>left</align>
                    <label>$ADDON[script.games.rom.collection.browser 32901]</label>
                </control>
                <control type="label">
                    <width>900</width>
                    <include>RCBimportlabels</include>
                    <align>right</align>
                    <label>$INFO[ListItem.Label]</label>
                </control>
            </focusedlayout>
        </control>
        <control type="button" id="5491">
            <description>Menu Item Next Button</description>
            <left>975</left>
            <top>168</top>
            <width>40</width>
            <height>25</height>
            <label>-</label>
            <font>-</font>
            <texturenofocus colordiffuse="$VAR[ColorTextVar]">android/numberpicker_up_normal_holo_dark.png</texturenofocus>
            <texturefocus colordiffuse="$VAR[ColorHighlightVar]">android/numberpicker_up_normal_holo_dark.png</texturefocus>
            <onclick>Control.Move(5490,1)</onclick>
            <onleft>5492</onleft>
            <onright>6010</onright>
            <onup>5411</onup>
            <ondown>6010</ondown>
        </control>
        <control type="button" id="5492">
            <description>Menu Item Prev Button</description>
            <left>935</left>
            <top>168</top>
            <width>40</width>
            <height>25</height>
            <label>-</label>
            <font>-</font>
            <texturenofocus colordiffuse="$VAR[ColorTextVar]">android/numberpicker_down_normal_holo_dark.png</texturenofocus>
            <texturefocus colordiffuse="$VAR[ColorHighlightVar]">android/numberpicker_down_normal_holo_dark.png</texturefocus>
            <onclick>Control.Move(5490,-1)</onclick>
            <onleft>6010</onleft>
            <onright>5491</onright>
            <onup>5412</onup>
            <ondown>6010</ondown>
        </control>
        <!-- Save and Cancel -->
        <control type="button" id="6000">
            <description>Delete</description>
            <left>30</left>
            <top>472</top>
            <width>490</width>
            <height>60</height>
            <label>$ADDON[script.games.rom.collection.browser 32902]</label>
            <font>font15_title</font>
            <textcolor>$VAR[ColorTextVar]</textcolor>
            <focusedcolor>$VAR[ColorTextVar]</focusedcolor>
            <align>center</align>
            <texturefocus>listselect_fo.png</texturefocus>
            <onup>5492</onup>
            <ondown>5412</ondown>
            <onleft>6010</onleft>
            <onright>6010</onright>
        </control>
        <control type="button" id="6010">
            <description>Cancel</description>
            <left>540</left>
            <top>472</top>
            <width>490</width>
            <height>60</height>
            <label>$ADDON[script.games.rom.collection.browser 32635]</label>
            <font>font15_title</font>
            <textcolor>$VAR[ColorTextVar]</textcolor>
            <focusedcolor>$VAR[ColorTextVar]</focusedcolor>
            <align>center</align>
            <texturefocus>listselect_fo.png</texturefocus>
            <onup>5492</onup>
            <ondown>5412</ondown>
            <onleft>6000</onleft>
            <onright>6000</onright>
        </control>
    </controls>
</window>
