<?xml version="1.0" encoding="UTF-8"?>
<window>
	<defaultcontrol always="true">95</defaultcontrol>
	<menucontrol>9051</menucontrol>
	<onload>SetProperty(Window.HasSettings,True,home)</onload>
	<onload>ClearProperty(MediaMenu,Home)</onload>
	<onunload>ClearProperty(Window.HasSettings,Home)</onunload>
	<allowoverlay>no</allowoverlay>
	<controls>
		<include>CommonBackground</include>
		<control type="group">
			<left>0</left>
			<top>180</top>
			<include>Animation.Common</include>
			<control type="grouplist" id="9000">
				<left>82</left>
				<top>0</top>
				<width>356</width>
				<height>840</height>
				<itemgap>0</itemgap>
				<onleft>SetProperty(MediaMenu,True,home)</onleft>
				<onleft>SetFocus(9050,11)</onleft>
				<onup>9000</onup>
				<ondown>9000</ondown>
				<control type="button" id="95">
					<description>Button Summary Values</description>
					<height>90</height>
					<width>356</width>
					<textoffsetx>15</textoffsetx>
					<align>right</align>
					<aligny>center</aligny>
					<font>font15</font>
					<textcolor>$VAR[ColorTextVar]</textcolor>
					<focusedcolor>$VAR[ColorTextVar]</focusedcolor>
					<texturefocus>listselect_fo.png</texturefocus> 
					<label>20037</label>
				</control>
				<control type="button" id="94">
					<description>Button Storage</description>
					<height>90</height>
					<width>356</width>
					<textoffsetx>15</textoffsetx>
					<align>right</align>
					<aligny>center</aligny>
					<font>font15</font>
					<textcolor>$VAR[ColorTextVar]</textcolor>
					<focusedcolor>$VAR[ColorTextVar]</focusedcolor>
					<texturefocus>listselect_fo.png</texturefocus> 
					<label>13277</label>
				</control>
				<control type="button" id="96">
					<description>Button Network</description>
					<height>90</height>
					<width>356</width>
					<textoffsetx>15</textoffsetx>
					<align>right</align>
					<aligny>center</aligny>
					<font>font15</font>
					<textcolor>$VAR[ColorTextVar]</textcolor>
					<focusedcolor>$VAR[ColorTextVar]</focusedcolor>
					<texturefocus>listselect_fo.png</texturefocus> 
					<label>13279</label>
				</control>
				<control type="button" id="97">
					<description>Button Video</description>
					<height>90</height>
					<width>356</width>
					<textoffsetx>15</textoffsetx>
					<align>right</align>
					<aligny>center</aligny>
					<font>font15</font>
					<textcolor>$VAR[ColorTextVar]</textcolor>
					<focusedcolor>$VAR[ColorTextVar]</focusedcolor>
					<texturefocus>listselect_fo.png</texturefocus> 
					<label>13280</label>
				</control>
				<control type="button" id="98">
					<description>Button Hardware</description>
					<height>90</height>
					<width>356</width>
					<textoffsetx>15</textoffsetx>
					<align>right</align>
					<aligny>center</aligny>
					<font>font15</font>
					<textcolor>$VAR[ColorTextVar]</textcolor>
					<focusedcolor>$VAR[ColorTextVar]</focusedcolor>
					<texturefocus>listselect_fo.png</texturefocus> 
					<label>13281</label>
				</control>
				<control type="button" id="99">
					<description>Button PVR</description>
					<height>90</height>
					<width>356</width>
					<textoffsetx>15</textoffsetx>
					<align>right</align>
					<aligny>center</aligny>
					<font>font15</font>
					<textcolor>$VAR[ColorTextVar]</textcolor>
					<focusedcolor>$VAR[ColorTextVar]</focusedcolor>
					<texturefocus>listselect_fo.png</texturefocus> 
					<label>19191</label>
				</control>
			</control>
			<control type="image">
                <description>LOGO</description>
                <left>82</left>
                <top>760</top>
                <width>356</width>
                <height>70</height>
                <aspectratio>keep</aspectratio>
                <texture>logo.png</texture>
                <colordiffuse>$VAR[ColorHighlightVar]</colordiffuse>
            </control>
			<control type="group">
				<left>552</left>
				<top>740</top>
				<control type="label" id="52">
					<visible>False</visible>
					<description>Kodi Version</description>
					<left>-15</left>
					<top>0</top>
					<width>658</width>
					<height>115</height>
					<label>144</label>
					<align>left</align>
					<textcolor>$VAR[ColorHighlightVar]</textcolor>
					<wrapmultiline>true</wrapmultiline>
					<font>font15</font>
				</control>
				<control type="label">
					<description>CPU Text</description>
					<left>630</left>
					<top>20</top>
					<width>240</width>
					<height>24</height>
					<label>$LOCALIZE[13271]</label>
					<align>right</align>
					<aligny>center</aligny>
					<textcolor>$VAR[ColorTextVar]</textcolor>
					<font>font12_title</font>
				</control>
				<control type="progress">
					<description>CPU BAR</description>
					<left>880</left>
					<top>20</top>
					<width>380</width>
					<height>24</height>
					<info>System.CPUUsage</info>
				</control>
				<control type="label">
					<description>Memory Text</description>
					<left>510</left>
					<top>70</top>
					<width>360</width>
					<height>24</height>
					<label>$LOCALIZE[31309]</label>
					<align>right</align>
					<aligny>center</aligny>
					<textcolor>$VAR[ColorTextVar]</textcolor>
					<font>font12_title</font>
				</control>
				<control type="progress">
					<description>Memory BAR</description>
					<left>880</left>
					<top>70</top>
					<width>380</width>
					<height>24</height>
					<info>system.memory(used)</info>
				</control>
			</control>
			<control type="grouplist" id="9001">
				<left>522</left>
				<top>0</top>
				<width>1316</width>
				<height>720</height>
				<orientation>vertical</orientation>
				<control type="button" id="2">
					<description>Label 2</description>
					<width>1316</width>
					<height>60</height>
					<label>-</label>
					<font>font15</font>
				</control>
				<control type="button" id="3">
					<description>Label 3</description>
					<width>1316</width>
					<height>60</height>
					<label>-</label>
					<font>font15</font>
				</control>
				<control type="button" id="4">
					<description>Label 4</description>
					<width>1316</width>
					<height>60</height>
					<label>-</label>
					<font>font15</font>
				</control>
				<control type="button" id="5">
					<description>Label 5</description>
					<width>1316</width>
					<height>60</height>
					<label>-</label>
					<font>font15</font>
				</control>
				<control type="button" id="6">
					<description>Label 6</description>
					<width>1316</width>
					<height>60</height>
					<label>-</label>
					<font>font15</font>
				</control>
				<control type="button" id="7">
					<description>Label 7</description>
					<width>1316</width>
					<height>60</height>
					<label>-</label>
					<font>font15</font>
				</control>
				<control type="button" id="8">
					<description>Label 8</description>
					<width>1316</width>
					<height>60</height>
					<label>-</label>
					<font>font15</font>
				</control>
				<control type="button" id="9">
					<description>Label 9</description>
					<width>1316</width>
					<height>60</height>
					<label>-</label>
					<font>font15</font>
				</control>
				<control type="button" id="10">
					<description>Label 10</description>
					<width>1316</width>
					<height>60</height>
					<label>-</label>
					<font>font15</font>
				</control>
				<control type="button" id="11">
					<description>Label 11</description>
					<width>1316</width>
					<height>60</height>
					<label>-</label>
					<font>font15</font>
				</control>
			</control>
		</control>
		<include>Topbar</include>
		<include>SettingsMediaMenu</include>
	</controls>
</window>