<?xml version="1.0" encoding="UTF-8"?>
<window>
	<defaultcontrol>5</defaultcontrol>
	<coordinates>
		<system>1</system>
		<left>360</left>
		<top>179</top>
	</coordinates>
	<include>dialogeffect</include>
	<controls>
		<control type="group">
			<animation effect="fade" start="100" end="0" time="400" condition="Window.IsVisible(SliderDialog) | Window.IsVisible(FileBrowser)">Conditional</animation>
			<include name="DialogBackgroundCommons">
				<param name="DialogBackgroundWidth" value="1200" />
				<param name="DialogBackgroundHeight" value="722" />
				<param name="DialogHeaderLabel" value="-" />
				<param name="DialogHeaderId" value="2" />
			</include>
			<control type="grouplist" id="5">
				<description>control area</description>
				<left>32</left>
				<top>88</top>
				<width>1136</width>
				<height>600</height>
				<itemgap>0</itemgap>
				<pagecontrol>60</pagecontrol>
				<onup>5</onup>
				<ondown>5</ondown>
				<onleft>5</onleft>
				<onright>60</onright>
			</control>
			<control type="scrollbar" id="60">
				<left>1170</left>
				<top>88</top>
				<width>8</width>
				<height>600</height>
				<onleft>5</onleft>
				<onright>9001</onright>
				<orientation>vertical</orientation>
			</control>
		</control>
		<control type="button" id="7">
			<description>Default Button</description>
			<left>0</left>
			<top>0</top>
			<height>75</height>
			<font>font15</font>
			<textcolor>$VAR[ColorTextVar]</textcolor>
			<focusedcolor>$VAR[ColorTextVar]</focusedcolor>
			<texturefocus>listselect_fo.png</texturefocus>
		</control>
		<control type="radiobutton" id="8">
			<description>Default RadioButton</description>
			<left>0</left>
			<top>0</top>
			<height>75</height>
			<font>font15</font>
			<textcolor>$VAR[ColorTextVar]</textcolor>
			<focusedcolor>$VAR[ColorTextVar]</focusedcolor>
			<texturefocus>listselect_fo.png</texturefocus>
		</control>
		<control type="spincontrolex" id="9">
			<description>Default SpinControlex</description>
			<left>0</left>
			<top>0</top>
			<height>75</height>
			<font>font15</font>
			<textcolor>$VAR[ColorTextVar]</textcolor>
			<focusedcolor>$VAR[ColorTextVar]</focusedcolor>
			<texturefocus>listselect_fo.png</texturefocus>
			<aligny>center</aligny>
			<reverse>yes</reverse>
		</control>
		<control type="sliderex" id="13">
			<description>Default Slider</description>
			<left>0</left>
			<top>0</top>
			<height>75</height>
			<font>font15</font>
			<textcolor>$VAR[ColorTextVar]</textcolor>
			<focusedcolor>$VAR[ColorTextVar]</focusedcolor>
			<texturefocus colordiffuse="$VAR[ColorHighlightVar]">listselect_fo.png</texturefocus>
			<aligny>center</aligny>
		</control>
		<control type="label" id="14">
			<description>Default Label</description>
			<left>0</left>
			<top>0</top>
			<height>73</height>
			<font>font15</font>
			<align>center</align>
			<textcolor>dialogheader</textcolor>
		</control>
	</controls>
</window>