<?xml version="1.0" encoding="UTF-8"?>
<includes>
	<!-- Video InfoWall -->
	<include name="VideoInfoWall">
		<control type="group">
			<visible>Control.IsVisible(51) + !Window.IsActive(addoninformation)</visible>
			<include>Animation.Common</include>
			<top>-105</top>
			<control type="image">
				<visible>Control.HasFocus(51) + !Skin.HasSetting(InfoWall.LargeIcons) + !Skin.HasSetting(InfoWall.Banners)</visible>
                <left>82</left>
                <top>217</top>
                <width>219</width>
                <height>316</height>
                <include>FocusedBackgroundFade</include>
                <texture colordiffuse="$VAR[ColorHighlightVar]">listselect_fo.png</texture>
                <animation effect="slide" end="0,304" time="300" tween="cubic" easing="inout" condition="IntegerGreaterThan(Container(51).Row,1)">Conditional</animation>
                <animation effect="slide" end="0,304" time="300" tween="cubic" easing="inout" condition="IntegerGreaterThan(Container(51).Row,0)">Conditional</animation>
                <animation effect="slide" end="207,0" time="300" tween="cubic" easing="inout" condition="IntegerGreaterThan(Container(51).Column,3)">Conditional</animation>
                <animation effect="slide" end="207,0" time="300" tween="cubic" easing="inout" condition="IntegerGreaterThan(Container(51).Column,2)">Conditional</animation>
                <animation effect="slide" end="207,0" time="300" tween="cubic" easing="inout" condition="IntegerGreaterThan(Container(51).Column,1)">Conditional</animation>
                <animation effect="slide" end="207,0" time="300" tween="cubic" easing="inout" condition="IntegerGreaterThan(Container(51).Column,0)">Conditional</animation>
            </control>
            <control type="image">
				<visible>Control.HasFocus(51) + Skin.HasSetting(InfoWall.LargeIcons)</visible>
                <left>137</left>
                <top>217</top>
                <width>320</width>
                <height>468</height>
                <include>FocusedBackgroundFade</include>
                <texture colordiffuse="$VAR[ColorHighlightVar]">listselect_fo.png</texture>
                <animation effect="slide" end="0,456" time="300" tween="cubic" easing="inout" condition="IntegerGreaterThan(Container(51).Row,0)">Conditional</animation>
                <animation effect="slide" end="308,0" time="300" tween="cubic" easing="inout" condition="IntegerGreaterThan(Container(51).Column,1)">Conditional</animation>
                <animation effect="slide" end="308,0" time="300" tween="cubic" easing="inout" condition="IntegerGreaterThan(Container(51).Column,0)">Conditional</animation>
            </control>
            <control type="image">
				<visible>Control.HasFocus(51) + Skin.HasSetting(InfoWall.Banners)</visible>
                <left>132</left>
                <top>217</top>
                <width>948</width>
                <height>195</height>
                <include>FocusedBackgroundFade</include>
                <texture colordiffuse="$VAR[ColorHighlightVar]">listselect_fo.png</texture>
                <animation effect="slide" end="0,183" time="300" tween="cubic" easing="inout" condition="IntegerGreaterThan(Container(51).Row,3)">Conditional</animation>
                <animation effect="slide" end="0,183" time="300" tween="cubic" easing="inout" condition="IntegerGreaterThan(Container(51).Row,2)">Conditional</animation>
                <animation effect="slide" end="0,183" time="300" tween="cubic" easing="inout" condition="IntegerGreaterThan(Container(51).Row,1)">Conditional</animation>
                <animation effect="slide" end="0,183" time="300" tween="cubic" easing="inout" condition="IntegerGreaterThan(Container(51).Row,0)">Conditional</animation>
            </control>
			<control type="panel" id="51">
				<left>88</left>
				<top>223</top>
				<width>1035</width>
				<height>915</height>
				<onleft>SetProperty(MediaMenu,True,home)</onleft>
				<onleft>SetFocus(9050)</onleft>
				<onright>60</onright>
				<onup>51</onup>
				<ondown>51</ondown>
				<pagecontrol>60</pagecontrol>
				<preloaditems>2</preloaditems>
				<viewtype label="31021">icons</viewtype>
				<scrolltime tween="quadratic" easing="out">300</scrolltime>
				<itemlayout height="304" width="207" condition="!Skin.HasSetting(InfoWall.LargeIcons) + !Skin.HasSetting(InfoWall.Banners)">
					<control type="image">
						<top>6</top>
						<left>6</left>
						<width>195</width>
						<height>292</height>
						<aspectratio>scale</aspectratio>
						<texture fallback="DefaultFallback.png" background="true">$VAR[PosterThumb]</texture>
					</control>
					<control type="image">
						<top>6</top>
						<left>6</left>
						<width>195</width>
						<height>292</height>
						<texture>thumbs/diffuse.png</texture>
					</control>
					<include name="OverlayIcons">
                        <param name="OverlayLeft" value="143" />
                        <param name="OverlayTop" value="4" />
                    </include>
				</itemlayout>
				<focusedlayout height="304" width="207" condition="!Skin.HasSetting(InfoWall.LargeIcons) + !Skin.HasSetting(InfoWall.Banners)">
					<control type="group">
						<include>PanelFocusedItemZoom</include>
						<control type="image">
							<top>6</top>
							<left>6</left>
							<width>195</width>
							<height>292</height>
							<aspectratio>scale</aspectratio>
							<texture fallback="DefaultFallback.png" background="true">$VAR[PosterThumb]</texture>
						</control>
						<control type="image">
							<animation center="auto" condition="Control.HasFocus(51)" easing="inout" effect="fade" end="0" start="100" time="300" tween="sine">Focus</animation>
							<animation center="auto" condition="Control.HasFocus(51)" easing="inout" effect="fade" end="100" start="0" time="300" tween="sine">UnFocus</animation>
							<top>6</top>
							<left>6</left>
							<width>195</width>
							<height>292</height>
							<texture>thumbs/diffuse.png</texture>
						</control>
						<include name="OverlayIcons">
	                        <param name="OverlayLeft" value="143" />
	                        <param name="OverlayTop" value="4" />
	                    </include>
					</control>
				</focusedlayout>
				<itemlayout height="456" width="308" condition="Skin.HasSetting(InfoWall.LargeIcons)">
					<control type="group">
						<left>55</left>
						<control type="image">
							<top>6</top>
							<left>6</left>
							<width>296</width>
							<height>444</height>
							<aspectratio>scale</aspectratio>
							<texture fallback="DefaultFallback.png" background="true">$VAR[PosterThumb]</texture>
						</control>
						<control type="image">
							<top>6</top>
							<left>6</left>
							<width>296</width>
							<height>444</height>
							<texture>thumbs/diffuse.png</texture>
						</control>
						<include name="OverlayIcons">
	                        <param name="OverlayLeft" value="244" />
	                        <param name="OverlayTop" value="4" />
	                    </include>
					</control>
				</itemlayout>
				<focusedlayout height="456" width="308" condition="Skin.HasSetting(InfoWall.LargeIcons)">
					<control type="group">
						<left>55</left>
						<animation type="Focus">
				            <effect type="zoom" time="150" start="95" end="100" center="178,225" />
				            <effect type="zoom" time="150" start="105" end="100" delay="150" center="178,225" />
				        </animation>
						<control type="image">
							<top>6</top>
							<left>6</left>
							<width>296</width>
							<height>444</height>
							<aspectratio>scale</aspectratio>
							<texture fallback="DefaultFallback.png" background="true">$VAR[PosterThumb]</texture>
						</control>
						<control type="image">
							<animation center="auto" condition="Control.HasFocus(51)" easing="inout" effect="fade" end="0" start="100" time="300" tween="sine">Focus</animation>
							<animation center="auto" condition="Control.HasFocus(51)" easing="inout" effect="fade" end="100" start="0" time="300" tween="sine">UnFocus</animation>
							<top>6</top>
							<left>6</left>
							<width>296</width>
							<height>444</height>
							<texture>thumbs/diffuse.png</texture>
						</control>
						<include name="OverlayIcons">
	                        <param name="OverlayLeft" value="244" />
	                        <param name="OverlayTop" value="4" />
	                    </include>
					</control>
				</focusedlayout>
				<itemlayout width="936" height="183" condition="Skin.HasSetting(InfoWall.Banners)">
					<control type="group">
						<left>50</left>
						<control type="image">
							<top>6</top>
							<left>6</left>
							<width>924</width>
							<height>171</height>
							<aspectratio align="center" aligny="center">scale</aspectratio>
							<texture background="true">$VAR[BannerThumb]</texture>
							<visible>!IsEmpty(ListItem.Art(banner)) | IsEmpty(ListItem.Art(fanart))</visible>
						</control>
						<control type="image">
							<top>6</top>
							<left>6</left>
							<width>924</width>
							<height>171</height>
							<aspectratio align="center" aligny="center">keep</aspectratio>
							<texture background="true">$INFO[ListItem.Icon]</texture>
							<visible>IsEmpty(ListItem.Art(banner)) + StringCompare(ListItem.Label,..)</visible>
						</control>
	                    <control type="group">
							<visible>IsEmpty(ListItem.Art(banner))</visible>
							<control type="image">
								<top>6</top>
								<left>6</left>
								<width>924</width>
								<height>171</height>
								<aspectratio>scale</aspectratio>
								<texture background="true">$INFO[ListItem.Art(fanart)]</texture>
								<fadetime>300</fadetime>
							</control>
							<control type="image">
								<top>16</top>
								<left>15</left>
								<width>450</width>
								<height>151</height>
								<aspectratio>keep</aspectratio>
								<texture background="true">$INFO[ListItem.Art(clearlogo)]</texture>
								<fadetime>300</fadetime>
							</control>
						</control>
						<control type="image">
							<top>6</top>
							<left>6</left>
							<width>924</width>
							<height>171</height>
							<texture>thumbs/diffuse.png</texture>
						</control>
						<include name="OverlayIcons">
	                        <param name="OverlayLeft" value="872" />
	                        <param name="OverlayTop" value="4" />
	                    </include>
					</control>
				</itemlayout>
				<focusedlayout width="936" height="183" condition="Skin.HasSetting(InfoWall.Banners)">
                    <control type="group">
                    	<left>50</left>
                        <animation type="Focus">
				            <effect type="zoom" time="150" start="95" end="100" center="490,89" />
				            <effect type="zoom" time="150" start="105" end="100" delay="150" center="490,89" />
				        </animation>
						<control type="group">
							<visible>!IsEmpty(ListItem.Art(banner)) | IsEmpty(ListItem.Art(fanart))</visible>
							<control type="image">
								<top>6</top>
								<left>6</left>
								<width>924</width>
								<height>171</height>
								<aspectratio align="center" aligny="center">scale</aspectratio>
								<texture background="true">$VAR[BannerThumb]</texture>
							</control>
						</control>
						<control type="group">
							<visible>IsEmpty(ListItem.Art(banner)) + StringCompare(ListItem.Label,..)</visible>
							<control type="image">
								<top>6</top>
								<left>6</left>
								<width>924</width>
								<height>171</height>
								<texture>background.png</texture>
								<colordiffuse>$VAR[ColorBackgroundVar]</colordiffuse>
							</control>
							<control type="image">
								<top>6</top>
								<left>6</left>
								<width>924</width>
								<height>171</height>
								<aspectratio align="center" aligny="center">keep</aspectratio>
								<texture background="true">$INFO[ListItem.Icon]</texture>
							</control>
						</control>
                        <control type="group">
							<visible>IsEmpty(ListItem.Art(banner))</visible>
							<control type="image">
								<top>6</top>
								<left>6</left>
								<width>924</width>
								<height>171</height>
								<aspectratio>scale</aspectratio>
								<texture background="true">$INFO[ListItem.Art(fanart)]</texture>
							</control>
							<control type="image">
								<top>16</top>
								<left>15</left>
								<width>450</width>
								<height>151</height>
								<aspectratio>keep</aspectratio>
								<texture background="true">$INFO[ListItem.Art(clearlogo)]</texture>
							</control>
						</control>
						<control type="image">
							<animation center="auto" condition="Control.HasFocus(51)" easing="inout" effect="fade" end="0" start="100" time="300" tween="sine">Focus</animation>
							<animation center="auto" condition="Control.HasFocus(51)" easing="inout" effect="fade" end="100" start="0" time="300" tween="sine">UnFocus</animation>
							<top>6</top>
							<left>6</left>
							<width>924</width>
							<height>171</height>
							<texture>thumbs/diffuse.png</texture>
						</control>
                        <include name="OverlayIcons">
	                        <param name="OverlayLeft" value="872" />
	                        <param name="OverlayTop" value="4" />
	                    </include>
                    </control>
				</focusedlayout>
			</control>
			<control type="grouplist">
				<animation effect="slide" time="300" tween="sine" easing="inout" end="-55" condition="Skin.HasSetting(InfoWall.LargeIcons)">Conditional</animation>
				<animation effect="slide" time="300" tween="sine" easing="inout" start="0" end="-50" condition="Skin.HasSetting(InfoWall.Banners)">Conditional</animation>
				<top>228</top>
				<left>1157</left>
				<itemgap>15</itemgap>
				<control type="multiimage">
					<width>680</width>
					<height>383</height>
					<aspectratio>scale</aspectratio>
					<imagepath background="true">$VAR[ExtraFanartVar]</imagepath>
					<visible>!IsEmpty(ListItem.Art(fanart))</visible>
				</control>
				<control type="label">
					<width>680</width>
					<height>35</height>
					<font>font28_title</font>
					<textcolor>$VAR[ColorTextVar]</textcolor>
					<scroll>true</scroll>
					<aligny>bottom</aligny>
					<label>$VAR[FloorLabelVar]</label>
				</control>
				<control type="label">
					<label>$INFO[ListItem.Genre]</label>
					<width>680</width>
					<height>42</height>
					<font>font13_title</font>
					<aligny>top</aligny>
					<textcolor>$VAR[ColorHighlightVar]</textcolor>
					<visible>!IsEmpty(ListItem.Genre)</visible>
				</control>
				<control type="label">
					<label>$VAR[VideoSubLabelVar]</label>
					<width>680</width>
					<height>34</height>
					<font>font14</font>
					<textcolor>$VAR[ColorTextVar]</textcolor>
				</control>
				<control type="textbox">
					<label>$VAR[VideoPlotVar]</label>
					<width>680</width>
					<height>342</height>
					<font>font14_textbox</font>
					<autoscroll time="3000" delay="4000" repeat="5000">Skin.HasSetting(Enable.AutoScroll)</autoscroll>
					<include>ShowCaseInfoPanelButtonsValues</include>
				</control>
			</control>
		</control>
		<control type="group">
			<visible>Control.IsVisible(51) + !Window.IsActive(addoninformation)</visible>
			<top>-15</top>
			<include>Scrollbar_Vertical</include>
		</control>
	</include>
	<!-- Music InfoWall -->
	<include name="MusicInfoWall">
		<control type="group">
			<visible>Control.IsVisible(51) + !Window.IsActive(addoninformation)</visible>
			<include>Animation.Common</include>
			<top>0</top>
			<control type="image">
				<visible>Control.HasFocus(51)</visible>
                <left>149</left>
                <top>115</top>
                <width>312</width>
                <height>312</height>
                <include>FocusedBackgroundFade</include>
                <texture colordiffuse="$VAR[ColorHighlightVar]">listselect_fo.png</texture>
                <animation effect="slide" end="0,300" time="300" tween="cubic" easing="inout" condition="Container(51).Row(2)">Conditional</animation>
                <animation effect="slide" end="0,300" time="300" tween="cubic" easing="inout" condition="Container(51).Row(2) | Container(51).Row(1)">Conditional</animation>
                <animation effect="slide" end="300,0" time="300" tween="cubic" easing="inout" condition="Container(51).Column(2)">Conditional</animation>
                <animation effect="slide" end="300,0" time="300" tween="cubic" easing="inout" condition="Container(51).Column(2) | Container(51).Column(1)">Conditional</animation>
            </control>
			<control type="panel" id="51">
				<left>155</left>
				<top>121</top>
				<width>900</width>
				<height>900</height>
				<onleft>SetProperty(MediaMenu,True,home)</onleft>
				<onleft>SetFocus(9050)</onleft>
				<onright>60</onright>
				<onup>51</onup>
				<ondown>51</ondown>
				<pagecontrol>60</pagecontrol>
				<preloaditems>2</preloaditems>
				<viewtype label="InfoWall">icons</viewtype>
				<scrolltime tween="quadratic" easing="out">300</scrolltime>
				<itemlayout height="300" width="300">
					<control type="image">
						<top>6</top>
						<left>6</left>
						<width>288</width>
						<height>288</height>
						<aspectratio>scale</aspectratio>
						<texture background="true">$VAR[MusicThumbVar]</texture>
					</control>
					<control type="image">
						<visible>Container.Content(albums)</visible>
						<top>6</top>
						<left>6</left>
						<width>288</width>
						<height>288</height>
						<texture>thumbs/diffuse.png</texture>
					</control>
					<control type="group">
						<visible>Container.Content(artists)</visible>
						<control type="image">
							<top>6</top>
							<left>6</left>
							<width>288</width>
							<height>288</height>
							<texture border="0,0,0,50">thumbs/diffuse_music.png</texture>
						</control>
						<control type="label">
							<left>6</left>
							<top>254</top>
							<width>288</width>
							<height>28</height>
							<align>center</align>
							<textoffsetx>4</textoffsetx>
							<textcolor>$VAR[ColorTextVar]</textcolor>
							<info>ListItem.Label</info>
						</control>
					</control>
				</itemlayout>
				<focusedlayout height="300" width="300">
					<control type="group">
						<include>PanelFocusedItemZoom</include>
						<control type="image">
							<top>6</top>
							<left>6</left>
							<width>288</width>
							<height>288</height>
							<aspectratio>scale</aspectratio>
							<texture fallback="blank.png" background="true">$VAR[MusicThumbVar]</texture>
						</control>
						<control type="group">
							<animation center="auto" condition="Control.HasFocus(51)" easing="inout" effect="fade" end="0" start="100" time="300" tween="sine">Focus</animation>
							<animation center="auto" condition="Control.HasFocus(51)" easing="inout" effect="fade" end="100" start="0" time="300" tween="sine">UnFocus</animation>
							<control type="image">
								<visible>Container.Content(albums)</visible>
								<top>6</top>
								<left>6</left>
								<width>288</width>
								<height>288</height>
								<texture>thumbs/diffuse.png</texture>
							</control>
							<control type="group">
								<visible>Container.Content(artists)</visible>
								<control type="image">			
									<top>6</top>
									<left>6</left>
									<width>288</width>
									<height>288</height>
									<texture border="0,0,0,50">thumbs/diffuse_music.png</texture>
								</control>
									<control type="label">
									<left>6</left>
									<top>254</top>
									<width>288</width>
									<height>28</height>
									<align>center</align>
									<textoffsetx>4</textoffsetx>
									<textcolor>$VAR[ColorTextVar]</textcolor>
									<info>ListItem.Label</info>
								</control>
							</control>
						</control>
					</control>
				</focusedlayout>
			</control>
			<control type="grouplist">
				<top>127</top>
				<left>1090</left>
				<itemgap>15</itemgap>
				<control type="image">
					<width>680</width>
					<height>383</height>
					<aspectratio>scale</aspectratio>
					<texture background="true">$INFO[ListItem.Art(fanart)]</texture>
					<fadetime>400</fadetime>
				</control>
				<control type="label">
					<width>680</width>
					<height>35</height>
					<font>font28_title</font>
					<textcolor>$VAR[ColorTextVar]</textcolor>
					<aligny>bottom</aligny>
					<scroll>true</scroll>
					<label>$VAR[FloorLabelVar]</label>
				</control>
				<control type="label">
					<label>$INFO[ListItem.Artist]</label>
					<width>680</width>
					<height>42</height>
					<aligny>top</aligny>
					<font>font13_title</font>
					<textcolor>$VAR[ColorHighlightVar]</textcolor>
					<visible>Container.Content(albums)</visible>
				</control>
				<control type="label">
					<label>$INFO[ListItem.Year]$INFO[ListItem.Genre, • ]</label>
					<width>680</width>
					<height>34</height>
					<font>font14</font>
					<textcolor>$VAR[ColorTextVar]</textcolor>
					<visible>Container.Content(albums)</visible>
				</control>
				<control type="label">
					<label>$INFO[ListItem.Property(Artist_Genre)]</label>
					<width>680</width>
					<height>42</height>
					<font>font13_title</font>
					<aligny>top</aligny>
					<textcolor>$VAR[ColorHighlightVar]</textcolor>
					<visible>Container.Content(artists)</visible>
				</control>
				<control type="label">
					<label>$INFO[ListItem.Property(Artist_YearsActive)]</label>
					<width>680</width>
					<height>34</height>
					<font>font14</font>
					<textcolor>$VAR[ColorTextVar]</textcolor>
					<visible>Container.Content(artists)</visible>
				</control>
				<control type="textbox">
					<label>$VAR[MusicPlotVar]</label>
					<width>680</width>
					<height>342</height>
					<font>font14_textbox</font>
					<autoscroll time="3000" delay="4000" repeat="5000">Skin.HasSetting(Enable.AutoScroll)</autoscroll>
					<include>ShowCaseInfoPanelButtonsValues</include>
				</control>
			</control>
		</control>
		<control type="group">
			<visible>Control.IsVisible(51) + !Window.IsActive(addoninformation)</visible>
			<top>-15</top>
			<include>Scrollbar_Vertical</include>
		</control>
	</include>
</includes>