<?xml version="1.0" encoding="UTF-8"?>
<window type="dialog">
	<defaultcontrol always="true">9000</defaultcontrol>
	<coordinates>
		<system>1</system>
		<left>457</left>
		<top>240</top>
	</coordinates>
	<include>dialogeffect</include>
	<controls>
		<control type="group">
			<control type="group">
				<left>157</left>
				<visible>Control.IsVisible(3) + !Control.IsVisible(5)</visible>
				<include name="DialogBackgroundCommons">
					<param name="DialogBackgroundWidth" value="692" />
					<param name="DialogBackgroundHeight" value="600" />
					<param name="DialogHeaderLabel" value="$LOCALIZE[13406]" />
					<param name="DialogHeaderId" value="1" />
				</include>
			</control>
			<control type="group">
				<visible>Control.IsVisible(5) | Control.isVisible(6)</visible>
				<include name="DialogBackgroundCommons">
					<param name="DialogBackgroundWidth" value="1006" />
					<param name="DialogBackgroundHeight" value="600" />
					<param name="DialogHeaderLabel" value="$LOCALIZE[13406]" />
					<param name="DialogHeaderId" value="1" />
				</include>
			</control>
			<control type="image">
				<left>676</left>
				<top>86</top>
				<width>300</width>
				<height>332</height>
				<aspectratio aligny="top">keep</aspectratio>
				<texture>$INFO[Container(6).ListItem.Icon]</texture>
				<visible>Control.IsVisible(6)</visible>
			</control>
			<control type="group" id="9000">
				<control type="list" id="3">
					<left>32</left>
					<top>88</top>
					<width>630</width>
					<height>480</height>
					<onup>3</onup>
					<ondown>3</ondown>
					<onleft>5</onleft>
					<onright>60</onright>
					<pagecontrol>60</pagecontrol>
					<scrolltime tween="quadratic" easing="out">200</scrolltime>
					<animation effect="slide" start="0" end="157" time="0" tween="quadratic" condition="!Control.IsVisible(5)">Conditional</animation>
					<itemlayout height="60" width="630">
						<control type="label">
							<width>630</width>
							<height>60</height>
							<textoffsetx>15</textoffsetx>
							<font>font14</font>
							<textcolor>$VAR[ColorTextVar]</textcolor>
							<selectedcolor>$VAR[ColorHighlightVar]</selectedcolor>
							<align>left</align>
							<aligny>center</aligny>
							<label>$INFO[ListItem.Label]</label>
						</control>
						<control type="label">
							<width>630</width>
							<height>60</height>
							<textoffsetx>15</textoffsetx>
							<font>font14</font>
							<textcolor>$VAR[ColorTextVar]</textcolor>
							<selectedcolor>$VAR[ColorHighlightVar]</selectedcolor>
							<align>right</align>
							<aligny>center</aligny>
							<label>$INFO[ListItem.Label2]</label>
						</control>
					</itemlayout>
					<focusedlayout height="60" width="630">
						<control type="image">
							<width>630</width>
							<height>60</height>
							<texture>listselect_fo.png</texture>
							<colordiffuse>$VAR[ColorHighlightVar]</colordiffuse>
							<visible>Control.HasFocus(3)</visible>
							<include>VisibleFadeEffect</include>
						</control>
						<control type="label">
							<width>630</width>
							<height>60</height>
							<textoffsetx>15</textoffsetx>
							<font>font14</font>
							<textcolor>$VAR[ColorTextVar]</textcolor>
							<selectedcolor>$VAR[ColorHighlightVar]</selectedcolor>
							<scroll>true</scroll>
							<align>left</align>
							<aligny>center</aligny>
							<label>$INFO[ListItem.Label]</label>
							<animation effect="fade" start="100" end="70" time="300" tween="sine" easing="inout" condition="!Control.HasFocus(3)">Conditional</animation>
						</control>
						<control type="label">
							<width>630</width>
							<height>60</height>
							<textoffsetx>15</textoffsetx>
							<font>font14</font>
							<textcolor>$VAR[ColorTextVar]</textcolor>
							<selectedcolor>$VAR[ColorHighlightVar]</selectedcolor>
							<align>right</align>
							<aligny>center</aligny>
							<label>$INFO[ListItem.Label2]</label>
							<animation effect="fade" start="100" end="70" time="300" tween="sine" easing="inout" condition="!Control.HasFocus(3)">Conditional</animation>
						</control>
					</focusedlayout>
				</control>
				<control type="list" id="6">
					<left>32</left>
					<top>88</top>
					<width>630</width>
					<height>480</height>
					<onup>6</onup>
					<ondown>6</ondown>
					<onleft>9001</onleft>
					<onright>60</onright>
					<pagecontrol>60</pagecontrol>
					<scrolltime tween="quadratic" easing="out">200</scrolltime>
					<itemlayout height="60" width="641">
						<control type="label">
							<width>630</width>
							<height>60</height>
							<font>font14</font>
							<textoffsetx>15</textoffsetx>
							<textcolor>$VAR[ColorTextVar]</textcolor>
							<selectedcolor>$VAR[ColorHighlightVar]</selectedcolor>
							<align>left</align>
							<aligny>center</aligny>
							<label>$INFO[ListItem.Label]</label>
						</control>
						<control type="label">
							<width>630</width>
							<height>60</height>
							<font>font14</font>
							<textoffsetx>15</textoffsetx>
							<textcolor>$VAR[ColorTextVar]</textcolor>
							<selectedcolor>$VAR[ColorHighlightVar]</selectedcolor>
							<align>right</align>
							<label>$INFO[ListItem.Property(Addon.Version)]</label>
						</control>
					</itemlayout>
					<focusedlayout height="60" width="641">
						<control type="image">
							<left>1</left>
							<width>630</width>
							<height>60</height>
							<texture>listselect_fo.png</texture>
							<colordiffuse>$VAR[ColorHighlightVar]</colordiffuse>
							<visible>Control.HasFocus(6)</visible>
							<include>VisibleFadeEffect</include>
						</control>
						<control type="label">
							<width>630</width>
							<height>60</height>
							<font>font14</font>
							<textoffsetx>15</textoffsetx>
							<textcolor>$VAR[ColorTextVar]</textcolor>
							<selectedcolor>$VAR[ColorHighlightVar]</selectedcolor>
							<align>left</align>
							<aligny>center</aligny>
							<label>$INFO[ListItem.Label]</label>
							<animation effect="fade" start="100" end="70" time="300" tween="sine" easing="inout" condition="!Control.HasFocus(6)">Conditional</animation>
						</control>
						<control type="label">
							<width>630</width>
							<height>60</height>
							<font>font14</font>
							<textoffsetx>15</textoffsetx>
							<textcolor>$VAR[ColorTextVar]</textcolor>
							<selectedcolor>$VAR[ColorHighlightVar]</selectedcolor>
							<align>right</align>
							<label>$INFO[ListItem.Property(Addon.Version)]</label>
							<animation effect="fade" start="100" end="70" time="300" tween="sine" easing="inout" condition="!Control.HasFocus(6)">Conditional</animation>
						</control>
					</focusedlayout>
				</control>
			</control>
			<control type="grouplist" id="9001">
				<left>676</left>
				<top>434</top>
				<height>134</height>
				<onleft>60</onleft>
				<onright>3</onright>
				<ondown>9001</ondown>
				<onup>9001</onup>
				<itemgap>14</itemgap>
				<control type="button" id="5">
					<description>Manual button</description>
					<width>300</width>
					<label>186</label>
					<texturefocus>listselect_fo.png</texturefocus>
				</control>
			</control>
			<control type="scrollbar" id="60">
				<left>664</left>
				<top>88</top>
				<height>480</height>
				<width>8</width>
				<onleft>6</onleft>
				<onright>9001</onright>
				<ondown>60</ondown>
				<onup>60</onup>
				<visible>!Control.IsVisible(3) | [Control.IsVisible(3) + Control.IsVisible(5)]</visible>
			</control>
			<control type="scrollbar" id="60">
				<!-- moved the scrollbar for the actor search results, id=3 -->
				<left>821</left>
				<top>88</top>
				<height>480</height>
				<width>8</width>
				<onleft>6</onleft>
				<onright>9001</onright>
				<ondown>60</ondown>
				<onup>60</onup>
				<visible>Control.IsVisible(3) + !Control.IsVisible(5)</visible>
			</control>
		</control>
	</controls>
</window>