<?xml version="1.0" encoding="UTF-8"?>
<window>
	<coordinates>
		<system>1</system>
		<left>1500</left>
		<top>50</top>
	</coordinates>
	<include>dialogeffect</include>
	<controls>
		<control type="group">
			<animation effect="slide" time="0" tween="cubic" easing="out" start="0,0" end="0,77" condition="Skin.HasSetting(Enable.HomeTopMenu) + Window.IsActive(Home)">Conditional</animation>
			<animation effect="slide" time="0" tween="cubic" easing="out" start="0,0" end="0,-45" condition="Skin.HasSetting(Enable.HomeVerticalMenu) + Window.IsActive(Home)">Conditional</animation>
			<left>0</left>
			<top>0</top>
			<control type="image">
				<description>background image</description>
				<left>0</left>
				<top>0</top>
				<width>400</width>
				<height>125</height>
				<texture border="12">dialog_context.png</texture>
				<colordiffuse>$VAR[ColorDialogVar]</colordiffuse>
			</control>
			<control type="progress" id="10">
				<description>progress control</description>
				<left>0</left>
				<top>0</top>
				<width>400</width>
				<height>125</height>
			</control>
			<control type="group">
				<!--<visible>!System.Platform.Linux.RaspberryPi</visible>-->
				<control type="image">
					<description>Busy animation</description>
					<left>19</left>
					<top>15</top>
					<width>96</width>
					<height>96</height>
					<texture>android/spinner_48_inner_holo.png</texture>
					<aspectratio>keep</aspectratio>
					<animation effect="rotate" start="0" end="360" center="auto" time="2000" loop="true" condition="true">conditional</animation>
				</control>
				<control type="image">
					<description>Busy animation</description>
					<left>19</left>
					<top>15</top>
					<width>96</width>
					<height>96</height>
					<texture>android/spinner_48_outer_holo.png</texture>
					<aspectratio>keep</aspectratio>
					<animation effect="rotate" start="360" end="0" center="auto" time="2000" loop="true" condition="true">conditional</animation>
				</control>
			</control>
			<control type="list">
				<left>150</left>
				<top>20</top>
				<width>300</width>
				<height>75</height>
				<scrolltime tween="quadratic" easing="out">0</scrolltime>
				<autoscroll time="1000" repeat="1000">true</autoscroll>
				<orientation>vertical</orientation>
				<itemlayout height="100">
					<control type="label">
						<description>Busy label</description>
						<left>0</left>
						<top>0</top>
						<width>200</width>
						<height>75</height>
						<align>left</align>
						<aligny>center</aligny>
						<label>$INFO[ListItem.Label]</label>
						<font>font15_title</font>
					</control>
				</itemlayout>
				<focusedlayout height="100">
					<control type="label">
						<description>Busy label</description>
						<left>0</left>
						<top>0</top>
						<width>200</width>
						<height>75</height>
						<align>left</align>
						<aligny>center</aligny>
						<label>$INFO[ListItem.Label]</label>
						<font>font15_title</font>
					</control>
				</focusedlayout>
				<content>
					<item>
						<label>$LOCALIZE[31004]</label>
						<onclick>noop</onclick>
					</item>
					<item>
						<label>$LOCALIZE[31004].</label>
						<onclick>noop</onclick>
					</item>
					<item>
						<label>$LOCALIZE[31004]..</label>
						<onclick>noop</onclick>
					</item>
					<item>
						<label>$LOCALIZE[31004]...</label>
						<onclick>noop</onclick>
					</item>
				</content>
			</control>
		</control>
	</controls>
</window>