<?xml version="1.0" encoding="UTF-8"?>
<includes>
	<include name="LiveCasesBackground">
		<control type="wraplist" id="9031">
			<include>HiddenList</include>
			<content>$VAR[CaseContentVar]</content>
			<visible>SubString(Container(9000).ListItem.Property(background),s:live,Left)</visible>
		</control>
		<control type="wraplist" id="9034">
			<include>HiddenList</include>
			<content>$VAR[CaseContentVar]</content>
			<autoscroll time="7000" delay="7000" repeat="7000">SubString(Container(9000).ListItem.Property(background),s:playlist,Left)</autoscroll>
			<visible>SubString(Container(9000).ListItem.Property(background),s:playlist,Left)</visible>
		</control>
		<control type="image">
			<animation effect="fade" time="600">VisibleChange</animation>
			<fadetime>600</fadetime>
			<visible>SubString(Container(9000).ListItem.Property(background),s:live,Left)</visible>
			<include>FullscreenDimensions</include>
			<aspectratio align="center" aligny="top">scale</aspectratio>
			<texture background="true">special://skin/backgrounds/default_livecases.jpg</texture>
		</control>
		<control type="group">
			<visible>SubString(Container(9000).ListItem.Property(background),s:live,Left)</visible>
			<animation effect="fade" time="600">WindowOpen</animation>
			<animation effect="fade" time="600">VisibleChange</animation>
			<control type="group">
				<description>Case 1</description>
				<left>1170</left>
				<top>1030</top>
				<animation effect="zoom" start="180" end="180" center="auto" time="0" tween="linear" pulse="true" condition="true">Conditional</animation>
				<animation effect="rotate" center="auto" start="-65" end="-65" time="0" condition="true">Conditional</animation>
				<control type="image">
					<left>40</left>
					<top>11</top>
					<width>219</width>
					<height>330</height>
					<align>center</align>
					<fadetime>IconCrossfadeTime</fadetime>
					<aspectratio scalediffuse="false">scale</aspectratio>
					<texture background="true" diffuse="thumbs/boxes/movieposter_mask.png" fallback="DefaultVideoCover.png">$VAR[Case10Var]</texture>
				</control>
				<control type="image">
					<left>0</left>
					<top>0</top>
					<width>276</width>
					<height>360</height>
					<bordertexture>thumbs/boxes/poster_shadow.png</bordertexture>
					<texture background="true">thumbs/boxes/poster_glass.png</texture>
				</control>
			</control>
			<control type="group">
				<description>Case 2</description>
				<left>800</left>
				<top>0</top>
				<animation effect="zoom" start="180" end="180" center="auto" time="0" tween="linear" pulse="true" condition="true">Conditional</animation>
				<animation effect="rotate" center="auto" start="65" end="65" time="0" condition="true">Conditional</animation>
				<control type="image">
					<left>40</left>
					<top>11</top>
					<width>219</width>
					<height>330</height>
					<align>center</align>
					<fadetime>IconCrossfadeTime</fadetime>
					<aspectratio scalediffuse="false">scale</aspectratio>
					<texture background="true" diffuse="thumbs/boxes/movieposter_mask.png" fallback="DefaultVideoCover.png">$VAR[Case9Var]</texture>
				</control>
				<control type="image">
					<left>0</left>
					<top>0</top>
					<width>276</width>
					<height>360</height>
					<bordertexture>thumbs/boxes/poster_shadow.png</bordertexture>
					<texture background="true">thumbs/boxes/poster_glass.png</texture>
				</control>
			</control>
			<control type="group">
				<description>Case 3</description>
				<left>500</left>
				<top>150</top>
				<animation effect="zoom" start="180" end="180" center="auto" time="0" tween="linear" pulse="true" condition="true">Conditional</animation>
				<animation effect="rotate" center="auto" start="10" end="10" time="0" condition="true">Conditional</animation>
				<control type="image">
					<left>40</left>
					<top>11</top>
					<width>219</width>
					<height>330</height>
					<align>center</align>
					<fadetime>IconCrossfadeTime</fadetime>
					<aspectratio scalediffuse="false">scale</aspectratio>
					<texture background="true" diffuse="thumbs/boxes/movieposter_mask.png" fallback="DefaultVideoCover.png">$VAR[Case8Var]</texture>
				</control>
				<control type="image">
					<left>0</left>
					<top>0</top>
					<width>276</width>
					<height>360</height>
					<bordertexture>thumbs/boxes/poster_shadow.png</bordertexture>
					<texture background="true">thumbs/boxes/poster_glass.png</texture>
				</control>
			</control>
			<control type="group">
				<description>Case 4</description>
				<left>1550</left>
				<top>300</top>
				<animation effect="zoom" start="180" end="180" center="auto" time="0" tween="linear" pulse="true" condition="true">Conditional</animation>
				<animation effect="rotate" center="auto" start="-20" end="-20" time="0" condition="true">Conditional</animation>
				<control type="image">
					<left>40</left>
					<top>11</top>
					<width>219</width>
					<height>330</height>
					<align>center</align>
					<fadetime>IconCrossfadeTime</fadetime>
					<aspectratio scalediffuse="false">scale</aspectratio>
					<texture background="true" diffuse="thumbs/boxes/movieposter_mask.png" fallback="DefaultVideoCover.png">$VAR[Case7Var]</texture>
				</control>
				<control type="image">
					<left>0</left>
					<top>0</top>
					<width>276</width>
					<height>360</height>
					<bordertexture>thumbs/boxes/poster_shadow.png</bordertexture>
					<texture background="true">thumbs/boxes/poster_glass.png</texture>
				</control>
			</control>
			<control type="group">
				<description>Case 5</description>
				<left>1000</left>
				<top>170</top>
				<animation effect="zoom" start="180" end="180" center="auto" time="0" tween="linear" pulse="true" condition="true">Conditional</animation>
				<animation effect="rotate" center="auto" start="25" end="25" time="0" condition="true">Conditional</animation>
				<control type="image">
					<left>40</left>
					<top>11</top>
					<width>219</width>
					<height>330</height>
					<align>center</align>
					<fadetime>IconCrossfadeTime</fadetime>
					<aspectratio scalediffuse="false">scale</aspectratio>
					<texture background="true" diffuse="thumbs/boxes/movieposter_mask.png" fallback="DefaultVideoCover.png">$VAR[Case6Var]</texture>
				</control>
				<control type="image">
					<left>0</left>
					<top>0</top>
					<width>276</width>
					<height>360</height>
					<bordertexture>thumbs/boxes/poster_shadow.png</bordertexture>
					<texture background="true">thumbs/boxes/poster_glass.png</texture>
				</control>
			</control>
			<control type="group">
				<description>Case 6</description>
				<left>1900</left>
				<top>-100</top>
				<animation effect="zoom" start="180" end="180" center="auto" time="0" tween="linear" pulse="true" condition="true">Conditional</animation>
				<animation effect="rotate" center="auto" start="75" end="75" time="0" condition="true">Conditional</animation>
				<control type="image">
					<left>40</left>
					<top>11</top>
					<width>219</width>
					<height>330</height>
					<align>center</align>
					<fadetime>IconCrossfadeTime</fadetime>
					<aspectratio scalediffuse="false">scale</aspectratio>
					<texture background="true" diffuse="thumbs/boxes/movieposter_mask.png" fallback="DefaultVideoCover.png">$VAR[Case5Var]</texture>
				</control>
				<control type="image">
					<left>0</left>
					<top>0</top>
					<width>276</width>
					<height>360</height>
					<bordertexture>thumbs/boxes/poster_shadow.png</bordertexture>
					<texture background="true">thumbs/boxes/poster_glass.png</texture>
				</control>
			</control>
			<control type="group">
				<description>Case 7</description>
				<left>1500</left>
				<top>800</top>
				<animation effect="zoom" start="180" end="180" center="auto" time="0" tween="linear" pulse="true" condition="true">Conditional</animation>
				<animation effect="rotate" center="auto" start="45" end="45" time="0" condition="true">Conditional</animation>
				<control type="image">
					<left>40</left>
					<top>11</top>
					<width>219</width>
					<height>330</height>
					<align>center</align>
					<fadetime>IconCrossfadeTime</fadetime>
					<aspectratio scalediffuse="false">scale</aspectratio>
					<texture background="true" diffuse="thumbs/boxes/movieposter_mask.png" fallback="DefaultVideoCover.png">$VAR[Case4Var]</texture>
				</control>
				<control type="image">
					<left>0</left>
					<top>0</top>
					<width>276</width>
					<height>360</height>
					<bordertexture>thumbs/boxes/poster_shadow.png</bordertexture>
					<texture background="true">thumbs/boxes/poster_glass.png</texture>
				</control>
			</control>
			<control type="group">
				<description>Case 8</description>
				<left>1450</left>
				<top>650</top>
				<animation effect="zoom" start="180" end="180" center="auto" time="0" tween="linear" pulse="true" condition="true">Conditional</animation>
				<animation effect="rotate" center="auto" start="-35" end="-35" time="0" condition="true">Conditional</animation>
				<control type="image">
					<left>40</left>
					<top>11</top>
					<width>219</width>
					<height>330</height>
					<align>center</align>
					<fadetime>IconCrossfadeTime</fadetime>
					<aspectratio scalediffuse="false">scale</aspectratio>
					<texture background="true" diffuse="thumbs/boxes/movieposter_mask.png" fallback="DefaultVideoCover.png">$VAR[Case3Var]</texture>
				</control>
				<control type="image">
					<left>0</left>
					<top>0</top>
					<width>276</width>
					<height>360</height>
					<bordertexture>thumbs/boxes/poster_shadow.png</bordertexture>
					<texture background="true">thumbs/boxes/poster_glass.png</texture>
				</control>
			</control>
			<control type="group">
				<description>Case 9</description>
				<left>1100</left>
				<top>400</top>
				<animation effect="zoom" start="180" end="180" center="auto" time="0" tween="linear" pulse="true" condition="true">Conditional</animation>
				<animation effect="rotate" center="auto" start="-10" end="-10" time="0" condition="true">Conditional</animation>
				<control type="image">
					<left>40</left>
					<top>11</top>
					<width>219</width>
					<height>330</height>
					<align>center</align>
					<fadetime>IconCrossfadeTime</fadetime>
					<aspectratio scalediffuse="false">scale</aspectratio>
					<texture background="true" diffuse="thumbs/boxes/movieposter_mask.png" fallback="DefaultVideoCover.png">$VAR[Case2Var]</texture>
				</control>
				<control type="image">
					<left>0</left>
					<top>0</top>
					<width>276</width>
					<height>360</height>
					<bordertexture>thumbs/boxes/poster_shadow.png</bordertexture>
					<texture background="true">thumbs/boxes/poster_glass.png</texture>
				</control>
			</control>
			<control type="group">
				<description>Case 10</description>
				<left>700</left>
				<top>400</top>
				<animation effect="zoom" start="180" end="180" center="auto" time="0" tween="linear" pulse="true" condition="true">Conditional</animation>
				<animation effect="rotate" center="auto" start="3" end="3" time="0" condition="true">Conditional</animation>
				<control type="image">
					<left>40</left>
					<top>11</top>
					<width>219</width>
					<height>330</height>
					<align>center</align>
					<fadetime>IconCrossfadeTime</fadetime>
					<aspectratio scalediffuse="false">scale</aspectratio>
					<texture background="true" diffuse="thumbs/boxes/movieposter_mask.png" fallback="DefaultVideoCover.png">$VAR[Case1Var]</texture>
				</control>
				<control type="image">
					<left>0</left>
					<top>0</top>
					<width>276</width>
					<height>360</height>
					<bordertexture>thumbs/boxes/poster_shadow.png</bordertexture>
					<texture background="true">thumbs/boxes/poster_glass.png</texture>
				</control>
			</control>
		</control>
		<control type="group">
			<animation effect="fade" time="600">WindowOpen</animation>
			<animation effect="fade" time="600">VisibleChange</animation>
			<visible>StringCompare(Container(9000).ListItem.Art(thumb),9) | StringCompare(Container(9000).ListItem.Art(thumb),10)</visible>
			<control type="group">
				<left>-200</left>
				<control type="group">
					<left>1120</left>
					<top>700</top>
					<animation effect="zoom" start="150" end="150" center="auto" time="0" condition="true">Conditional</animation>
					<animation effect="rotate" center="auto" start="9" end="9" time="0" condition="true">Conditional</animation>
					<control type="image">
						<left>54</left>
						<top>17</top>
						<width>302</width>
						<height>302</height>
						<fadetime>600</fadetime>
						<texture background="true" diffuse="thumbs/boxes/cdcover_mask_aa.png" fallback="DefaultAudio.png">$VAR[Case10Var]</texture>
						<aspectratio scalediffuse="false">scale</aspectratio>
					</control>
					<control type="image">
						<width>375</width>
						<height>342</height>
						<bordertexture>thumbs/boxes/cd_shadow_light.png</bordertexture>
						<texture background="true">thumbs/boxes/cd_glass.png</texture>
					</control>
				</control>
				<control type="group">
					<left>700</left>
					<animation effect="zoom" start="150" end="150" center="auto" time="0" condition="true">Conditional</animation>
					<animation effect="rotate" center="auto" start="65" end="65" time="0" condition="true">Conditional</animation>
					<control type="image">
						<left>54</left>
						<top>17</top>
						<width>302</width>
						<height>302</height>
						<fadetime>600</fadetime>
						<texture background="true" diffuse="thumbs/boxes/cdcover_mask_aa.png" fallback="DefaultAudio.png">$VAR[Case9Var]</texture>
						<aspectratio scalediffuse="false">scale</aspectratio>
					</control>
					<control type="image">
						<width>375</width>
						<height>342</height>
						<bordertexture>thumbs/boxes/cd_shadow_light.png</bordertexture>
						<texture background="true">thumbs/boxes/cd_glass.png</texture>
					</control>
				</control>
				<control type="group">
					<left>430</left>
					<top>100</top>
					<animation effect="zoom" start="150" end="150" center="auto" time="0" condition="true">Conditional</animation>
					<animation effect="rotate" center="auto" start="10" end="10" time="0" condition="true">Conditional</animation>
					<control type="image">
						<left>54</left>
						<top>17</top>
						<width>302</width>
						<height>302</height>
						<texture background="true" diffuse="thumbs/boxes/cdcover_mask_aa.png" fallback="DefaultAudio.png">$VAR[Case8Var]</texture>
						<fadetime>600</fadetime>
						<aspectratio scalediffuse="false">scale</aspectratio>
					</control>
					<control type="image">
						<width>375</width>
						<height>342</height>
						<bordertexture>thumbs/boxes/cd_shadow_light.png</bordertexture>
						<texture background="true">thumbs/boxes/cd_glass.png</texture>
					</control>
				</control>
				<control type="group">
					<left>1600</left>
					<top>200</top>
					<animation effect="zoom" start="150" end="150" center="auto" time="0" condition="true">Conditional</animation>
					<animation effect="rotate" center="auto" start="-20" end="-20" time="0" condition="true">Conditional</animation>
					<control type="image">
						<left>54</left>
						<top>17</top>
						<width>302</width>
						<height>302</height>
						<fadetime>600</fadetime>
						<texture background="true" diffuse="thumbs/boxes/cdcover_mask_aa.png" fallback="DefaultAudio.png">$VAR[Case7Var]</texture>
						<aspectratio scalediffuse="false">scale</aspectratio>
					</control>
					<control type="image">
						<width>375</width>
						<height>342</height>
						<bordertexture>thumbs/boxes/cd_shadow_light.png</bordertexture>
						<texture background="true">thumbs/boxes/cd_glass.png</texture>
					</control>
				</control>
				<control type="group">
					<left>1000</left>
					<top>50</top>
					<animation effect="zoom" start="150" end="150" center="auto" time="0" condition="true">Conditional</animation>
					<animation effect="rotate" center="auto" start="25" end="25" time="0" condition="true">Conditional</animation>
					<control type="image">
						<left>54</left>
						<top>17</top>
						<width>302</width>
						<height>302</height>
						<texture background="true" diffuse="thumbs/boxes/cdcover_mask_aa.png" fallback="DefaultAudio.png">$VAR[Case6Var]</texture>
						<fadetime>600</fadetime>
						<aspectratio scalediffuse="false">scale</aspectratio>
					</control>
					<control type="image">
						<width>375</width>
						<height>342</height>
						<bordertexture>thumbs/boxes/cd_shadow_light.png</bordertexture>
						<texture background="true">thumbs/boxes/cd_glass.png</texture>
					</control>
				</control>
				<control type="group">
					<left>1950</left>
					<top>-100</top>
					<animation effect="zoom" start="150" end="150" center="auto" time="0" condition="true">Conditional</animation>
					<animation effect="rotate" center="auto" start="75" end="75" time="0" condition="true">Conditional</animation>
					<control type="image">
						<left>54</left>
						<top>17</top>
						<width>302</width>
						<height>302</height>
						<fadetime>600</fadetime>
						<texture background="true" diffuse="thumbs/boxes/cdcover_mask_aa.png" fallback="DefaultAudio.png">$VAR[Case5Var]</texture>
						<aspectratio scalediffuse="false">scale</aspectratio>
					</control>
					<control type="image">
						<width>375</width>
						<height>342</height>
						<bordertexture>thumbs/boxes/cd_shadow_light.png</bordertexture>
						<texture background="true">thumbs/boxes/cd_glass.png</texture>
					</control>
				</control>
				<control type="group">
					<left>1700</left>
					<top>800</top>
					<animation effect="zoom" start="150" end="150" center="auto" time="0" condition="true">Conditional</animation>
					<animation effect="rotate" center="auto" start="45" end="45" time="0" condition="true">Conditional</animation>
					<control type="image">
						<left>54</left>
						<top>17</top>
						<width>302</width>
						<height>302</height>
						<fadetime>600</fadetime>
						<texture background="true" diffuse="thumbs/boxes/cdcover_mask_aa.png" fallback="DefaultAudio.png">$VAR[Case4Var]</texture>
						<aspectratio scalediffuse="false">scale</aspectratio>
					</control>
					<control type="image">
						<width>375</width>
						<height>342</height>
						<bordertexture>thumbs/boxes/cd_shadow_light.png</bordertexture>
						<texture background="true">thumbs/boxes/cd_glass.png</texture>
					</control>
				</control>
				<control type="group">
					<left>1470</left>
					<top>510</top>
					<animation effect="zoom" start="150" end="150" center="auto" time="0" condition="true">Conditional</animation>
					<animation effect="rotate" center="auto" start="-15" end="-15" time="0" condition="true">Conditional</animation>
					<control type="image">
						<left>54</left>
						<top>17</top>
						<width>302</width>
						<fadetime>600</fadetime>
						<height>302</height>
						<texture background="true" diffuse="thumbs/boxes/cdcover_mask_aa.png" fallback="DefaultAudio.png">$VAR[Case3Var]</texture>
						<aspectratio scalediffuse="false">scale</aspectratio>
					</control>
					<control type="image">
						<width>375</width>
						<height>342</height>
						<bordertexture>thumbs/boxes/cd_shadow_light.png</bordertexture>
						<texture background="true">thumbs/boxes/cd_glass.png</texture>
					</control>
				</control>
				<control type="group">
					<left>1020</left>
					<top>420</top>
					<animation effect="zoom" start="150" end="150" center="auto" time="0" condition="true">Conditional</animation>
					<animation effect="rotate" center="auto" start="-10" end="-10" time="0" condition="true">Conditional</animation>
					<control type="image">
						<left>54</left>
						<top>17</top>
						<width>302</width>
						<height>302</height>
						<fadetime>600</fadetime>
						<texture background="true" diffuse="thumbs/boxes/cdcover_mask_aa.png" fallback="DefaultAudio.png">$VAR[Case2Var]</texture>
						<aspectratio scalediffuse="false">scale</aspectratio>
					</control>
					<control type="image">
						<width>375</width>
						<height>342</height>
						<bordertexture>thumbs/boxes/cd_shadow_light.png</bordertexture>
						<texture background="true">thumbs/boxes/cd_glass.png</texture>
					</control>
				</control>
				<control type="group">
					<left>600</left>
					<top>400</top>
					<animation effect="zoom" start="150" end="150" center="auto" time="0" condition="true">Conditional</animation>
					<animation effect="rotate" center="auto" start="3" end="3" time="0" condition="true">Conditional</animation>
					<control type="image">
						<left>54</left>
						<top>17</top>
						<width>302</width>
						<height>302</height>
						<texture background="true" diffuse="thumbs/boxes/cdcover_mask_aa.png" fallback="DefaultAudio.png">$VAR[Case1Var]</texture>
						<fadetime>600</fadetime>
						<aspectratio scalediffuse="false">scale</aspectratio>
					</control>
					<control type="image">
						<width>375</width>
						<height>342</height>
						<bordertexture>thumbs/boxes/cd_shadow_light.png</bordertexture>
						<texture background="true">thumbs/boxes/cd_glass.png</texture>
					</control>
				</control>
			</control>
		</control>
	</include>
	<!-- Cases Content Var -->
	<variable name="CaseContentVar">
		<value condition="SubString(Container(9000).ListItem.Property(background),i:movies,Right)">special://skin/extras/playlists/recentmovies.xsp</value>
		<value condition="SubString(Container(9000).ListItem.Property(background),i:episodes,Right)">special://skin/extras/playlists/recentepisodes.xsp</value>
		<value condition="SubString(Container(9000).ListItem.Property(background),i:songs,Right)">plugin://service.library.data.provider?type=randomsongs&amp;reload=$INFO[Window.Property(randomsongs)]</value>
		<value condition="SubString(Container(9000).ListItem.Property(background),i:albums,Right)">plugin://service.library.data.provider?type=randomalbums&amp;reload=$INFO[Window.Property(randomalbums)]</value>
		<value condition="SubString(Container(9000).ListItem.Property(background),i:playlist,Right)">$INFO[Container(9000).ListItem.Property(backgroundPlaylist)]</value>
	</variable>
	<!-- Cases Background Vars-->
	<variable name="Case1Var">
		<value condition="!IsEmpty(Container(9031).ListItem(0).Art(tvshow.poster))">$INFO[Container(9031).ListItem(0).Art(tvshow.poster)]</value>
		<value condition="!IsEmpty(Container(9031).ListItem(0).Art(poster))">$INFO[Container(9031).ListItem(0).Art(poster)]</value>
		<value>$INFO[Container(9031).ListItem(0).Icon]</value>
	</variable>
	<variable name="Case2Var">
		<value condition="!IsEmpty(Container(9031).ListItem(1).Art(tvshow.poster))">$INFO[Container(9031).ListItem(1).Art(tvshow.poster)]</value>
		<value condition="!IsEmpty(Container(9031).ListItem(1).Art(poster))">$INFO[Container(9031).ListItem(1).Art(poster)]</value>
		<value>$INFO[Container(9031).ListItem(1).Icon]</value>
	</variable>
	<variable name="Case3Var">
		<value condition="!IsEmpty(Container(9031).ListItem(2).Art(tvshow.poster))">$INFO[Container(9031).ListItem(2).Art(tvshow.poster)]</value>
		<value condition="!IsEmpty(Container(9031).ListItem((2).Art(poster)))">$INFO[Container(9031).ListItem(2).Art(poster)]</value>
		<value>$INFO[Container(9031).ListItem(2).Icon]</value>
	</variable>
	<variable name="Case4Var">
		<value condition="!IsEmpty(Container(9031).ListItem(9).Art(tvshow.poster))">$INFO[Container(9031).ListItem(9).Art(tvshow.poster)]</value>
		<value condition="!IsEmpty(Container(9031).ListItem(9).Art(poster))">$INFO[Container(9031).ListItem(9).Art(poster)]</value>
		<value>$INFO[Container(9031).ListItem(9).Icon]</value>
	</variable>
	<variable name="Case5Var">
		<value condition="!IsEmpty(Container(9031).ListItem(7).Art(tvshow.poster))">$INFO[Container(9031).ListItem(7).Art(tvshow.poster)]</value>
		<value condition="!IsEmpty(Container(9031).ListItem(7).Art(poster))">$INFO[Container(9031).ListItem(7).Art(poster)]</value>
		<value>$INFO[Container(9031).ListItem(7).Icon]</value>
	</variable>
	<variable name="Case6Var">
		<value condition="!IsEmpty(Container(9031).ListItem(3).Art(tvshow.poster))">$INFO[Container(9031).ListItem(3).Art(tvshow.poster)]</value>
		<value condition="!IsEmpty(Container(9031).ListItem(3).Art(poster))">$INFO[Container(9031).ListItem(3).Art(poster)]</value>
		<value>$INFO[Container(9031).ListItem(3).Icon]</value>
	</variable>
	<variable name="Case7Var">
		<value condition="!IsEmpty(Container(9031).ListItem(8).Art(tvshow.poster))">$INFO[Container(9031).ListItem(8).Art(tvshow.poster)]</value>
		<value condition="!IsEmpty(Container(9031).ListItem(8).Art(poster))">$INFO[Container(9031).ListItem(8).Art(poster)]</value>
		<value>$INFO[Container(9031).ListItem(8).Icon]</value>
	</variable>
	<variable name="Case8Var">
		<value condition="!IsEmpty(Container(9031).ListItem(4).Art(tvshow.poster))">$INFO[Container(9031).ListItem(4).Art(tvshow.poster)]</value>
		<value condition="!IsEmpty(Container(9031).ListItem(4).Art(poster))">$INFO[Container(9031).ListItem(4).Art(poster)]</value>
		<value>$INFO[Container(9031).ListItem(4).Icon]</value>
	</variable>
	<variable name="Case9Var">
		<value condition="!IsEmpty(Container(9031).ListItem(5).Art(tvshow.poster))">$INFO[Container(9031).ListItem(5).Art(tvshow.poster)]</value>
		<value condition="!IsEmpty(Container(9031).ListItem(5).Art(poster))">$INFO[Container(9031).ListItem(5).Art(poster)]</value>
		<value>$INFO[Container(9031).ListItem(5).Icon]</value>
	</variable>
	<variable name="Case10Var">
		<value condition="!IsEmpty(Container(9031).ListItem(6).Art(tvshow.poster))">$INFO[Container(9031).ListItem(6).Art(tvshow.poster)]</value>
		<value condition="!IsEmpty(Container(9031).ListItem(6).Art(poster))">$INFO[Container(9031).ListItem(6).Art(poster)]</value>
		<value>$INFO[Container(9031).ListItem(6).Icon]</value>
	</variable>
</includes>