<?xml version="1.0" encoding="UTF-8"?>
<includes>
	<!-- Home Widgets Includes -->
	<include name="WidgetListFixed">
		<control type="fixedlist" id="8000">
			<include>WidgetListContent</include>
		</control>
	</include>
	<include name="WidgetListWrapped">
		<control type="wraplist" id="8000">
			<include>WidgetListContent</include>
		</control>
	</include>
	<include name="WidgetListContent">
		<oninfo condition="StringCompare(Container(9000).ListItem.Property(widgetType),movies)">RunScript(script.extendedinfo,info=extendedinfo,name=$INFO[Container(8000).ListItem.Label])</oninfo>
        <oninfo condition="StringCompare(Container(9000).ListItem.Property(widgetType),episodes)">RunScript(script.extendedinfo,info=extendedtvinfo,name=$INFO[Container(8000).ListItem.TvShowTitle])</oninfo>
		<animation effect="slide" time="0" start="0,0" end="0,190" condition="Skin.HasSetting(Enable.HomeTopMenu)">Conditional</animation>
		<animation effect="fade" start="100" end="0" time="0" reversible="false" condition="Container(8000).IsUpdating | Container(9000).OnNext | Container(9000).OnPrevious | Window.IsVisible(favourites) | Window.IsVisible(script-globalsearch-main.xml) | Window.IsVisible(main.xml) | Window.IsVisible(BigScreenList.xml)">Conditional</animation>
		<animation effect="fade" start="0" end="100" time="200" reversible="false" condition="![Container(8000).IsUpdating | Container(9000).OnNext | Container(9000).OnPrevious | Window.IsVisible(favourites) | Window.IsVisible(script-globalsearch-main.xml) | Window.IsVisible(main.xml) | Window.IsVisible(BigScreenList.xml)]">Conditional</animation>
		<animation effect="slide" time="200" tween="sine" easing="inout" end="0,700" start="0">WindowClose</animation>
		<left>0</left>
		<top>484</top>
		<width>FullScreenWidth</width>
		<height>360</height>
		<onup>9000</onup>
		<ondown>9000</ondown>
		<onback>9000</onback>
		<viewtype label="535">list</viewtype>
		<focusposition>0</focusposition>
		<pagecontrol>-</pagecontrol>
		<preloaditems>2</preloaditems>
		<scrolltime tween="sine" easing="out">240</scrolltime>
		<orientation>horizontal</orientation>
		<visible>!IsEmpty(Container(9000).ListItem.Property(widgetPath))</visible>
		<autoscroll time="10000" delay="10000" repeat="10000">[Control.IsVisible(9003) + !Control.HasFocus(8000)] + !Skin.HasSetting(Disable.WidgetAutoScroll)</autoscroll>
		
		<!-- Poster -->
		<itemlayout height="320" width="220" condition="!StringCompare(Container(9000).ListItem.Property(widgetIcon),$LOCALIZE[31313]) + !StringCompare(Container(9000).ListItem.Property(widgetIcon),$LOCALIZE[31100])">
			<control type="image">
				<visible>IsEmpty(ListItem.Art(tvshow.poster))</visible>
				<top>30</top>
				<left>90</left>
				<width>200</width>
				<height>300</height>
				<aspectratio aligny="center" align="center">scale</aspectratio>
				<texture background="true">$INFO[ListItem.Art(thumb)]</texture>
			</control>
			<control type="image">
				<visible>!IsEmpty(ListItem.Art(tvshow.poster))</visible>
				<top>30</top>
				<left>90</left>
				<width>200</width>
				<height>300</height>
				<aspectratio aligny="center" align="center">scale</aspectratio>
				<texture background="true">$INFO[ListItem.Art(tvshow.poster)]</texture>
			</control>
			<control type="image">
				<top>30</top>
				<left>90</left>
				<width>200</width>
				<height>300</height>
				<texture>thumbs/diffuse.png</texture>
			</control>
		</itemlayout>
		<focusedlayout height="320" width="220" condition="!StringCompare(Container(9000).ListItem.Property(widgetIcon),$LOCALIZE[31313]) + !StringCompare(Container(9000).ListItem.Property(widgetIcon),$LOCALIZE[31100])">
			<control type="group">
				<animation center="190,180" easing="inout" effect="zoom" end="136" start="100" time="300" tween="sine">Focus</animation>
				<animation center="190,180" easing="inout" effect="zoom" end="100" start="136" time="300" tween="sine">UnFocus</animation>
				<control type="image">
					<visible>IsEmpty(ListItem.Art(tvshow.poster))</visible>
					<top>30</top>
					<left>90</left>
					<width>200</width>
					<height>300</height>
					<aspectratio aligny="center" align="center">scale</aspectratio>
					<texture background="true">$INFO[ListItem.Art(thumb)]</texture>
				</control>
				<control type="image">
					<visible>!IsEmpty(ListItem.Art(tvshow.poster))</visible>
					<top>30</top>
					<left>90</left>
					<width>200</width>
					<height>300</height>
					<aspectratio aligny="center" align="center">scale</aspectratio>
					<texture background="true">$INFO[ListItem.Art(tvshow.poster)]</texture>
				</control>
				<control type="image">
					<top>30</top>
					<left>90</left>
					<width>200</width>
					<height>300</height>
					<texture>thumbs/diffuse.png</texture>
					<animation center="auto" condition="Control.HasFocus(8000)" easing="inout" effect="fade" end="0" start="100" time="300" tween="sine">Focus</animation>
					<animation center="auto" condition="Control.HasFocus(8000)" easing="inout" effect="fade" end="100" start="0" time="300" tween="sine">UnFocus</animation>
				</control>
			</control>
		</focusedlayout>

		<!-- Square -->
		<itemlayout height="300" width="330" condition="StringCompare(Container(9000).ListItem.Property(widgetIcon),$LOCALIZE[31313])">
			<control type="image">
				<top>30</top>
				<left>148</left>
				<width>300</width>
				<height>300</height>
				<aspectratio aligny="center" align="center">scale</aspectratio>
				<texture background="true">$INFO[ListItem.Art(thumb)]</texture>
			</control>
			<control type="image">
				<top>30</top>
				<left>148</left>
				<width>300</width>
				<height>300</height>
				<texture>thumbs/diffuse.png</texture>
			</control>
		</itemlayout>
		<focusedlayout height="300" width="330" condition="StringCompare(Container(9000).ListItem.Property(widgetIcon),$LOCALIZE[31313])">
			<control type="group">
				<animation center="298,180" easing="inout" effect="zoom" end="136" start="100" time="300" tween="sine">Focus</animation>
				<animation center="298,180" easing="inout" effect="zoom" end="100" start="136" time="300" tween="sine">UnFocus</animation>
				<control type="image">
					<top>30</top>
					<left>148</left>
					<width>300</width>
					<height>300</height>
					<aspectratio aligny="center" align="center">scale</aspectratio>
					<texture background="true">$INFO[ListItem.Art(thumb)]</texture>
				</control>
				<control type="image">
					<top>30</top>
					<left>148</left>
					<width>300</width>
					<height>300</height>
					<texture>thumbs/diffuse.png</texture>
					<animation center="auto" condition="Control.HasFocus(8000)" easing="inout" effect="fade" end="0" start="100" time="300" tween="sine">Focus</animation>
					<animation center="auto" condition="Control.HasFocus(8000)" easing="inout" effect="fade" end="100" start="0" time="300" tween="sine">UnFocus</animation>
				</control>
			</control>
		</focusedlayout>

		<!-- Landscape -->
		<itemlayout height="300" width="563" condition="StringCompare(Container(9000).ListItem.Property(widgetIcon),$LOCALIZE[31100])">
			<control type="image">
				<top>30</top>
				<left>130</left>
				<width>533</width>
				<height>300</height>
				<aspectratio aligny="center" align="center">scale</aspectratio>
				<texture background="true">$VAR[LandscapeImage]</texture>
			</control>
			<control type="image">
				<top>30</top>
				<left>130</left>
				<width>533</width>
				<height>300</height>
				<texture>thumbs/diffuse.png</texture>
			</control>
		</itemlayout>
		<focusedlayout height="300" width="563" condition="StringCompare(Container(9000).ListItem.Property(widgetIcon),$LOCALIZE[31100])">
			<control type="group">
				<animation center="396,180" easing="inout" effect="zoom" end="136" start="100" time="300" tween="sine">Focus</animation>
				<animation center="396,180" easing="inout" effect="zoom" end="100" start="136" time="300" tween="sine">UnFocus</animation>
				<control type="image">
					<top>30</top>
					<left>130</left>
					<width>533</width>
					<height>300</height>
					<aspectratio aligny="center" align="center">scale</aspectratio>
					<texture background="true">$VAR[LandscapeImage]</texture>
				</control>
				<control type="image">
					<top>30</top>
					<left>130</left>
					<width>533</width>
					<height>300</height>
					<texture>thumbs/diffuse.png</texture>
					<animation center="auto" condition="Control.HasFocus(8000)" easing="inout" effect="fade" end="0" start="100" time="300" tween="sine">Focus</animation>
					<animation center="auto" condition="Control.HasFocus(8000)" easing="inout" effect="fade" end="100" start="0" time="300" tween="sine">UnFocus</animation>
				</control>
			</control>
		</focusedlayout>

		<content target="$INFO[Container(9000).ListItem.Property(widgetTarget)]">$INFO[Container(9000).ListItem.Property(widgetPath)]</content>
	</include>
	
	<include name="WidgetPanelContent">
		<control type="image">
			<visible>!StringCompare(Container(9000).ListItem.Property(widgetIcon),$LOCALIZE[31313]) + !StringCompare(Container(9000).ListItem.Property(widgetIcon),$LOCALIZE[31100]) + !StringCompare(Container(9000).ListItem.Property(widget),weather) + Control.HasFocus(8000)</visible>
            <left>2674</left>
            <top>292</top>
            <width>219</width>
            <height>316</height>
            <animation effect="fade" time="320" delay="200">Visible</animation>
            <animation effect="fade" time="200">Hidden</animation>
            <texture colordiffuse="$VAR[ColorHighlightVar]">listselect_fo.png</texture>
            <animation effect="slide" end="0,304" time="300" tween="cubic" easing="inout" condition="Container(8000).Row(1)">Conditional</animation>
            <animation effect="slide" end="207,0" time="300" tween="cubic" easing="inout" condition="Container(8000).Column(2)">Conditional</animation>
            <animation effect="slide" end="207,0" time="300" tween="cubic" easing="inout" condition="Container(8000).Column(2) | Container(8000).Column(1)">Conditional</animation>
        </control>
        <control type="image">
        	<visible>StringCompare(Container(9000).ListItem.Property(widgetIcon),$LOCALIZE[31313]) + Control.HasFocus(8000)</visible>
            <left>2681</left>
            <top>292</top>
            <width>316</width>
            <height>316</height>
            <animation effect="fade" time="320" delay="200">Visible</animation>
            <animation effect="fade" time="200">Hidden</animation>
            <texture colordiffuse="$VAR[ColorHighlightVar]">listselect_fo.png</texture>
            <animation effect="slide" end="0,304" time="300" tween="cubic" easing="inout" condition="Container(8000).Row(1)">Conditional</animation>
            <animation effect="slide" end="304,0" time="300" tween="cubic" easing="inout" condition="Container(8000).Column(2)">Conditional</animation>
            <animation effect="slide" end="304,0" time="300" tween="cubic" easing="inout" condition="Container(8000).Column(2) | Container(8000).Column(1)">Conditional</animation>
        </control>
        <control type="image">
        	<visible>StringCompare(Container(9000).ListItem.Property(widgetIcon),$LOCALIZE[31100]) + Control.HasFocus(8000)</visible>
            <left>2674</left>
            <top>292</top>
            <width>322</width>
            <height>215</height>
            <animation effect="fade" time="320" delay="200">Visible</animation>
            <animation effect="fade" time="200">Hidden</animation>
            <texture colordiffuse="$VAR[ColorHighlightVar]">listselect_fo.png</texture>
            <animation effect="slide" end="310,0" time="300" tween="cubic" easing="inout" condition="Container(8000).Column(1)">Conditional</animation>
            <animation effect="slide" end="0,203" time="300" tween="cubic" easing="inout" condition="Container(8000).Row(2)">Conditional</animation>
            <animation effect="slide" end="0,203" time="300" tween="cubic" easing="inout" condition="Container(8000).Row(2) | Container(8000).Row(1)">Conditional</animation>
        </control>
		<control type="panel" id="8000">
			<oninfo condition="StringCompare(Container(9000).ListItem.Property(widgetType),movies)">RunScript(script.extendedinfo,info=extendedinfo,name=$INFO[Container(8000).ListItem.Label])</oninfo>
        	<oninfo condition="StringCompare(Container(9000).ListItem.Property(widgetType),episodes)">RunScript(script.extendedinfo,info=extendedtvinfo,name=$INFO[Container(8000).ListItem.TvShowTitle])</oninfo>
			<animation effect="fade" start="100" end="0" time="0" reversible="false" condition="Container(8000).IsUpdating | Container(9000).OnNext | Container(9000).OnPrevious | Window.IsVisible(favourites) | Window.IsVisible(script-globalsearch-main.xml)">Conditional</animation>
			<left>2680</left>
			<top>298</top>
			<width>621</width>
			<height>609</height>
			<onleft>8000</onleft>
			<onright>9000</onright>
			<onback>9000</onback>
			<viewtype label="535">list</viewtype>
			<focusposition>0</focusposition>
			<pagecontrol>-</pagecontrol>
			<preloaditems>2</preloaditems>
			<scrolltime tween="quadratic">400</scrolltime>
			<orientation>Vertical</orientation>
			<visible>!IsEmpty(Container(9000).ListItem.Property(widgetPath))</visible>
			<autoscroll time="10000" delay="10000" repeat="10000">[Control.IsVisible(9003) + !Control.HasFocus(8000)] + !Skin.HasSetting(Disable.WidgetAutoScroll)</autoscroll>

			<!-- Poster -->
			<itemlayout height="304" width="207" condition="!StringCompare(Container(9000).ListItem.Property(widgetIcon),$LOCALIZE[31313]) + !StringCompare(Container(9000).ListItem.Property(widgetIcon),$LOCALIZE[31100])">
				<control type="image">
					<visible>IsEmpty(ListItem.Art(tvshow.poster))</visible>
					<top>6</top>
					<left>6</left>
					<width>195</width>
					<height>292</height>
					<aspectratio aligny="center" align="center">scale</aspectratio>
					<texture fallback="$INFO[ListItem.Icon]" background="true">$INFO[ListItem.Art(thumb)]</texture>
					<fadetime>400</fadetime>
				</control>
				<control type="image">
					<visible>!IsEmpty(ListItem.Art(tvshow.poster))</visible>
					<top>6</top>
					<left>6</left>
					<width>195</width>
					<height>292</height>
					<aspectratio aligny="center" align="center">scale</aspectratio>
					<texture background="true">$INFO[ListItem.Art(tvshow.poster)]</texture>
					<fadetime>400</fadetime>
				</control>
				<control type="image">
					<top>6</top>
					<left>6</left>
					<width>195</width>
					<height>292</height>
					<texture>thumbs/diffuse.png</texture>
					<fadetime>300</fadetime>
				</control>
			</itemlayout>
			<focusedlayout height="304" width="207" condition="!StringCompare(Container(9000).ListItem.Property(widgetIcon),$LOCALIZE[31313]) + !StringCompare(Container(9000).ListItem.Property(widgetIcon),$LOCALIZE[31100])">
				<control type="group">
					<include>PanelFocusedItemZoom</include>
					<control type="image">
						<visible>IsEmpty(ListItem.Art(tvshow.poster))</visible>
						<top>6</top>
						<left>6</left>
						<width>195</width>
						<height>292</height>
						<aspectratio aligny="center" align="center">scale</aspectratio>
						<texture fallback="$INFO[ListItem.Icon]" background="true">$INFO[ListItem.Art(thumb)]</texture>
					</control>
					<control type="image">
						<visible>!IsEmpty(ListItem.Art(tvshow.poster))</visible>
						<top>6</top>
						<left>6</left>
						<width>195</width>
						<height>292</height>
						<aspectratio aligny="center" align="center">scale</aspectratio>
						<texture fallback="$INFO[ListItem.Icon]" background="true">$INFO[ListItem.Art(tvshow.poster)]</texture>
					</control>
					<control type="image">
						<animation center="auto" condition="Control.HasFocus(8000)" easing="inout" effect="fade" end="0" start="100" time="300" tween="sine">Focus</animation>
						<animation center="auto" condition="Control.HasFocus(8000)" easing="inout" effect="fade" end="100" start="0" time="300" tween="sine">UnFocus</animation>
						<top>6</top>
						<left>6</left>
						<width>195</width>
						<height>292</height>
						<texture>thumbs/diffuse.png</texture>
					</control>
				</control>
			</focusedlayout>

			<!-- Square -->
			<itemlayout height="304" width="304" condition="StringCompare(Container(9000).ListItem.Property(widgetIcon),$LOCALIZE[31313])">
				<control type="group">
					<left>7</left>
					<control type="image">
						<top>6</top>
						<left>6</left>
						<width>292</width>
						<height>292</height>
						<aspectratio aligny="center" align="center">scale</aspectratio>
						<texture background="true">$INFO[ListItem.Icon]</texture>
						<fadetime>400</fadetime>
					</control>
					<control type="image">
						<top>6</top>
						<left>6</left>
						<width>292</width>
						<height>292</height>
						<texture>thumbs/diffuse.png</texture>
					</control>
				</control>
			</itemlayout>
			<focusedlayout height="298" width="298" condition="StringCompare(Container(9000).ListItem.Property(widgetIcon),$LOCALIZE[31313])">
				<control type="group">
					<include>PanelFocusedItemZoom</include>
                    <left>7</left>
					<control type="image">
						<top>6</top>
						<left>6</left>
						<width>292</width>
						<height>292</height>
						<aspectratio aligny="center" align="center">scale</aspectratio>
						<texture background="true">$INFO[ListItem.Icon]</texture>
					</control>
					<control type="image">
						<animation center="auto" condition="Control.HasFocus(8000)" easing="inout" effect="fade" end="0" start="100" time="300" tween="sine">Focus</animation>
						<animation center="auto" condition="Control.HasFocus(8000)" easing="inout" effect="fade" end="100" start="0" time="300" tween="sine">UnFocus</animation>
						<top>6</top>
						<left>6</left>
						<width>292</width>
						<height>292</height>
						<texture>thumbs/diffuse.png</texture>
					</control>
				</control>
			</focusedlayout>

			<!-- Landscape -->
			<itemlayout height="203" width="310" condition="StringCompare(Container(9000).ListItem.Property(widgetIcon),$LOCALIZE[31100])">
				<control type="image">
					<top>6</top>
					<left>6</left>
					<width>298</width>
					<height>191</height>
					<aspectratio aligny="center" align="center">scale</aspectratio>
					<texture background="true">$INFO[ListItem.Icon]</texture>
					<fadetime>400</fadetime>
				</control>
				<control type="image">
					<top>6</top>
					<left>6</left>
					<width>298</width>
					<height>191</height>
					<texture>thumbs/diffuse.png</texture>
				</control>
			</itemlayout>
			<focusedlayout height="203" width="310" condition="StringCompare(Container(9000).ListItem.Property(widgetIcon),$LOCALIZE[31100])">
				<include>PanelFocusedItemZoom</include>
				<control type="image">
					<top>6</top>
					<left>6</left>
					<width>298</width>
					<height>191</height>
					<aspectratio aligny="center" align="center">scale</aspectratio>
					<texture background="true">$INFO[ListItem.Icon]</texture>
				</control>
				<control type="image">
					<animation center="auto" condition="Control.HasFocus(8000)" easing="inout" effect="fade" end="0" start="100" time="300" tween="sine">Focus</animation>
					<animation center="auto" condition="Control.HasFocus(8000)" easing="inout" effect="fade" end="100" start="0" time="300" tween="sine">UnFocus</animation>
					<top>6</top>
					<left>6</left>
					<width>298</width>
					<height>191</height>
					<texture>thumbs/diffuse.png</texture>
				</control>
			</focusedlayout>

			<content target="$INFO[Container(9000).ListItem.Property(widgetTarget)]">$INFO[Container(9000).ListItem.Property(widgetPath)]</content>
		</control>
	</include>
	<include name="WeatherWidgetCommons">
		<control type="panel" id="8000">
			<animation effect="fade" start="0" end="100" time="300" delay="300" reversible="false" condition="[[Control.IsVisible(8000) + Skin.HasSetting(Disable.WidgetPressUp)] | [Control.HasFocus(8000) + !Skin.HasSetting(Disable.WidgetPressUp)]] + !Skin.HasSetting(Enable.HomeVerticalMenu)">Conditional</animation>
			<description>weather widget</description>
			<visible>StringCompare(Container(9000).ListItem.Property(widget),weather)</visible>
			<left>$PARAM[WeatherPositionLeft]</left>
			<top>$PARAM[WeatherPositionTop]</top>
			<width>$PARAM[WeatherPanelWidth]</width>
			<height>$PARAM[WeatherPanelHeight]</height>
			<onup>$PARAM[WeatherOnUp]</onup>
			<ondown>$PARAM[WeatherOnDown]</ondown>
			<onleft>$PARAM[WeatherOnLeft]</onleft>
			<onright>$PARAM[WeatherOnRight]</onright>
			<onback>9000</onback>
			<orientation>$PARAM[WeatherOrientation]</orientation>
			<scrolltime tween="quadratic" easing="out">200</scrolltime>
			<itemlayout height="370" width="$PARAM[WeatherItemWidth]">
				<control type="group">
					<top>35</top>
					<control type="image">
						<description>current weather icon</description>
						<top>60</top>
						<width>$PARAM[WeatherItemWidth]</width>
						<height>100</height>
						<texture>$INFO[ListItem.Icon]</texture>
						<aspectratio aligny="top">keep</aspectratio>
					</control>
					<control type="label">
						<width>$PARAM[WeatherItemWidth]</width>
						<height>60</height>
						<font>font15_title</font>
						<align>center</align>
						<textcolor>$VAR[ColorTextVar]</textcolor>
						<selectedcolor>$VAR[ColorHighlightVar]</selectedcolor>
						<label>$INFO[ListItem.Label]</label>
						<textoffsetx>15</textoffsetx>
					</control>
					<control type="label">
						<top>160</top>
						<width>$PARAM[WeatherItemWidth]</width>
						<height>60</height>
						<font>font15</font>
						<align>center</align>
						<textcolor>$VAR[ColorTextVar]</textcolor>
						<selectedcolor>$VAR[ColorHighlightVar]</selectedcolor>
						<label>$INFO[ListItem.Label2]</label>
						<textoffsetx>15</textoffsetx>
					</control>
					<control type="label">
						<top>240</top>
						<width>$PARAM[WeatherItemWidth]</width>
						<height>60</height>
						<font>font15</font>
						<align>center</align>
						<textcolor>$VAR[ColorTextVar]</textcolor>
						<selectedcolor>$VAR[ColorHighlightVar]</selectedcolor>
						<label>$INFO[ListItem.Property(HighTemp),[COLOR invalid],[/COLOR]]$INFO[ListItem.Property(LowTemp), | [COLOR ff8de0ff],[/COLOR]]</label>
						<textoffsetx>15</textoffsetx>
					</control>
				</control>
			</itemlayout>
			<focusedlayout height="370" width="$PARAM[WeatherItemWidth]">
				<control type="group">
					<top>35</top>
					<control type="image">
						<description>current weather icon</description>
						<top>60</top>
						<width>$PARAM[WeatherItemWidth]</width>
						<height>100</height>
						<texture>$INFO[ListItem.Icon]</texture>
						<aspectratio aligny="top">keep</aspectratio>
					</control>
					<control type="label">
						<width>$PARAM[WeatherItemWidth]</width>
						<height>60</height>
						<font>font15_title</font>
						<align>center</align>
						<selectedcolor>$VAR[ColorHighlightVar]</selectedcolor>
						<label>$INFO[ListItem.Label]</label>
						<textoffsetx>15</textoffsetx>
					</control>
					<control type="label">
						<top>160</top>
						<width>$PARAM[WeatherItemWidth]</width>
						<height>60</height>
						<font>font15</font>
						<align>center</align>
						<selectedcolor>$VAR[ColorHighlightVar]</selectedcolor>
						<label>$INFO[ListItem.Label2]</label>
						<textoffsetx>15</textoffsetx>
					</control>
					<control type="label">
						<top>240</top>
						<width>$PARAM[WeatherItemWidth]</width>
						<height>60</height>
						<font>font15</font>
						<align>center</align>
						<selectedcolor>$VAR[ColorHighlightVar]</selectedcolor>
						<label>$INFO[ListItem.Property(HighTemp),[COLOR invalid],[/COLOR]]$INFO[ListItem.Property(LowTemp), | [COLOR ff8de0ff],[/COLOR]]</label>
						<textoffsetx>15</textoffsetx>
					</control>
				</control>
			</focusedlayout>
			<content>
				<item>
					<label>$LOCALIZE[31909]</label>
					<icon>-</icon>
					<onclick>noop</onclick>
					<visible>!Weather.IsFetched</visible>
				</item>
				<item>
					<label>$INFO[Window(weather).Property(Day0.Title)]</label>
					<label2>$INFO[Window(weather).Property(Day0.Outlook)]</label2>
					<icon>$VAR[WeatherIconVar]$INFO[Window(weather).Property(Day0.FanartCode),,.png]</icon>
					<property name="HighTemp">$INFO[Window(weather).Property(Day0.HighTemp)]$INFO[System.TemperatureUnits]</property>
					<property name="LowTemp">$INFO[Window(weather).Property(Day0.LowTemp)]$INFO[System.TemperatureUnits]</property>
					<onclick>noop</onclick>
				</item>
				<item>
					<label>$INFO[Window(weather).Property(Day1.Title)]</label>
					<label2>$INFO[Window(weather).Property(Day1.Outlook)]</label2>
					<icon>$VAR[WeatherIconVar]$INFO[Window(weather).Property(Day1.FanartCode),,.png]</icon>
					<property name="HighTemp">$INFO[Window(weather).Property(Day1.HighTemp)]$INFO[System.TemperatureUnits]</property>
					<property name="LowTemp">$INFO[Window(weather).Property(Day1.LowTemp)]$INFO[System.TemperatureUnits]</property>
					<onclick>noop</onclick>
				</item>
				<item>
					<label>$INFO[Window(weather).Property(Day2.Title)]</label>
					<label2>$INFO[Window(weather).Property(Day2.Outlook)]</label2>
					<icon>$VAR[WeatherIconVar]$INFO[Window(weather).Property(Day2.FanartCode),,.png]</icon>
					<property name="HighTemp">$INFO[Window(weather).Property(Day2.HighTemp)]$INFO[System.TemperatureUnits]</property>
					<property name="LowTemp">$INFO[Window(weather).Property(Day2.LowTemp)]$INFO[System.TemperatureUnits]</property>
					<onclick>noop</onclick>
				</item>
				<item>
					<label>$INFO[Window(weather).Property(Day3.Title)]</label>
					<label2>$INFO[Window(weather).Property(Day3.Outlook)]</label2>
					<icon>$VAR[WeatherIconVar]$INFO[Window(weather).Property(Day3.FanartCode),,.png]</icon>
					<property name="HighTemp">$INFO[Window(weather).Property(Day3.HighTemp)]$INFO[System.TemperatureUnits]</property>
					<property name="LowTemp">$INFO[Window(weather).Property(Day3.LowTemp)]$INFO[System.TemperatureUnits]</property>
					<onclick>noop</onclick>
				</item>
				<item>
					<label>$INFO[Window(weather).Property(Day4.Title)]</label>
					<label2>$INFO[Window(weather).Property(Day4.Outlook)]</label2>
					<icon>$VAR[WeatherIconVar]$INFO[Window(weather).Property(Day4.FanartCode),,.png]</icon>
					<property name="HighTemp">$INFO[Window(weather).Property(Day4.HighTemp)]$INFO[System.TemperatureUnits]</property>
					<property name="LowTemp">$INFO[Window(weather).Property(Day4.LowTemp)]$INFO[System.TemperatureUnits]</property>
					<onclick>noop</onclick>
				</item>
				<item>
					<visible>!Skin.HasSetting(Enable.BasicWeatherView)</visible>
					<label>$INFO[Window(weather).Property(Day5.Title)]</label>
					<label2>$INFO[Window(weather).Property(Day5.Outlook)]</label2>
					<icon>$VAR[WeatherIconVar]$INFO[Window(weather).Property(Day5.FanartCode),,.png]</icon>
					<property name="HighTemp">$INFO[Window(weather).Property(Day5.HighTemp)]$INFO[System.TemperatureUnits]</property>
					<property name="LowTemp">$INFO[Window(weather).Property(Day5.LowTemp)]$INFO[System.TemperatureUnits]</property>
					<onclick>noop</onclick>
				</item>
				<item>
					<visible>!Skin.HasSetting(Enable.BasicWeatherView)</visible>
					<label>$INFO[Window(weather).Property(Day6.Title)]</label>
					<label2>$INFO[Window(weather).Property(Day6.Outlook)]</label2>
					<icon>$VAR[WeatherIconVar]$INFO[Window(weather).Property(Day6.FanartCode),,.png]</icon>
					<property name="HighTemp">$INFO[Window(weather).Property(Day6.HighTemp)]$INFO[System.TemperatureUnits]</property>
					<property name="LowTemp">$INFO[Window(weather).Property(Day6.LowTemp)]$INFO[System.TemperatureUnits]</property>
					<onclick>noop</onclick>
				</item>
			</content>
		</control>
	</include>
</includes>