<?xml version="1.0" encoding="UTF-8"?>
<includes>
	<include name="HomeDefault">
		<include condition="!Skin.HasSetting(Disable.Videoinfo)">NowPlayingVideoWidget</include>
		<include condition="!Skin.HasSetting(Disable.Musicinfo)">NowPlayingMusicWidget</include>
		<control type="group">
			<visible>![Window.IsVisible(favourites) | Window.IsVisible(script-globalsearch-main.xml) | Window.IsVisible(main.xml) | Window.IsVisible(BigScreenList.xml)]</visible>
			<top>890</top>
			<animation effect="slide" tween="cubic" time="600" start="0,700" end="0,0" reversible="false">WindowOpen</animation>
			<animation effect="slide" tween="cubic" time="300" start="0,0" end="0,700" reversible="false">WindowClose</animation>
			<animation effect="slide" tween="cubic" time="600" start="0,700" end="0,0" reversible="false">Visible</animation>
			<animation effect="slide" tween="cubic" time="300" start="0,0" end="0,700" reversible="false">Hidden</animation>
			<!-- Main Menu (Includes_Home.xml) -->
			<control type="image">
				<animation effect="slide" time="300" start="0" end="0,-453" tween="cubic" reversible="false" condition="[Control.HasFocus(8000) + !Skin.HasSetting(Disable.WidgetPressUp)] + !Skin.HasSetting(Enable.HomeFanartOverlay)">Conditional</animation>
				<animation effect="slide" time="150" delay="200" start="0,-453" end="0" tween="cubic" reversible="false" condition="![Control.HasFocus(8000) + !Skin.HasSetting(Disable.WidgetPressUp)] + !Skin.HasSetting(Enable.HomeFanartOverlay)">Conditional</animation>
				<animation effect="slide" time="300" delay="0" start="0" end="0,-453" tween="cubic" reversible="true" condition="!IsEmpty(Container(9000).ListItem.Property(widgetName)) + Skin.HasSetting(Disable.WidgetPressUp) + !Skin.HasSetting(Enable.HomeFanartOverlay)">Conditional</animation>
				<width>FullScreenWidth</width>
				<height>700</height>
				<texture background="true">background.png</texture>
				<colordiffuse>$VAR[ColorBackgroundVar]</colordiffuse>
			</control>
			<control type="image">
				<left>0</left>
				<width>FullScreenWidth</width>
				<height>120</height>
				<texture>listselect_fo.png</texture>
				<colordiffuse>shadow</colordiffuse>
			</control>
			<control type="image">
				<visible>Skin.HasSetting(OriginalMenu)</visible>
                <left>590</left>
                <top>0</top>
                <width>740</width>
                <height>120</height>
                <animation effect="fade" start="100" end="60" time="300" condition="!Control.HasFocus(9000)">Conditional</animation>
                <texture colordiffuse="$VAR[ColorHighlightVar]">listselect_fo.png</texture>
            </control>
			<include condition="!Skin.HasSetting(OriginalMenu)">MainMenuList</include>
			<include condition="Skin.HasSetting(OriginalMenu)">MainMenuOriginal</include>
			<control type="group" id="9001">
				<animation effect="fade" start="100" end="0" time="200" condition="system.getbool(lookandfeel.enablerssfeeds) + !Control.HasFocus(9010)">Conditional</animation>
				<control type="fixedlist" id="9010">
					<animation effect="fade" start="100" end="50" time="300" condition="!ControlGroup(9001).HasFocus()">conditional</animation>
					<include>VisibleFadeEffect</include>
					<left>0</left>
					<top>120</top>
					<width>FullScreenWidth</width>
					<height>70</height>
					<onup>9000</onup>
					<ondown>9000</ondown>
					<pagecontrol>-</pagecontrol>
					<scrolltime tween="quadratic" easing="out">300</scrolltime>
					<focusposition>2</focusposition>
					<movement>2</movement>
					<orientation>Horizontal</orientation>
					<include name="SubmenuListContent">
						<param name="SubmenuHeight" value="70" />
						<param name="SubmenuAlign" value="center" />
						<param name="SubmenuTextOffset" value="0" />
					</include>
				</control>
				<control type="button">
					<left>5</left>
					<top>141</top>
					<width>30</width>
					<height>30</height>
					<texturefocus flipx="true" colordiffuse="$VAR[ColorTextVar]">arrowright.png</texturefocus>
					<texturenofocus flipx="true">arrowright.png</texturenofocus>
					<visible>Container(9010).HasPrevious</visible>
					<onclick>Control.Move(9010,-1)</onclick>
				</control>
				<control type="button">
					<left>1885</left>
					<top>141</top>
					<width>30</width>
					<height>30</height>
					<texturefocus colordiffuse="$VAR[ColorTextVar]">arrowright.png</texturefocus>
					<texturenofocus>arrowright.png</texturenofocus>
					<visible>Container(9010).HasNext</visible>
					<onclick>Control.Move(9010,1)</onclick>
				</control>
			</control>			
		</control>
		<include condition="system.getbool(lookandfeel.enablerssfeeds)">RSSFeedWidget</include>
		<control type="group">
			<visible>![Skin.HasSetting(Disable.Topbarinfo) | Window.IsVisible(favourites) | Window.IsVisible(script-globalsearch-main.xml) | Window.IsVisible(main.xml) | Window.IsVisible(BigScreenList.xml)]</visible>
			<animation effect="slide" start="0,-90" end="0,0" delay="800" time="480">WindowOpen</animation>
			<animation effect="slide" end="0,-90" start="0,0" time="480">WindowClose</animation>
			<animation effect="slide" start="0,-90" end="0,0" delay="800" time="480">Visible</animation>
			<animation effect="slide" end="0,-90" start="0,0" time="480">Hidden</animation>
			<control type="image">
				<width>FullScreenWidth</width>
				<height>45</height>
				<texture>background.png</texture>
				<colordiffuse>$VAR[ColorBackgroundVar]</colordiffuse>
			</control>
			<control type="grouplist">
				<left>0</left>
				<top>-2</top>
				<width>1905</width>
				<height>45</height>
				<align>right</align>
				<aligny>center</aligny>
				<orientation>horizontal</orientation>
				<control type="label" id="9026">
					<width>5</width>
					<height>45</height>
					<label>-</label>
					<font>topbar</font>
					<textcolor>$VAR[ColorHighlightVar]</textcolor>
				</control>
				<control type="label" id="9023">
					<width>auto</width>
					<height>45</height>
					<label>$INFO[Weather.Temperature][COLOR $VAR[ColorTextVar]]  •  [/COLOR]</label>
					<font>topbar</font>
					<textcolor>$VAR[ColorHighlightVar]</textcolor>
					<visible>Weather.IsFetched + !IsEmpty(Weather.Plugin)</visible>
				</control>
				<control type="label" id="9025">
					<width>auto</width>
					<height>45</height>
					<label>[COLOR $VAR[ColorTextVar]]$INFO[System.Date]  •  [/COLOR]$INFO[System.Time]</label>
					<font>topbar</font>
					<textcolor>$VAR[ColorHighlightVar]</textcolor>
				</control>
			</control>
			<control type="group">
				<include condition="System.HasAddon(service.library.data.provider)">PlayListStatsList</include>
				<control type="label">
					<left>15</left>
					<top>-2</top>
					<width>1250</width>
					<height>45</height>
					<scroll>true</scroll>
					<label>$VAR[LibraryStatsVar]</label>
					<aligny>center</aligny>
					<font>topbar</font>
					<textcolor>$VAR[ColorHighlightVar]</textcolor>
				</control>
			</control>
		</control>
		<include>HomeDefaultWidgets</include>
	</include>
	<include name="HomeTopMenu">
		<include condition="!Skin.HasSetting(Disable.Videoinfo)">NowPlayingVideoWidget</include>
		<include condition="!Skin.HasSetting(Disable.Musicinfo)">NowPlayingMusicWidget</include>
		<control type="group">
			<visible>![Window.IsVisible(favourites) | Window.IsVisible(script-globalsearch-main.xml) | Window.IsVisible(main.xml) | Window.IsVisible(BigScreenList.xml)]</visible>
			<animation effect="slide" tween="cubic" time="600" start="0,700" end="0,0" reversible="false">WindowOpen</animation>
			<animation effect="slide" tween="cubic" time="300" start="0,0" end="0,700" reversible="false">WindowClose</animation>
			<animation effect="slide" tween="cubic" time="600" start="0,700" end="0,0" reversible="false">Visible</animation>
			<animation effect="slide" tween="cubic" time="300" start="0,0" end="0,700" reversible="false">Hidden</animation>
			<control type="image">
				<visible>![Window.IsVisible(favourites) | Window.IsVisible(script-globalsearch-main.xml) | Window.IsVisible(main.xml) | Window.IsVisible(BigScreenList.xml)]</visible>
				<animation effect="slide" time="300" start="0" end="0,-453" tween="cubic" reversible="false" condition="[Control.HasFocus(8000) + !Skin.HasSetting(Disable.WidgetPressUp)] + !Skin.HasSetting(Enable.HomeFanartOverlay)">Conditional</animation>
				<animation effect="slide" time="150" delay="200" start="0,-453" end="0" tween="cubic" reversible="false" condition="![Control.HasFocus(8000) + !Skin.HasSetting(Disable.WidgetPressUp)] + !Skin.HasSetting(Enable.HomeFanartOverlay)">Conditional</animation>
				<animation effect="slide" time="300" delay="0" start="0" end="0,-453" tween="cubic" reversible="true" condition="!IsEmpty(Container(9000).ListItem.Property(widgetName)) + Skin.HasSetting(Disable.WidgetPressUp) + !Skin.HasSetting(Enable.HomeFanartOverlay)">Conditional</animation>
				<top>1080</top>
				<width>FullScreenWidth</width>
				<height>700</height>
				<texture background="true">background.png</texture>
				<colordiffuse>$VAR[ColorBackgroundVar]</colordiffuse>
			</control>
			<include>HomeDefaultWidgets</include>
		</control>
		<control type="group">
			<visible>![Window.IsVisible(favourites) | Window.IsVisible(script-globalsearch-main.xml) | Window.IsVisible(main.xml) | Window.IsVisible(BigScreenList.xml)]</visible>
			<top>0</top>
			<animation effect="slide" tween="cubic" time="600" start="0,-820" end="0,0" reversible="false">WindowOpen</animation>
			<animation effect="slide" tween="cubic" time="300" start="0,0" end="0,-820" reversible="false">WindowClose</animation>
			<animation effect="slide" tween="cubic" time="600" start="0,-820" end="0,0" reversible="false">Visible</animation>
			<animation effect="slide" tween="cubic" time="300" start="0,0" end="0,-820" reversible="false">Hidden</animation>
			<control type="group" id="9001">
				<control type="list" id="9010">
					<animation effect="slide" time="300" tween="cubic" easing="inout" start="0" end="384" condition="Container(9000).Position(1)">Conditional</animation>
					<animation effect="slide" time="300" tween="cubic" easing="inout" start="0" end="768" condition="Container(9000).Position(2)">Conditional</animation>
					<animation effect="slide" time="300" tween="cubic" easing="inout" start="0" end="1152" condition="Container(9000).Position(3)">Conditional</animation>
					<animation effect="slide" time="300" tween="cubic" easing="inout" start="0" end="1536" condition="Container(9000).Position(4)">Conditional</animation>
					<animation effect="slide" time="300" tween="" easing="" start="0,0" end="0,820" condition="[Control.HasFocus(9010) + !Skin.HasSetting(Disable.SubmenuSlide)] | Skin.HasSetting(Disable.SubmenuSlide)">Conditional</animation>
					<include>VisibleFadeEffect</include>
					<left>0</left>
					<top>-700</top>
					<width>384</width>
					<height>700</height>
					<onup>9000</onup>
					<ondown>9010</ondown>
					<onleft>9000</onleft>
					<onright>9000</onright>
					<onback>9000</onback>
					<pagecontrol>-</pagecontrol>
					<scrolltime tween="quadratic" easing="out">300</scrolltime>
					<focusposition>1</focusposition>
					<movement>2</movement>
					<orientation>Vertical</orientation>
					<include name="SubmenuListContent">
						<param name="SubmenuHeight" value="70" />
						<param name="SubmenuAlign" value="left" />
						<param name="SubmenuTextOffset" value="15" />
					</include>
				</control>
			</control>
			<!-- Main Menu (Includes_Home.xml) -->
			<control type="group">
				<control type="image">
					<top>0</top>
					<width>FullScreenWidth</width>
					<height>120</height>
					<texture>background.png</texture>
					<colordiffuse>$VAR[ColorBackgroundVar]</colordiffuse>
				</control>
				<control type="image">
					<top>0</top>
					<width>FullScreenWidth</width>
					<height>120</height>
					<texture>listselect_fo.png</texture>
					<colordiffuse>shadow</colordiffuse>
				</control>
			</control>
			<include>MainMenuListTop</include>
		</control>
		<control type="group">
			<visible>system.getbool(lookandfeel.enablerssfeeds) + ![Window.IsVisible(favourites) | Window.IsVisible(script-globalsearch-main.xml) | Window.IsVisible(main.xml) | Window.IsVisible(BigScreenList.xml)] + ![[Control.IsVisible(8000) + Skin.HasSetting(Disable.WidgetPressUp)] | [Control.HasFocus(8000) + !Skin.HasSetting(Disable.WidgetPressUp)]]</visible>
			<animation effect="slide" end="0,50" time="240">WindowClose</animation>
			<animation effect="slide" start="0,50" end="0,0" delay="300" time="240" condition="!Window.Previous(startup)">WindowOpen</animation>
			<animation effect="slide" start="0,50" end="0,0" delay="800" time="480" condition="Window.Previous(startup)">WindowOpen</animation>
			<animation effect="slide" start="0,50" end="0,0" time="240">VisibleChange</animation>
			<top>989</top>
			<control type="group">
				<control type="image">
					<top>42</top>
					<left>0</left>
					<width>FullScreenWidth</width>
					<height>50</height>
					<texture>background.png</texture>
					<colordiffuse>$VAR[ColorBackgroundVar]</colordiffuse>
				</control>
				<control type="label">
					<left>1880</left>
					<top>44</top>
					<width>60</width>
					<height>41</height>
					<label></label>
					<font>IconSmall</font>
					<textcolor>$VAR[ColorHighlightVar]</textcolor>
				</control>
				<control type="rss">
					<description>RSS feed</description>
					<left>15</left>
					<top>44</top>
					<height>30</height>
					<width>1855</width>
					<font>font13</font>
					<urlset>1</urlset>
					<textcolor>$VAR[ColorHighlightVar]</textcolor>
					<titlecolor>$VAR[ColorHighlightVar]</titlecolor>
					<headlinecolor>$VAR[ColorTextVar]</headlinecolor>
				</control>
			</control>
		</control>
	</include>
	<include name="HomeVerticalMenu">
		<include condition="!Skin.HasSetting(Disable.Videoinfo)">NowPlayingVideoWidget</include>
		<include condition="!Skin.HasSetting(Disable.Musicinfo)">NowPlayingMusicWidget</include>
		<include>HomePanelWidgets</include>
		<control type="group">
			<visible>![Window.IsVisible(favourites) | Window.IsVisible(script-globalsearch-main.xml) | Window.IsVisible(main.xml) | Window.IsVisible(BigScreenList.xml)]</visible>
			<top>0</top>
			<animation effect="slide" tween="cubic" time="600" start="-818" end="0" reversible="false">WindowOpen</animation>
			<animation effect="slide" tween="cubic" time="300" start="0" end="-818" reversible="false">WindowClose</animation>
			<animation effect="slide" tween="cubic" time="600" start="-818" end="0" reversible="false">Visible</animation>
			<animation effect="slide" tween="cubic" time="300" start="0" end="-818" reversible="false">Hidden</animation>
			<control type="group" id="9001">
				<control type="list" id="9010">
					<animation effect="slide" time="300" tween="cubic" easing="inout" start="0" end="0,120" condition="Container(9000).Position(1) + [StringCompare(Container(9010).NumItems,1) | StringCompare(Container(9010).NumItems,2) | StringCompare(Container(9010).NumItems,3) | StringCompare(Container(9010).NumItems,4) | StringCompare(Container(9010).NumItems,5) | StringCompare(Container(9010).NumItems,6) | StringCompare(Container(9010).NumItems,7) | StringCompare(Container(9010).NumItems,8) | StringCompare(Container(9010).NumItems,9) | StringCompare(Container(9010).NumItems,10) | StringCompare(Container(9010).NumItems,11) | StringCompare(Container(9010).NumItems,12) | StringCompare(Container(9010).NumItems,13)]">Conditional</animation>
					<animation effect="slide" time="300" tween="cubic" easing="inout" start="0" end="0,72" condition="Container(9000).Position(1) + [StringCompare(Container(9010).NumItems,14)]">Conditional</animation>
					<animation effect="slide" time="300" tween="cubic" easing="inout" start="0" end="0,240" condition="Container(9000).Position(2) + [StringCompare(Container(9010).NumItems,1) | StringCompare(Container(9010).NumItems,2) | StringCompare(Container(9010).NumItems,3) | StringCompare(Container(9010).NumItems,4) | StringCompare(Container(9010).NumItems,5) | StringCompare(Container(9010).NumItems,6) | StringCompare(Container(9010).NumItems,7) | StringCompare(Container(9010).NumItems,8) | StringCompare(Container(9010).NumItems,9) | StringCompare(Container(9010).NumItems,10) | StringCompare(Container(9010).NumItems,11)]">Conditional</animation>
					<animation effect="slide" time="300" tween="cubic" easing="inout" start="0" end="0,216" condition="Container(9000).Position(2) + [StringCompare(Container(9010).NumItems,12)]">Conditional</animation>
					<animation effect="slide" time="300" tween="cubic" easing="inout" start="0" end="0,144" condition="Container(9000).Position(2) + [StringCompare(Container(9010).NumItems,13)]">Conditional</animation>
					<animation effect="slide" time="300" tween="cubic" easing="inout" start="0" end="0,72" condition="Container(9000).Position(2) + [StringCompare(Container(9010).NumItems,14)]">Conditional</animation>
					<animation effect="slide" time="300" tween="cubic" easing="inout" start="0" end="0,360" condition="Container(9000).Position(3) + [StringCompare(Container(9010).NumItems,1) | StringCompare(Container(9010).NumItems,2) | StringCompare(Container(9010).NumItems,3) | StringCompare(Container(9010).NumItems,4) | StringCompare(Container(9010).NumItems,5) | StringCompare(Container(9010).NumItems,6) | StringCompare(Container(9010).NumItems,7) | StringCompare(Container(9010).NumItems,8) | StringCompare(Container(9010).NumItems,9) | StringCompare(Container(9010).NumItems,10)]">Conditional</animation>
					<animation effect="slide" time="300" tween="cubic" easing="inout" start="0" end="0,288" condition="Container(9000).Position(3) + [StringCompare(Container(9010).NumItems,11)]">Conditional</animation>
					<animation effect="slide" time="300" tween="cubic" easing="inout" start="0" end="0,216" condition="Container(9000).Position(3) + [StringCompare(Container(9010).NumItems,12)]">Conditional</animation>
					<animation effect="slide" time="300" tween="cubic" easing="inout" start="0" end="0,144" condition="Container(9000).Position(3) + [StringCompare(Container(9010).NumItems,13)]">Conditional</animation>
					<animation effect="slide" time="300" tween="cubic" easing="inout" start="0" end="0,72" condition="Container(9000).Position(3) + [StringCompare(Container(9010).NumItems,14)]">Conditional</animation>
					<animation effect="slide" time="300" tween="cubic" easing="inout" start="0" end="0,480" condition="Container(9000).Position(4) + [StringCompare(Container(9010).NumItems,1) | StringCompare(Container(9010).NumItems,2) | StringCompare(Container(9010).NumItems,3) | StringCompare(Container(9010).NumItems,4) | StringCompare(Container(9010).NumItems,5) | StringCompare(Container(9010).NumItems,6) | StringCompare(Container(9010).NumItems,7) | StringCompare(Container(9010).NumItems,8)]">Conditional</animation>
					<animation effect="slide" time="300" tween="cubic" easing="inout" start="0" end="0,432" condition="Container(9000).Position(4) + [StringCompare(Container(9010).NumItems,9)]">Conditional</animation>
					<animation effect="slide" time="300" tween="cubic" easing="inout" start="0" end="0,360" condition="Container(9000).Position(4) + [StringCompare(Container(9010).NumItems,10)]">Conditional</animation>
					<animation effect="slide" time="300" tween="cubic" easing="inout" start="0" end="0,288" condition="Container(9000).Position(4) + [StringCompare(Container(9010).NumItems,11)]">Conditional</animation>
					<animation effect="slide" time="300" tween="cubic" easing="inout" start="0" end="0,216" condition="Container(9000).Position(4) + [StringCompare(Container(9010).NumItems,12)]">Conditional</animation>
					<animation effect="slide" time="300" tween="cubic" easing="inout" start="0" end="0,144" condition="Container(9000).Position(4) + [StringCompare(Container(9010).NumItems,13)]">Conditional</animation>
					<animation effect="slide" time="300" tween="cubic" easing="inout" start="0" end="0,72" condition="Container(9000).Position(4) + [StringCompare(Container(9010).NumItems,14)]">Conditional</animation>
					<animation effect="slide" time="300" tween="cubic" easing="inout" start="0" end="0,600" condition="Container(9000).Position(5) + [StringCompare(Container(9010).NumItems,1) | StringCompare(Container(9010).NumItems,2) | StringCompare(Container(9010).NumItems,3) | StringCompare(Container(9010).NumItems,4) | StringCompare(Container(9010).NumItems,5) | StringCompare(Container(9010).NumItems,6)]">Conditional</animation>
					<animation effect="slide" time="300" tween="cubic" easing="inout" start="0" end="0,576" condition="Container(9000).Position(5) + [StringCompare(Container(9010).NumItems,7)]">Conditional</animation>
					<animation effect="slide" time="300" tween="cubic" easing="inout" start="0" end="0,504" condition="Container(9000).Position(5) + [StringCompare(Container(9010).NumItems,8)]">Conditional</animation>
					<animation effect="slide" time="300" tween="cubic" easing="inout" start="0" end="0,432" condition="Container(9000).Position(5) + [StringCompare(Container(9010).NumItems,9)]">Conditional</animation>
					<animation effect="slide" time="300" tween="cubic" easing="inout" start="0" end="0,360" condition="Container(9000).Position(5) + [StringCompare(Container(9010).NumItems,10)]">Conditional</animation>
					<animation effect="slide" time="300" tween="cubic" easing="inout" start="0" end="0,288" condition="Container(9000).Position(5) + [StringCompare(Container(9010).NumItems,11)]">Conditional</animation>
					<animation effect="slide" time="300" tween="cubic" easing="inout" start="0" end="0,216" condition="Container(9000).Position(5) + [StringCompare(Container(9010).NumItems,12)]">Conditional</animation>
					<animation effect="slide" time="300" tween="cubic" easing="inout" start="0" end="0,144" condition="Container(9000).Position(5) + [StringCompare(Container(9010).NumItems,13)]">Conditional</animation>
					<animation effect="slide" time="300" tween="cubic" easing="inout" start="0" end="0,72" condition="Container(9000).Position(5) + [StringCompare(Container(9010).NumItems,14)]">Conditional</animation>
					<animation effect="slide" time="300" tween="cubic" easing="inout" start="0" end="0,720" condition="Container(9000).Position(6) + [StringCompare(Container(9010).NumItems,1) | StringCompare(Container(9010).NumItems,2) | StringCompare(Container(9010).NumItems,3) | StringCompare(Container(9010).NumItems,4) | StringCompare(Container(9010).NumItems,5)]">Conditional</animation>
					<animation effect="slide" time="300" tween="cubic" easing="inout" start="0" end="0,648" condition="Container(9000).Position(6) + [StringCompare(Container(9010).NumItems,6)]">Conditional</animation>
					<animation effect="slide" time="300" tween="cubic" easing="inout" start="0" end="0,576" condition="Container(9000).Position(6) + [StringCompare(Container(9010).NumItems,7)]">Conditional</animation>
					<animation effect="slide" time="300" tween="cubic" easing="inout" start="0" end="0,504" condition="Container(9000).Position(6) + [StringCompare(Container(9010).NumItems,8)]">Conditional</animation>
					<animation effect="slide" time="300" tween="cubic" easing="inout" start="0" end="0,432" condition="Container(9000).Position(6) + [StringCompare(Container(9010).NumItems,9)]">Conditional</animation>
					<animation effect="slide" time="300" tween="cubic" easing="inout" start="0" end="0,360" condition="Container(9000).Position(6) + [StringCompare(Container(9010).NumItems,10)]">Conditional</animation>
					<animation effect="slide" time="300" tween="cubic" easing="inout" start="0" end="0,288" condition="Container(9000).Position(6) + [StringCompare(Container(9010).NumItems,11)]">Conditional</animation>
					<animation effect="slide" time="300" tween="cubic" easing="inout" start="0" end="0,216" condition="Container(9000).Position(6) + [StringCompare(Container(9010).NumItems,12)]">Conditional</animation>
					<animation effect="slide" time="300" tween="cubic" easing="inout" start="0" end="0,144" condition="Container(9000).Position(6) + [StringCompare(Container(9010).NumItems,13)]">Conditional</animation>
					<animation effect="slide" time="300" tween="cubic" easing="inout" start="0" end="0,72" condition="Container(9000).Position(6) + [StringCompare(Container(9010).NumItems,14)]">Conditional</animation>
					<animation effect="slide" time="300" tween="cubic" easing="inout" start="0" end="0,840" condition="Container(9000).Position(7) + [StringCompare(Container(9010).NumItems,1) | StringCompare(Container(9010).NumItems,2) | StringCompare(Container(9010).NumItems,3)]">Conditional</animation>
					<animation effect="slide" time="300" tween="cubic" easing="inout" start="0" end="0,792" condition="Container(9000).Position(7) + [StringCompare(Container(9010).NumItems,4)]">Conditional</animation>
					<animation effect="slide" time="300" tween="cubic" easing="inout" start="0" end="0,720" condition="Container(9000).Position(7) + [StringCompare(Container(9010).NumItems,5)]">Conditional</animation>
					<animation effect="slide" time="300" tween="cubic" easing="inout" start="0" end="0,648" condition="Container(9000).Position(7) + [StringCompare(Container(9010).NumItems,6)]">Conditional</animation>
					<animation effect="slide" time="300" tween="cubic" easing="inout" start="0" end="0,576" condition="Container(9000).Position(7) + [StringCompare(Container(9010).NumItems,7)]">Conditional</animation>
					<animation effect="slide" time="300" tween="cubic" easing="inout" start="0" end="0,504" condition="Container(9000).Position(7) + [StringCompare(Container(9010).NumItems,8)]">Conditional</animation>
					<animation effect="slide" time="300" tween="cubic" easing="inout" start="0" end="0,432" condition="Container(9000).Position(7) + [StringCompare(Container(9010).NumItems,9)]">Conditional</animation>
					<animation effect="slide" time="300" tween="cubic" easing="inout" start="0" end="0,360" condition="Container(9000).Position(7) + [StringCompare(Container(9010).NumItems,10)]">Conditional</animation>
					<animation effect="slide" time="300" tween="cubic" easing="inout" start="0" end="0,288" condition="Container(9000).Position(7) + [StringCompare(Container(9010).NumItems,11)]">Conditional</animation>
					<animation effect="slide" time="300" tween="cubic" easing="inout" start="0" end="0,216" condition="Container(9000).Position(7) + [StringCompare(Container(9010).NumItems,12)]">Conditional</animation>
					<animation effect="slide" time="300" tween="cubic" easing="inout" start="0" end="0,144" condition="Container(9000).Position(7) + [StringCompare(Container(9010).NumItems,13)]">Conditional</animation>
					<animation effect="slide" time="300" tween="cubic" easing="inout" start="0" end="0,72" condition="Container(9000).Position(7) + [StringCompare(Container(9010).NumItems,14)]">Conditional</animation>
					<animation effect="slide" time="300" tween="cubic" easing="inout" start="0" end="0,960" condition="Container(9000).Position(8) + [StringCompare(Container(9010).NumItems,1)]">Conditional</animation>
					<animation effect="slide" time="300" tween="cubic" easing="inout" start="0" end="0,936" condition="Container(9000).Position(8) + [StringCompare(Container(9010).NumItems,2)]">Conditional</animation>
					<animation effect="slide" time="300" tween="cubic" easing="inout" start="0" end="0,864" condition="Container(9000).Position(8) + [StringCompare(Container(9010).NumItems,3)]">Conditional</animation>
					<animation effect="slide" time="300" tween="cubic" easing="inout" start="0" end="0,792" condition="Container(9000).Position(8) + [StringCompare(Container(9010).NumItems,4)]">Conditional</animation>
					<animation effect="slide" time="300" tween="cubic" easing="inout" start="0" end="0,720" condition="Container(9000).Position(8) + [StringCompare(Container(9010).NumItems,5)]">Conditional</animation>
					<animation effect="slide" time="300" tween="cubic" easing="inout" start="0" end="0,648" condition="Container(9000).Position(8) + [StringCompare(Container(9010).NumItems,6)]">Conditional</animation>
					<animation effect="slide" time="300" tween="cubic" easing="inout" start="0" end="0,576" condition="Container(9000).Position(8) + [StringCompare(Container(9010).NumItems,7)]">Conditional</animation>
					<animation effect="slide" time="300" tween="cubic" easing="inout" start="0" end="0,504" condition="Container(9000).Position(8) + [StringCompare(Container(9010).NumItems,8)]">Conditional</animation>
					<animation effect="slide" time="300" tween="cubic" easing="inout" start="0" end="0,432" condition="Container(9000).Position(8) + [StringCompare(Container(9010).NumItems,9)]">Conditional</animation>
					<animation effect="slide" time="300" tween="cubic" easing="inout" start="0" end="0,360" condition="Container(9000).Position(8) + [StringCompare(Container(9010).NumItems,10)]">Conditional</animation>
					<animation effect="slide" time="300" tween="cubic" easing="inout" start="0" end="0,288" condition="Container(9000).Position(8) + [StringCompare(Container(9010).NumItems,11)]">Conditional</animation>
					<animation effect="slide" time="300" tween="cubic" easing="inout" start="0" end="0,216" condition="Container(9000).Position(8) + [StringCompare(Container(9010).NumItems,12)]">Conditional</animation>
					<animation effect="slide" time="300" tween="cubic" easing="inout" start="0" end="0,144" condition="Container(9000).Position(8) + [StringCompare(Container(9010).NumItems,13)]">Conditional</animation>
					<animation effect="slide" time="300" tween="cubic" easing="inout" start="0" end="0,72" condition="Container(9000).Position(8) + [StringCompare(Container(9010).NumItems,14)]">Conditional</animation>
					<animation effect="slide" time="300" start="0" end="818" condition="[Control.HasFocus(9010) + !Skin.HasSetting(Disable.SubmenuSlide)] | Skin.HasSetting(Disable.SubmenuSlide)">Conditional</animation>
					<animation effect="fade" start="0" end="100" time="50" delay="250" condition="[Control.HasFocus(9010) + !Skin.HasSetting(Disable.SubmenuSlide)] | Skin.HasSetting(Disable.SubmenuSlide)">Conditional</animation>
					<include>VisibleFadeEffect</include>
					<left>-384</left>
					<top>0</top>
					<width>384</width>
					<height>1080</height>
					<onup>9010</onup>
					<ondown>9010</ondown>
					<onleft>9000</onleft>
					<onright>9000</onright>
					<onback>9000</onback>
					<pagecontrol>-</pagecontrol>
					<scrolltime tween="quadratic" easing="out">300</scrolltime>
					<focusposition>1</focusposition>
					<movement>2</movement>
					<orientation>Vertical</orientation>
					<include name="SubmenuListContent">
						<param name="SubmenuHeight" value="72" />
						<param name="SubmenuAlign" value="left" />
						<param name="SubmenuTextOffset" value="15" />
					</include>
				</control>
				<control type="group">
					<visible>system.getbool(lookandfeel.enablerssfeeds) + ![Window.IsVisible(favourites) | Window.IsVisible(script-globalsearch-main.xml) | Window.IsVisible(main.xml) | Window.IsVisible(BigScreenList.xml)]</visible>
					<animation effect="slide" end="2500,0" time="240">WindowClose</animation>
					<animation effect="slide" start="1920,0" end="0,0" delay="300" time="240" condition="!window.previous(startup)">WindowOpen</animation>
					<animation effect="slide" start="1920" end="0" time="240">VisibleChange</animation>
					<animation effect="slide" start="1920,0" end="0,0" delay="800" time="480" condition="window.previous(startup)">WindowOpen</animation>
					<top>989</top>
					<control type="group">
						<control type="image">
							<top>42</top>
							<left>434</left>
							<width>1485</width>
							<height>50</height>
							<texture>background.png</texture>
							<colordiffuse>$VAR[ColorBackgroundVar]</colordiffuse>
						</control>
						<control type="label">
							<left>1880</left>
							<top>44</top>
							<width>60</width>
							<height>41</height>
							<label></label>
							<font>IconSmall</font>
							<textcolor>$VAR[ColorHighlightVar]</textcolor>
						</control>
						<control type="rss">
							<description>RSS feed</description>
							<left>450</left>
							<top>44</top>
							<height>30</height>
							<width>1415</width>
							<font>font13</font>
							<urlset>1</urlset>
							<textcolor>$VAR[ColorHighlightVar]</textcolor>
							<titlecolor>$VAR[ColorHighlightVar]</titlecolor>
							<headlinecolor>$VAR[ColorTextVar]</headlinecolor>
						</control>
					</control>
				</control>
			</control>
			<!-- Main Menu (Includes_Menus.xml) -->
			<control type="group">
				<control type="image">
					<top>0</top>
					<width>434</width>
					<height>1080</height>
					<texture>background.png</texture>
					<colordiffuse>$VAR[ColorBackgroundVar]</colordiffuse>
				</control>
				<control type="image">
					<top>0</top>
					<width>434</width>
					<height>1080</height>
					<texture>listselect_fo.png</texture>
					<colordiffuse>shadow</colordiffuse>
				</control>
			</control>
			<include>MainMenuListVertical</include>
		</control>
	</include>
</includes>