<?xml version="1.0" encoding="UTF-8"?>
<includes>
	<include name="Window_OpenClose_Animation">
		<animation effect="slide" tween="cubic" time="720" start="0,1080" end="0,0">WindowOpen</animation>
		<animation effect="slide" tween="cubic" time="720" end="0,1080" start="0,0">WindowClose</animation>
	</include>
	<include name="dialogeffect">
		<animation type="WindowOpen" reversible="false">
			<effect type="zoom" start="150" end="100" center="960,540" time="300" tween="cubic" easing="out" />
			<effect type="fade" end="100" time="150" />
		</animation>
		<animation type="WindowClose" reversible="false">
			<effect type="fade" start="100" end="0" time="100" delay="100" />
			<effect type="zoom" start="100" end="130" center="960,540" time="200" tween="cubic" easing="in" />
		</animation>
	</include>
	<include name="VisibleFadeEffect">
		<animation effect="fade" time="300">Visible</animation>
		<animation effect="fade" time="300">Hidden</animation>
	</include>
	<include name="SettingsFadeEffect">
		<animation effect="fade" time="100" delay="200">Visible</animation>
		<animation effect="fade" time="50">Hidden</animation>
	</include>
	<!--<include name="WindowSettingsFadeEffect">
		<animation effect="fade" time="100" delay="200">WindowOpen</animation>
		<animation effect="fade" time="50">WindowClose</animation>
	</include>-->
	<include name="ViewAnimation">
		<animation effect="slide" tween="cubic" time="720" start="0,1080" end="0,0">Visible</animation>
		<animation effect="slide" tween="cubic" time="0" start="0,0" end="0,1080">Hidden</animation>
	</include>
	<include name="WindowASViewAnimation">
		<animation effect="slide" tween="cubic" time="720" start="0,1080" end="0,0">WindowOpen</animation>
		<animation effect="slide" tween="cubic" time="720" end="0,1080" start="0,0">WindowClose</animation>
	</include>
	<include name="Animation_DialogPopup">
		<animation type="WindowOpen" reversible="false">
			<effect type="zoom" start="80" end="100" center="960,540" delay="160" tween="back" time="240" />
			<effect type="fade" delay="160" end="100" time="240" />
		</animation>
		<animation type="WindowClose" reversible="false">
			<effect type="zoom" start="100" end="80" center="960,540" easing="in" tween="back" time="240" />
			<effect type="fade" start="100" end="0" time="240" />
		</animation>
	</include>
	<include name="Animation_ExtendedInfo">
		<animation type="Conditional" condition="![Window.IsVisible(script-ExtendedInfo Script-DialogVideoInfo.xml) | Window.IsVisible(script-ExtendedInfo Script-DialogInfo.xml) | Window.IsVisible(fullscreenvideo)]" reversible="false">
			<effect type="zoom" start="80" end="100" center="960,540" delay="160" tween="back" time="240" />
			<effect type="fade" delay="160" end="100" time="240" />
		</animation>
		<animation type="Conditional" condition="[Window.IsVisible(script-ExtendedInfo Script-DialogVideoInfo.xml) | Window.IsVisible(script-ExtendedInfo Script-DialogInfo.xml) | Window.IsVisible(fullscreenvideo)]" reversible="false">
			<effect type="zoom" start="100" end="80" center="960,540" easing="in" tween="back" time="240" />
			<effect type="fade" start="100" end="0" time="240" />
		</animation>
	</include>
	<include name="PanelFocusedItemZoom">
		<animation type="Focus">
            <effect type="zoom" time="150" start="95" end="100" center="auto" />
            <effect type="zoom" time="150" start="105" end="100" delay="150" center="auto" />
        </animation>
    </include>
</includes>