<?xml version="1.0" encoding="UTF-8"?>
<window>
	<defaultcontrol>50</defaultcontrol>
	<menucontrol>9051</menucontrol>
	<onload>SetProperty(Window.HasSettings,True,home)</onload>
	<onload>ClearProperty(MediaMenu,Home)</onload>
	<onunload>ClearProperty(Window.HasSettings,Home)</onunload>
	<allowoverlay>no</allowoverlay>
	<views>50</views>
	<controls>
		<include>CommonBackground</include>
		<control type="group">
			<description>Channels group</description>
			<visible>Control.IsVisible(50)</visible>
			<include>VisibleFadeEffect</include>
			<left>0</left>
			<top>110</top>
			<include>Window_OpenClose_Animation</include>
			<control type="list" id="50">
				<left>82</left>
				<top>10</top>
				<width>850</width>
				<height>840</height>
				<onleft>SetProperty(MediaMenu,True,home)</onleft>
				<onleft>SetFocus(9050)</onleft>
				<onright>70</onright>
				<onup>50</onup>
				<ondown>50</ondown>
				<viewtype label="535">list</viewtype>
				<pagecontrol>70</pagecontrol>
				<scrolltime tween="quadratic" easing="out">200</scrolltime>
				<itemlayout height="120" width="850">
					<control type="label">
						<width>128</width>
						<height>120</height>
						<font>font45caps_title</font>
						<textcolor>$VAR[ColorTextVar]</textcolor>
						<selectedcolor>$VAR[ColorHighlightVar]</selectedcolor>
						<align>center</align>
						<aligny>center</aligny>
						<label>[B]$INFO[ListItem.ChannelNumber][/B]</label>
					</control>
					<control type="label">
						<left>130</left>
						<top>0</top>
						<width>30</width>
						<height>70</height>
						<font>IconSmall</font>
						<textcolor>$VAR[ColorTextVar]</textcolor>
						<align>left</align>
						<aligny>center</aligny>
						<selectedcolor>$VAR[ColorHighlightVar]</selectedcolor>
						<label></label>
						<visible>ListItem.IsRecording</visible>
					</control>
					<control type="label">
						<animation effect="slide" time="0" tween="sine" easing="inout" start="0" end="40" condition="ListItem.IsRecording">Conditional</animation>
						<left>130</left>
						<top>0</top>
						<width>530</width>
						<height>70</height>
						<font>font30</font>
						<textcolor>$VAR[ColorTextVar]</textcolor>
						<selectedcolor>$VAR[ColorHighlightVar]</selectedcolor>
						<align>left</align>
						<aligny>center</aligny>
						<label>$INFO[ListItem.Label]</label>
					</control>
					<control type="label">
						<left>130</left>
						<top>50</top>
						<width>530</width>
						<height>60</height>
						<font>font15</font>
						<textcolor>$VAR[ColorHighlightVar]</textcolor>
						<selectedcolor>$VAR[ColorHighlightVar]</selectedcolor>
						<align>left</align>
						<aligny>center</aligny>
						<label>$INFO[ListItem.Title]</label>
					</control>
					<control type="progress">
						<description>Progressbar</description>
						<left>5</left>
						<top>102</top>
						<width>112</width>
						<height>8</height>
						<colordiffuse>88FFFFFF</colordiffuse>
						<visible>ListItem.HasEpg</visible>
						<info>ListItem.Progress</info>
					</control>
					<control type="image">
						<left>684</left>
						<top>8</top>
						<width>157</width>
						<height>105</height>
						<aspectratio>keep</aspectratio>
						<texture background="true">$INFO[ListItem.Icon]</texture>
					</control>
				</itemlayout>
				<focusedlayout height="120" width="850">
					<control type="image">
						<width>850</width>
						<height>120</height>
						<texture>listselect_fo.png</texture>
						<colordiffuse>$VAR[ColorHighlightVar]</colordiffuse>
						<visible>Control.HasFocus(50)</visible>
						<include>VisibleFadeEffect</include>
					</control>
					<control type="label">
						<width>128</width>
						<height>120</height>
						<font>font45caps_title</font>
						<selectedcolor>$VAR[ColorHighlightVar]</selectedcolor>
						<align>center</align>
						<aligny>center</aligny>
						<label>[B]$INFO[ListItem.ChannelNumber][/B]</label>
					</control>
					<control type="label">
						<left>130</left>
						<top>0</top>
						<width>30</width>
						<height>70</height>
						<font>IconSmall</font>
						<textcolor>$VAR[ColorTextVar]</textcolor>
						<align>left</align>
						<aligny>center</aligny>
						<selectedcolor>$VAR[ColorHighlightVar]</selectedcolor>
						<label></label>
						<visible>ListItem.IsRecording</visible>
					</control>
					<control type="label">
						<animation effect="slide" time="0" tween="sine" easing="inout" start="0" end="40" condition="ListItem.IsRecording">Conditional</animation>
						<left>130</left>
						<top>0</top>
						<width>530</width>
						<height>70</height>
						<font>font30</font>
						<selectedcolor>$VAR[ColorTextVar]</selectedcolor>
						<align>left</align>
						<aligny>center</aligny>
						<label>$INFO[ListItem.Label]</label>
					</control>
					<control type="label">
						<left>130</left>
						<top>50</top>
						<width>530</width>
						<height>60</height>
						<font>font15</font>
						<selectedcolor>$VAR[ColorTextVar]</selectedcolor>
						<align>left</align>
						<aligny>center</aligny>
						<label>$INFO[ListItem.Title]</label>
					</control>
					<control type="progress">
						<description>Progressbar</description>
						<left>5</left>
						<top>102</top>
						<width>112</width>
						<height>8</height>
						<colordiffuse>DDFFFFFF</colordiffuse>
						<visible>ListItem.HasEpg</visible>
						<info>ListItem.Progress</info>
					</control>
					<control type="image">
						<left>684</left>
						<top>8</top>
						<width>157</width>
						<height>105</height>
						<aspectratio>keep</aspectratio>
						<texture background="true">$INFO[ListItem.Icon]</texture>
					</control>
				</focusedlayout>
			</control>
			<control type="scrollbar" id="70">
				<left>1906</left>
				<top>-104</top>
				<width>14</width>
				<height>1035</height>
				<onright>50</onright>
				<onleft>50</onleft>
				<ondown>70</ondown>
				<onup>70</onup>
			</control>
			<control type="group">
				<description>Small Media Window</description>
				<left>985</left>
				<top>-22</top>
				<control type="image">
					<left>31</left>
					<top>32</top>
					<width>822</width>
					<height>461</height>
					<texture>thumbs/diffuse.png</texture>
					<include>VisibleFadeEffect</include>
					<visible>!Player.HasVideo</visible>
				</control>
				<control type="image">
					<left>31</left>
					<top>32</top>
					<width>822</width>
					<height>461</height>
					<texture>black.png</texture>
					<include>VisibleFadeEffect</include>
					<visible>Player.HasVideo</visible>
				</control>
				<control type="videowindow">
					<left>31</left>
					<top>32</top>
					<width>822</width>
					<height>461</height>
					<visible>Player.HasVideo</visible>
				</control>
			</control>
			<control type="group">
				<left>1017</left>
				<top>472</top>
				<control type="label">
					<left>0</left>
					<top>15</top>
					<width>821</width>
					<height>30</height>
					<align>left</align>
					<font>font15</font>
					<textcolor>$VAR[ColorTextVar]</textcolor>
					<visible>Container(50).ListItem.HasEpg</visible>
					<label>[COLOR $VAR[ColorHighlightVar]]$INFO[Container(50).ListItem.StartTime]$INFO[Container(50).ListItem.EndTime, - ,: ][/COLOR]$INFO[Container(50).ListItem.Title]</label>
				</control>
				<control type="label">
					<left>0</left>
					<top>58</top>
					<width>821</width>
					<height>30</height>
					<font>font15</font>
					<textcolor>$VAR[ColorTextVar]</textcolor>
					<visible>!IsEmpty(Container(50).ListItem.NextTitle)</visible>
					<label>[COLOR $VAR[ColorHighlightVar]]$LOCALIZE[19031]:[/COLOR] $INFO[Container(50).ListItem.NextTitle]</label>
				</control>
				<control type="textbox" id="80">
					<label>$INFO[Container(50).ListItem.Plot]</label>
					<top>124</top>
					<width>821</width>
					<height>254</height>
					<font>font15_textbox4</font>
					<include>ShowCaseInfoPanelButtonsValues</include>
					<autoscroll time="3000" delay="4000" repeat="5000">Skin.HasSetting(Enable.AutoScroll)</autoscroll>
				</control>
			</control>
		</control>
		<include>ScrollOffsetLabel</include>
		<include>Topbar</include>
		<include>Bottombar</include>
		<include>PVRMediaMenu</include>
	</controls>
</window>