<?xml version="1.0" encoding="UTF-8"?>
<window type="dialog">
	<defaultcontrol always="true">202</defaultcontrol>
	<visible>Window.IsActive(PlayerControls) + !Window.IsActive(FullscreenVideo) + !Window.IsActive(Visualisation)</visible>
	<coordinates>
		<system>1</system>
		<left>0</left>
		<top>0</top>
	</coordinates>
	<controls>
		<control type="group">
			<animation effect="slide" start="0,-238" end="0,0" time="240" tween="quadratic">WindowOpen</animation>
			<animation effect="slide" end="0,-238" start="0,0" time="240" tween="quadratic">WindowClose</animation>
			<control type="image">
				<left>0</left>
				<top>0</top>
				<width>FullScreenWidth</width>
				<height>110</height>
				<texture>background.png</texture>
				<colordiffuse>$VAR[ColorBackgroundVar]</colordiffuse>
			</control>
			<control type="grouplist" id="202">
				<top>20</top>
				<height>144</height>
				<width>FullScreenWidth</width>
				<align>center</align>
				<itemgap>0</itemgap>
				<scrolltime tween="sine">200</scrolltime>
				<orientation>horizontal</orientation>
				<onup>700</onup>
				<ondown>707</ondown>
				<onleft>202</onleft>
				<onright>202</onright>
				<control type="button" id="700">
					<textoffsety>60</textoffsety>
					<texturefocus>osd/buttons/OSDPlaylist.png</texturefocus>
					<texturenofocus>osd/buttons/OSDPlaylist2.png</texturenofocus>
					<label>-</label>
					<width>100</width>
					<height>64</height>
					<font>-</font>
					<onclick condition="Player.HasAudio">ActivateWindow(MusicPlaylist)</onclick>
					<onclick condition="Player.HasVideo">ActivateWindow(VideoPlaylist)</onclick>
					<colordiffuse>$VAR[ColorTextVar]</colordiffuse>
				</control>
				<control type="button" id="600">
					<texturefocus>osd/buttons/OSDPrevTrack.png</texturefocus>
					<texturenofocus>osd/buttons/OSDPrevTrack2.png</texturenofocus>
					<label>-</label>
					<width>100</width>
					<height>64</height>
					<font>-</font>
					<onclick>PlayerControl(Previous)</onclick>
					<colordiffuse>$VAR[ColorTextVar]</colordiffuse>
				</control>
				<control type="button" id="601">
					<texturefocus>osd/buttons/OSDRewind.png</texturefocus>
					<texturenofocus>osd/buttons/OSDRewind2.png</texturenofocus>
					<label>-</label>
					<width>100</width>
					<height>64</height>
					<font>-</font>
					<onclick>PlayerControl(Rewind)</onclick>
					<colordiffuse>$VAR[ColorTextVar]</colordiffuse>
				</control>
				<control type="togglebutton" id="602">
					<texturefocus>osd/buttons/OSDPause.png</texturefocus>
					<texturenofocus>osd/buttons/OSDPause2.png</texturenofocus>
					<alttexturefocus>osd/buttons/OSDPlay.png</alttexturefocus>
					<alttexturenofocus>osd/buttons/OSDPlay2.png</alttexturenofocus>
					<label>-</label>
					<altlabel>208</altlabel>
					<width>100</width>
					<height>64</height>
					<font>-</font>
					<usealttexture>Player.Paused | Player.Forwarding | Player.Rewinding</usealttexture>
					<onclick>PlayerControl(Play)</onclick>
					<colordiffuse>$VAR[ColorTextVar]</colordiffuse>
				</control>
				<control type="button" id="603">
					<texturefocus>osd/buttons/OSDStop.png</texturefocus>
					<texturenofocus>osd/buttons/OSDStop2.png</texturenofocus>
					<label>-</label>
					<width>100</width>
					<height>64</height>
					<font>-</font>
					<onclick>PlayerControl(Stop)</onclick>
					<colordiffuse>$VAR[ColorTextVar]</colordiffuse>
				</control>
				<control type="button" id="604">
					<texturefocus>osd/buttons/OSDForward.png</texturefocus>
					<texturenofocus>osd/buttons/OSDForward2.png</texturenofocus>
					<label>-</label>
					<width>100</width>
					<height>64</height>
					<font>-</font>
					<onclick>PlayerControl(Forward)</onclick>
					<colordiffuse>$VAR[ColorTextVar]</colordiffuse>
				</control>
				<control type="button" id="605">
					<texturefocus>osd/buttons/OSDNextTrack.png</texturefocus>
					<texturenofocus>osd/buttons/OSDNextTrack2.png</texturenofocus>
					<label>-</label>
					<width>100</width>
					<height>64</height>
					<font>-</font>
					<onclick>PlayerControl(Next)</onclick>
					<colordiffuse>$VAR[ColorTextVar]</colordiffuse>
				</control>
				<control type="togglebutton" id="704">
					<texturefocus>osd/buttons/OSDRandomOff.png</texturefocus>
					<texturenofocus>osd/buttons/OSDRandomOff2.png</texturenofocus>
					<alttexturefocus>osd/buttons/OSDRandomOn.png</alttexturefocus>
					<alttexturenofocus>osd/buttons/OSDRandomOn2.png</alttexturenofocus>
					<label>-</label>
					<width>100</width>
					<height>64</height>
					<font>-</font>
					<usealttexture>Playlist.IsRandom</usealttexture>
					<onclick>PlayerControl(Random)</onclick>
					<colordiffuse>$VAR[ColorTextVar]</colordiffuse>
				</control>
				<control type="button" id="707">
					<width>0.1</width>
					<height>0.1</height>
					<texturefocus>-</texturefocus>
					<texturenofocus>-</texturenofocus>
					<label>$LOCALIZE[486]$INFO[Playlist.Repeat, : ]</label>
					<font>-</font>
					<onclick>PlayerControl(Repeat)</onclick>
					<colordiffuse>$VAR[ColorTextVar]</colordiffuse>
				</control>
				<control type="image" id="708">
					<texture colordiffuse="$VAR[ColorTextVar]">$VAR[MusicOSDRepeatButtonVar]</texture>
					<width>100</width>
					<height>64</height>
				</control>
			</control>
		</control>
	</controls>
</window>