<?xml version="1.0" encoding="UTF-8"?>
<window>
    <defaultcontrol always="true">500</defaultcontrol>
    <menucontrol>9052</menucontrol>
    <onload>ClearProperty(MediaMenu,Home)</onload>
    <controls>
        <control type="button" id="9052">
            <include>HiddenObject</include>
            <onfocus condition="IsEmpty(Window(Home).Property(MediaMenu))">SetProperty(MediaMenu,True,home)</onfocus>
            <onfocus condition="IsEmpty(Window(Home).Property(MediaMenu))">SetFocus(9000)</onfocus>
            <onfocus condition="!IsEmpty(Window(Home).Property(MediaMenu))">ClearProperty(MediaMenu,Home)</onfocus>
            <onfocus condition="!IsEmpty(Window(Home).Property(MediaMenu))">SetFocus(500)</onfocus>
        </control>
		<control type="group">
            <control type="image">
                <texture>black.png</texture>
                <include>FullscreenDimensions</include>
            </control>
			<control type="image">
				<texture background="true">$INFO[Container(500).ListItem.Art(fanart)]</texture>
				<include>FullscreenDimensions</include>
				<aspectratio aligny="top">scale</aspectratio>  
				<fadetime>300</fadetime>
			</control>
			<control type="image">
				<include>FullscreenDimensions</include>
				<texture>background.png</texture>
				<colordiffuse>$VAR[ColorBackgroundVar]</colordiffuse>
				<fadetime>300</fadetime>
			</control>
		</control>
        <control type="group">
            <animation effect="slide" tween="cubic" time="720" start="0,1080" end="0,0">WindowOpen</animation>
            <animation effect="slide" tween="cubic" time="720" start="0,0" end="0,1080">WindowClose</animation>
            <animation effect="slide" time="300" tween="sine" easing="inout" start="0,0" end="0,-230" condition="Skin.HasSetting(Enable.ShiftPlot)">Conditional</animation>
            <control type="fixedlist" id="500">
                <left>-140</left>
                <top>275</top>
                <width>2100</width>
                <height>750</height>
                <onup condition="!Skin.HasSetting(KioskMode.Enabled)">SetProperty(MediaMenu,True,home)</onup>
                <onup condition="!Skin.HasSetting(KioskMode.Enabled)">SetFocus(9000)</onup>
                <onleft>700</onleft>
                <onright>600</onright>
                <ondown>60</ondown>
                <orientation>horizontal</orientation>
                <viewtype label="31079">BigWrap</viewtype>
                <pagecontrol>60</pagecontrol>
                <preloaditems>2</preloaditems>
                <scrolltime tween="quadratic">400</scrolltime>
                <focusposition>1</focusposition>
                <!--<movement>4</movement>-->
                <!--<animation effect="slide" start="0" end="315" time="400" tween="quadratic" easing="out" reversible="true" condition="Control.HasFocus(500) + Container(500).Position(0)">Conditional</animation>-->
                <itemlayout width="315" height="750">
                    <control type="image">
                        <left>-12</left>
                        <top>100</top>
                        <width>340</width>
                        <height>490</height>
                        <aspectratio scalediffuse="false">scale</aspectratio>
                        <texture background="true">$INFO[ListItem.Art(poster)]</texture>
                        <bordersize>20</bordersize>
                    </control>
                    <control type="image">
                        <left>-12</left>
                        <top>100</top>
                        <width>340</width>
                        <height>490</height>
                        <texture>thumbs/diffuse.png</texture>
                        <bordersize>20</bordersize>
                    </control>
                    <control type="image">
                        <left>248</left>
                        <top>120</top>
                        <width>60</width>
                        <height>60</height>
                        <texture>WidgetIndicator.png</texture>
                        <aspectratio align="center" aligny="top">keep</aspectratio>
                        <visible>!IsEmpty(ListItem.Property(DBID))</visible>
                    </control>
                </itemlayout>
                <focusedlayout width="315" height="750" >
                    <control type="group">
                        <animation effect="zoom" center="auto" start="100" end="130" time="400" tween="quadratic" reversible="false">Focus</animation>
                        <animation effect="zoom" center="auto" start="130" end="100" time="400" tween="quadratic" reversible="false">Unfocus</animation>
                        <control type="image">
                            <left>-12</left>
                            <top>100</top>
                            <width>340</width>
                            <height>490</height>
                            <aspectratio scalediffuse="false">scale</aspectratio>
                            <texture background="true">$INFO[ListItem.Art(poster)]</texture>
                            <bordersize>20</bordersize>
                        </control>
                        <control type="image">
                            <animation center="auto" condition="Control.HasFocus(500)" easing="inout" effect="fade" end="0" start="100" time="300" tween="sine">Focus</animation>
                            <animation center="auto" condition="Control.HasFocus(500)" easing="inout" effect="fade" end="100" start="0" time="300" tween="sine">UnFocus</animation>
                            <left>-12</left>
                            <top>100</top>
                            <width>340</width>
                            <height>490</height>
                            <texture>thumbs/diffuse.png</texture>
                            <bordersize>20</bordersize>
                        </control>
                        <control type="image">
                            <left>248</left>
                            <top>120</top>
                            <width>60</width>
                            <height>60</height>
                            <texture>WidgetIndicator.png</texture>
                            <aspectratio align="center" aligny="top">keep</aspectratio>
                            <visible>!IsEmpty(ListItem.Property(DBID))</visible>
                        </control>
                    </control>
                </focusedlayout>
            </control>
            <control type="image">
                <left>50</left>
                <top>581</top>
                <width>29</width>
                <height>58</height>
                <texture flipx="true" colordiffuse="$VAR[ColorHighlightVar]">arrowright.png</texture>
                <visible>Control.HasFocus(500) + Container(500).Position(0) + !IsEmpty(Window.Property(ArrowUp))</visible>
                <animation effect="fade" start="60" end="100" time="800" condition="true">Conditional</animation>
            </control>
            <control type="image">
                <left>1841</left>
                <top>581</top>
                <width>29</width>
                <height>58</height>
                <texture colordiffuse="$VAR[ColorHighlightVar]">arrowright.png</texture>
                <visible>Control.HasFocus(500) + Container(500).Position(5) + !IsEmpty(Window.Property(ArrowDown))</visible>
                <animation effect="fade" start="60" end="100" time="800" condition="true">Conditional</animation>
            </control>
            <control type="button" id="600">
                <include>HiddenObject</include>
                <onfocus>SetFocus(500)</onfocus>
            </control>
            <control type="button" id="700">
                <include>HiddenObject</include>
                <onfocus>SetFocus(500)</onfocus>
            </control>
            <control type="group">
                <control type="group">
                    <left>70</left>
                    <top>910</top>
                    <include>VisibleFadeEffect</include>
                    <control type="label">
                        <left>35</left>
                        <top>0</top>
                        <width>1150</width>
                        <height>42</height>
                        <aligny>top</aligny>
                        <align>left</align>
                        <font>font16_title</font>
                        <scroll>true</scroll>
                        <label>[B]$INFO[Container(500).ListItem.Label]$INFO[Container(500).ListItem.Property(User_Rating),[COLOR $VAR[ColorHighlightVar]]  |  ,[/COLOR]][/B]</label>
                        <textoffsety>-2</textoffsety>
                        <textoffsetx>30</textoffsetx>
                    </control>
                    <control type="grouplist">
                        <left>65</left>
                        <top>50</top>
                        <width>1100</width>
                        <height>30</height>
                        <align>left</align>
                        <itemgap>10</itemgap>
                        <orientation>horizontal</orientation>
                        <control type="label">
                            <width>auto</width>
                            <height>30</height>
                            <align>left</align>
                            <font>font13_title</font>
                            <label>$ADDON[script.extendedinfo 32023]:</label>
                        </control>
                        <control type="label">
                            <width>auto</width>
                            <height>30</height>
                            <font>font13_title</font>
                            <label fallback="16018">$INFO[Window.Property(Filter_Label)]</label>
                        </control>
                    </control>
                    <control type="textbox">
                        <visible>Skin.HasSetting(Enable.ShiftPlot)</visible>
                        <animation effect="fade" time="300" tween="sine" easing="inout" start="0" end="100" delay="300">Visible</animation>
                        <top>95</top>
                        <left>65</left>
                        <width>1633</width>
                        <height>220</height>
                        <font>font14_textbox4</font>
                        <textcolor>$VAR[ColorTextVar]</textcolor>
                        <align>left</align>
                        <aligny>top</aligny>
                        <autoscroll time="3000" delay="4000" repeat="5000">Skin.HasSetting(Enable.AutoScroll)</autoscroll>
                        <include>ShowCaseInfoPanelButtonsValues</include>
                        <label>$INFO[Container(500).ListItem.Plot]</label>
                    </control>
                </control>
                <control type="image">
                    <left>1530</left>
                    <top>935</top>
                    <width>280</width>
                    <height>59</height>
                    <aspectratio>keep</aspectratio>
                    <texture>addons/tmdb.png</texture>
                </control>
            </control>
        </control>
        <control type="group">
            <animation effect="slide" tween="cubic" time="720" start="0,1080" end="0,0">WindowOpen</animation>
            <animation effect="slide" tween="cubic" time="720" start="0,0" end="0,1080">WindowClose</animation>
            <control type="scrollbar" id="60">
                <left>0</left>
                <top>1066</top>
                <width>FullScreenWidth</width>
                <height>14</height>
                <onup>500</onup>
                <ondown>noop</ondown>
                <onleft>700</onleft>
                <onright>600</onright>
                <orientation>horizontal</orientation>
            </control>
        </control>
        <control type="group">
			<animation effect="slide" start="0,-90" end="0,0" time="480" delay="800" condition="true">WindowOpen</animation>
			<animation effect="slide" end="0,-90" start="0,0" time="480" condition="true">WindowClose</animation>
			<control type="image">
				<left>0</left>
				<top>0</top>
				<width>FullScreenWidth</width>
				<height>45</height>
				<texture>topbar.png</texture>
				<colordiffuse>$VAR[ColorBackgroundVar]</colordiffuse>
			</control>
			<control type="group">
				<top>-2</top>
                <control type="group">
                    <animation effect="slide" time="400" tween="" easing="" start="0" end="35" condition="Control.IsVisible(1996)">Conditional</animation>
                    <control type="image" id="1996">
                        <visible>![Window.IsActive(settings) | Window.IsActive(addoninformation) | Skin.HasSetting(KioskMode.Enabled)]</visible>
                        <top>8</top>
                        <left>-27</left>
                        <width>32</width>
                        <height>32</height>
                        <texture>arrow.png</texture>
                        <colordiffuse>$VAR[ColorTextVar]</colordiffuse>
                    </control>
    				<control type="label">
    					<width>900</width>
    					<height>45</height>
    					<font>topbar</font>
    					<textoffsetx>15</textoffsetx>
    					<textcolor>$VAR[ColorTextVar]</textcolor>
    					<align>left</align>
    					<aligny>center</aligny>
    					<label>$INFO[Control.GetLabel(5001)]</label>
    				</control>
                </control>
				<control type="label">
					<left>0</left>
					<width>FullScreenWidth</width>
					<height>45</height>
					<font>topbar</font>
					<textoffsetx>15</textoffsetx>
					<textcolor>$VAR[ColorTextVar]</textcolor>
					<align>center</align>
					<aligny>center</aligny>
					<label>$INFO[System.Time]</label>
				</control>
				<control type="label">
					<left>1020</left>
					<width>900</width>
					<height>45</height>
					<font>topbar</font>
					<textoffsetx>15</textoffsetx>
					<textcolor>$VAR[ColorTextVar]</textcolor>
					<align>right</align>
					<aligny>center</aligny>
					<label>$INFO[Window.Property(TotalItems),, $LOCALIZE[31025]  •  ][COLOR $VAR[ColorHighlightVar]]$INFO[Window.Property(CurrentPage)]$INFO[Window.Property(TotalPages),/][/COLOR]</label>
				</control>
			</control>
		</control>
        <include>Bottombar</include>
        <control type="group">
            <animation effect="slide" start="440,0" end="0,0" time="400" tween="quadratic" easing="out" condition="IsEmpty(Window(home).Property(MediaMenu))">Conditional</animation>
            <animation effect="slide" start="0,0" end="440,0" time="400" tween="quadratic" easing="out" condition="Control.HasFocus(9000)">Conditional</animation>
            <left>-440</left>
            <control type="button">
                <left>-12</left>
                <top>-12</top>
                <width>442</width>
                <height>1104</height>
                <texturefocus border="12">dialog_context.png</texturefocus>
                <texturenofocus border="12">dialog_context.png</texturenofocus>
				<colordiffuse>$VAR[ColorDialogVar]</colordiffuse>
            </control>
            <control type="button">
                <left>420</left>
                <width>30</width>
                <height>1080</height>
                <texturefocus>-</texturefocus>
                <onfocus>SetProperty(MediaMenu,True,home)</onfocus>
                <visible>system.getbool(input.enablemouse)</visible>
            </control>
            <include name="SideBladeCloseIcon">
                <param name="CloseIconDialogClose" value="noop" />
                <param name="CloseIconDialogClose2" value="noop" />
                <param name="ClearMediaMenu" value="ClearProperty(MediaMenu,Home)" />
                <param name="CloseIconSetFocus" value="SetFocus(500)" />
                <param name="CloseIconVisibility" value="system.getbool(input.enablemouse) + IsEmpty(Window(home).Property(t9search))" />
            </include>
            <control type="grouplist" id="9000">
                <animation effect="slide" start="-440,0" end="0,0" time="400" tween="quadratic" easing="out">Visible</animation>
                <visible>IsEmpty(Window(home).Property(t9search))</visible>
                <left>0</left>
                <top>10</top>
                <width>400</width>
                <height>1080</height>
                <orientation>vertical</orientation>
                <scroll>true</scroll>
                <onup>9000</onup>
                <ondown>9000</ondown>
                <onright>ClearProperty(MediaMenu,Home)</onright>
                <onright>500</onright>
                <onleft>noop</onleft>
                <onback>ClearProperty(MediaMenu,Home)</onback>
                <onback>500</onback>
                <control type="label" id="200">
                    <description>View Options Heading</description>
                    <width>400</width>
                    <height>52</height>
                    <textoffsetx>15</textoffsetx>
                    <font>font13_title</font>
                    <label>31006</label>
                    <textcolor>$VAR[ColorHighlightVar]</textcolor>
                    <aligny>center</aligny>
                </control>
                <control type="button" id="5001">
                    <description>Sort by:</description>
                    <label>$LOCALIZE[581]</label>
                    <label2>$INFO[Window.Property(Sort_Label)]</label2>
                    <textwidth>352</textwidth>
                    <include>ButtonCommonValues</include>
                </control>
                <control type="button" id="5004">
                    <description>Order by:</description>
                    <label>$LOCALIZE[21429]</label>
                    <label2>$INFO[Window.Property(Order_Label)]</label2>
                    <textwidth>352</textwidth>
                    <include>ButtonCommonValues</include>
                </control>
                <control type="radiobutton" id="1805">
                    <label>31140</label>
                    <include>ButtonCommonValues</include>
                    <onclick>Skin.ToggleSetting(Enable.ShiftPlot)</onclick>
                    <selected>Skin.HasSetting(Enable.ShiftPlot)</selected>
                </control>
                <control type="button" id="201">
                    <description>Filter Heading</description>
					<textwidth>352</textwidth>
					<font>font13_title</font>
					<include>ButtonCommonValues</include>
					<label>587</label>
					<enable>no</enable>
					<disabledcolor>$VAR[ColorHighlightVar]</disabledcolor>
				</control>
                <control type="button" id="5007">
                    <description>Type</description>
                    <label>$LOCALIZE[467]</label>
                    <label2>$INFO[Window.Property(Type)]</label2>
                    <textwidth>352</textwidth>
                    <include>ButtonCommonValues</include>
                </control>
                <control type="button" id="5002">
                    <description>Genre</description>
                    <label>515</label>
                    <textwidth>352</textwidth>
                    <include>ButtonCommonValues</include>
                </control>
                <control type="button" id="5003">
                    <description>Release Date</description>
                    <label>172</label>
                    <textwidth>352</textwidth>
                    <include>ButtonCommonValues</include>
                </control>
                <control type="button" id="5006">
                    <description>Certification</description>
                    <label>$ADDON[script.extendedinfo 32127]</label>
                    <textwidth>352</textwidth>
                    <include>ButtonCommonValues</include>
                </control>
                <control type="button" id="5008">
                    <description>Actor/Crew</description>
                    <label>$LOCALIZE[20337] / $ADDON[script.extendedinfo 32115]</label>
                    <textwidth>352</textwidth>
                    <include>ButtonCommonValues</include>
                </control>
                <control type="button" id="5009">
                    <description>Keywords</description>
                    <label>21861</label>
                    <textwidth>352</textwidth>
                    <include>ButtonCommonValues</include>
                </control>
                <control type="button" id="5010">
                    <description>Studio</description>
                    <label>572</label>
                    <textwidth>352</textwidth>
                    <include>ButtonCommonValues</include>
                </control>
                <control type="button" id="202">
                    <description>Misc Options Heading</description>
					<textwidth>352</textwidth>
					<font>font13_title</font>
					<include>ButtonCommonValues</include>
					<label>31026</label>
					<enable>no</enable>
					<disabledcolor>$VAR[ColorHighlightVar]</disabledcolor>
				</control>
                <control type="button" id="6000">
                    <description>Search</description>
                    <label>137</label>
                    <textwidth>352</textwidth>
                    <include>ButtonCommonValues</include>
                </control>
                <control type="button" id="5005">
                    <description>Clear Filter</description>
                    <label>$ADDON[script.extendedinfo 32022]</label>
                    <textwidth>352</textwidth>
                    <include>ButtonCommonValues</include>
                </control>
                <control type="radiobutton" id="7000">
                    <description>My Account</description>
                    <label>$ADDON[script.extendedinfo 32024]</label>
                    <textwidth>352</textwidth>
                    <include>ButtonCommonValues</include>
                    <radiowidth>80</radiowidth>
                    <radioheight>50</radioheight>
                    <textureradioonfocus>blank.png</textureradioonfocus>
                    <textureradioofffocus>blank.png</textureradioofffocus>
                    <textureradioonnofocus>blank.png</textureradioonnofocus>
                    <textureradiooffnofocus>blank.png</textureradiooffnofocus>
                </control>
            </control>
        </control>
    </controls>
</window>
