<?xml version="1.0" encoding="UTF-8"?>
<window>
	<defaultcontrol always="true">205</defaultcontrol>
	<allowoverlay>no</allowoverlay>
	<controls>
		<control type="group">
			<include>Animation_DialogPopup</include>
			<control type="image">
				<include>FullscreenDimensions</include>
				<texture>black.png</texture>
			</control>
			<control type="image">
				<include>FullscreenDimensions</include>
				<aspectratio align="center">scale</aspectratio>
				<texture background="true" fallback="black.png">$INFO[Window.Property(movie.fanart)]</texture>
			</control>
			<control type="image">
				<include>FullscreenDimensions</include>
				<texture>background.png</texture>
				<colordiffuse>$VAR[ColorBackgroundVar]</colordiffuse>
			</control>
			<control type="image">
				<top>30</top>
				<left>30</left>
				<width>680</width>
				<height>1020</height>
				<aspectratio align="center" aligny="center">scale</aspectratio>
				<texture background="true">$INFO[Window.Property(movie.Poster)]</texture>
			</control>
            <control type="image">
            	<top>30</top>
				<left>30</left>
				<width>680</width>
				<height>1020</height>
				<aspectratio align="center" aligny="center">scale</aspectratio>
				<texture background="true">$INFO[Window.Property(movie.set.thumb)]</texture>
                <animation effect="fade" start="0" end="100" time="500" tween="sine" easing="inout">VisibleChange</animation>
                <visible>IntegerGreaterThan(Container(250).NumItems,0) + ControlGroup(9000).HasFocus(208) + !IsEmpty(Window.Property(movie.Set)) + !IsEmpty(Window.Property(movie.set.thumb))</visible>
			</control>
			<control type="button" id="8">
				<onleft>9000</onleft>
				<onright>9000</onright>
				<top>440</top>
				<left>270</left>
				<height>200</height>
				<width>200</width>
				<texturefocus>play.png</texturefocus>
				<texturenofocus colordiffuse="$VAR[ColorTextVar]">play.png</texturenofocus>
				<visible>!IsEmpty(Window.Property(movie.DBID))</visible>
			</control>
			<control type="image">
				<top>-1000</top>
				<left>1610</left>
				<width>300</width>
				<aspectratio>keep</aspectratio>
				<texture>addons/tmdb.png</texture>
			</control>
		</control>
		<control type="group">
			<include>Animation_DialogPopup</include>
			<left>740</left>
			<control type="group">
				<top>20</top>
				<width>1042</width>
				<height>854</height>
				<control type="grouplist">
					<top>-12</top>
					<left>5</left>
					<width>1042</width>
					<height>110</height>
					<itemgap>0</itemgap>
					<align>center</align>
					<control type="label">
						<width>810</width>
						<height>60</height>
						<aligny>center</aligny>
						<align>left</align>
						<font>font30_title</font>
						<textcolor>$VAR[ColorTextVar]</textcolor>
						<scroll>true</scroll>
						<label>[B]$INFO[Window.Property(movie.Title)][/B]</label>
					</control>
					<control type="label">
						<width>1042</width>
						<height>30</height>
						<aligny>center</aligny>
						<align>left</align>
						<font>font15</font>
						<textcolor>$VAR[ColorHighlightVar]</textcolor>
						<scroll>true</scroll>
						<label>$INFO[Window.Property(movie.tagline)]</label>
						<visible>!IsEmpty(Window.Property(movie.tagline))</visible>
					</control>                   
				</control>
				<control type="grouplist">
					<left>5</left>
					<top>95</top>
					<width>1188</width>
					<height>90</height>
					<itemgap>0</itemgap>
					<align>left</align>
					<orientation>horizontal</orientation>
					<control type="label">
						<width>140</width>
						<height>90</height>
						<align>left</align>
						<label>[B]$INFO[Window.Property(movie.year)][/B]</label>
						<font>font48</font>
						<textcolor>$VAR[ColorTextVar]</textcolor>
					</control>
					<control type="group">
						<width>198</width>
                        <control type="group">
                            <visible>!IntegerGreaterThan(Container(1450).NumItems,0)</visible>
                            <control type="image" id="800011">
                                <colordiffuse>$VAR[ColorTextVar]</colordiffuse>
                                <width>198</width>
                                <include>MediaFlagVars</include>
                                <bordersize>2</bordersize>
                                <texture>$INFO[Container(550).ListItem(0).label,flags/studios/,.png]</texture>
                            </control> 
                            <control type="label">
                                <left>0</left>
                                <width>198</width>
                                <height>90</height>
                                <align>center</align>
                                <label>$INFO[Container(550).ListItem(0).label]</label>
                                <font>font10</font>
                                <textcolor>$VAR[ColorTextVar]</textcolor>
                                <wrapmultiline>true</wrapmultiline>
                                <visible>IsEmpty(Control.GetLabel(800011))</visible>
                            </control>
                        </control>
                        <control type="group">
                            <visible>IntegerGreaterThan(Container(1450).NumItems,0)</visible>
                            <control type="image" id="800012">
                                <colordiffuse>$VAR[ColorTextVar]</colordiffuse>
                                <width>198</width>
                                <include>MediaFlagVars</include>
                                <bordersize>2</bordersize>
                                <texture>$INFO[Container(1450).ListItem(0).label,flags/studios/,.png]</texture>
                            </control>
                            <control type="label">
                                <left>0</left>
                                <width>198</width>
                                <height>90</height>
                                <align>center</align>
                                <label>$INFO[Container(1450).ListItem(0).label]</label>
                                <font>font10</font>
                                <textcolor>$VAR[ColorTextVar]</textcolor>
                                <wrapmultiline>true</wrapmultiline>
                                <visible>IsEmpty(Control.GetLabel(800012))</visible>
                            </control>
                        </control>
					</control>
                    <control type="image">
                        <width>198</width>
                        <colordiffuse>$VAR[ColorTextVar]</colordiffuse>
                        <include>MediaFlagVars</include>
                        <texture fallback="flags/mpaa/NR.png">$INFO[Window.Property(movie.mpaa),flags/mpaa/,.png]</texture>
                    </control>
					<control type="group">
						<width>160</width>
						<visible>!Stringcompare(Window.Property(movie.Duration),0) + !IsEmpty(Window.Property(movie.Duration))</visible>
						<control type="label">
							<left>0</left>
							<top>2</top>
							<width>160</width>
							<height>60</height>
							<align>center</align>
							<label>[B]$INFO[Window.Property(movie.Duration)][/B]</label>
							<font>font48</font>
							<textcolor>$VAR[ColorTextVar]</textcolor>
						</control>
						<control type="label">
							<top>52</top>
							<width>160</width>
							<height>30</height>
							<align>center</align>
							<label>[LOWERCASE]$LOCALIZE[12391][/LOWERCASE]</label>
							<font>font12</font>
							<textcolor>$VAR[ColorTextVar]</textcolor>
						</control>
					</control>
					<control type="group">
						<visible>!IsEmpty(Window.Property(movie.rating))</visible>
						<width>200</width>
						<control type="label">
							<left>0</left>
							<top>2</top>
							<width>200</width>
							<height>60</height>
							<align>center</align>
							<label>[B]$INFO[Window.Property(movie.rating)][/B]</label>
							<font>font48</font>
							<textcolor>$VAR[ColorTextVar]</textcolor>
						</control>
						<control type="label">
							<top>52</top>
							<width>200</width>
							<height>30</height>
							<align>center</align>
							<label>[LOWERCASE]$INFO[Window.Property(movie.votes),, Votes][/LOWERCASE]</label>
							<font>font12</font>
							<textcolor>$VAR[ColorTextVar]</textcolor>
						</control>
					</control>
					<control type="group">
						<visible>!IsEmpty(Window.Property(movie.Top250))</visible>
						<width>200</width>
						<control type="label">
							<left>0</left>
							<top>2</top>
							<width>200</width>
							<height>60</height>
							<align>center</align>
							<label>[B]$INFO[Window.Property(movie.Top250)][/B]</label>
							<font>font48</font>
							<wrapmultiline>true</wrapmultiline>
							<textcolor>$VAR[ColorTextVar]</textcolor>
						</control>
						<control type="label">
							<top>52</top>
							<width>200</width>
							<height>30</height>
							<align>center</align>
							<label>[LOWERCASE]$LOCALIZE[13409][/LOWERCASE]</label>
							<font>font12</font>
							<textcolor>$VAR[ColorTextVar]</textcolor>
						</control>
					</control>
				</control>
				<control type="panel" id="300">
					<left>-7</left>
					<top>184</top>
					<width>1166</width>
					<height>306</height>
					<onup>4002</onup>
					<ondown>9000</ondown>
					<orientation>horizontal</orientation>
					<scrolltime tween="quadratic" easing="out">200</scrolltime>
					<itemlayout height="102" width="583">
						<control type="label">
							<top>50</top>
							<width>583</width>
							<height>40</height>
							<font>font15</font>
							<textcolor>$VAR[ColorTextVar]</textcolor>
							<selectedcolor>$VAR[ColorHighlightVar]</selectedcolor>
							<label>$INFO[ListItem.Label]</label>
							<textoffsetx>12</textoffsetx>
						</control>
						<control type="label">
							<top>5</top>
							<width>583</width>
							<height>40</height>
							<font>font15</font>
							<textcolor>$VAR[ColorHighlightVar]</textcolor>
							<selectedcolor>$VAR[ColorHighlightVar]</selectedcolor>
							<label>$INFO[ListItem.Label2]</label>
							<textoffsetx>12</textoffsetx>
						</control>
					</itemlayout>
					<focusedlayout height="102" width="583">
						<control type="image">
							<top>1</top>
							<width>583</width>
							<height>100</height>
							<texture>listselect_fo.png</texture>
							<visible>Control.HasFocus(300)</visible>
							<include>VisibleFadeEffect</include>
                            <colordiffuse>$VAR[ColorHighlightVar]</colordiffuse>
						</control>
						<control type="label">
							<top>50</top>
							<width>583</width>
							<height>40</height>
							<font>font15</font>
							<textcolor>$VAR[ColorTextVar]</textcolor>
							<selectedcolor>$VAR[ColorHighlightVar]</selectedcolor>
							<label>$INFO[ListItem.Label]</label>
							<textoffsetx>12</textoffsetx>
						</control>
						<control type="label">
							<top>5</top>
							<width>583</width>
							<height>40</height>
							<font>font15</font>
							<textcolor>$VAR[ColorTextVar]</textcolor>
							<selectedcolor>$VAR[ColorHighlightVar]</selectedcolor>
							<label>$INFO[ListItem.Label2]</label>
							<textoffsetx>12</textoffsetx>
						</control>
					</focusedlayout>
					<content>
						<item>
							<label>$INFO[Window.Property(movie.originaltitle)]</label>
							<label2>$LOCALIZE[20376]:</label2>
							<onclick>noop</onclick>
							<visible>!IsEmpty(Window.Property(movie.originaltitle)) + !StringCompare(Window.Property(movie.originaltitle),Window.Property(movie.Title))</visible>
						</item>
						<item>
							<label>$INFO[Window.Property(movie.director)]</label>
							<label2>$LOCALIZE[20339]:</label2>
                            <onclick>noop</onclick>
                            <visible>!IsEmpty(Window.Property(movie.director))</visible>
						</item>
						<item>
							<label>$INFO[Window.Property(movie.writer)]</label>
							<label2>$LOCALIZE[20417]:</label2>
							<onclick>noop</onclick>
							<visible>!IsEmpty(Window.Property(movie.writer))</visible>
						</item>
						<item>
							<label>$INFO[Window.Property(movie.genre)]</label>
							<label2>$LOCALIZE[515]:</label2>
							<onclick>noop</onclick>
							<visible>!IsEmpty(Window.Property(movie.genre))</visible>
						</item>
						<item>
							<label>$INFO[Window.Property(movie.releasedate)]</label>
							<label2>$LOCALIZE[20416]:</label2>
							<onclick>noop</onclick>
							<visible>!IsEmpty(Window.Property(movie.releasedate))</visible>
						</item>
						<item>
							<label>$INFO[Window.Property(movie.country)]</label>
							<label2>$LOCALIZE[574]:</label2>
							<onclick>noop</onclick>
							<visible>!IsEmpty(Window.Property(movie.country))</visible>
						</item>
						<item>
							<label>$INFO[Window.Property(movie.lastplayed)]</label>
							<label2>$LOCALIZE[568]:</label2>
							<onclick>noop</onclick>
							<visible>!IsEmpty(Window.Property(movie.DBID)) + !IsEmpty(Window.Property(movie.lastplayed))</visible>
						</item>
						<item>
							<label>$INFO[Window.Property(movie.FilenameAndPath)]</label>
							<label2>$LOCALIZE[573]:</label2>
							<onclick>Dialog.Close(movieinformation)</onclick>
							<onclick>ActivateWindow(Videos,$INFO[ListItem.Path],return)</onclick>
                            <visible>!IsEmpty(Window.Property(movie.DBID)) + !IsEmpty(Window.Property(movie.FilenameAndPath))</visible>
						</item>
						<item>
							<label>$INFO[Window.Property(movie.playcount)]</label>
							<label2>$LOCALIZE[567]:</label2>
							<onclick>noop</onclick>
							<visible>!IsEmpty(Window.Property(movie.DBID)) + !IsEmpty(Window.Property(movie.playcount))</visible>
						</item>
						<item>
							<label>$INFO[Window.Property(movie.PercentPlayed),(,%)]</label>
							<label2>$LOCALIZE[575]:</label2>
							<onclick>noop</onclick>
							<visible>!IsEmpty(Window.Property(movie.DBID)) + IntegerGreaterThan(Window.Property(movie.PercentPlayed),0)</visible>
						</item>
                        <item>
							<label>$INFO[Window.Property(movie.Budget),$]</label>
							<label2>$ADDON[script.extendedinfo 32109]:</label2>
							<onclick>noop</onclick>
							<visible>!IsEmpty(Window.Property(movie.Budget))</visible>
						</item>
                        <item>
							<label>$INFO[Window.Property(movie.Revenue),$]</label>
							<label2>$ADDON[script.extendedinfo 32108]:</label2>
							<onclick>noop</onclick>
							<visible>!IsEmpty(Window.Property(movie.Revenue))</visible>
						</item>
						<item>
							<label>[UPPERCASE]$INFO[Window.Property(movie.AudioLanguage.1)][/UPPERCASE]</label>
							<label2>$LOCALIZE[21447]:</label2>
							<onclick>noop</onclick>
							<visible>!IsEmpty(Window.Property(movie.DBID)) + !IsEmpty(Window.Property(movie.AudioLanguage.1))</visible>
						</item>
						<item>
							<label>[UPPERCASE]$INFO[Window.Property(movie.SubtitleLanguage.1)][/UPPERCASE]</label>
							<label2>$LOCALIZE[21448]:</label2>
							<onclick>noop</onclick>
							<visible>!IsEmpty(Window.Property(movie.DBID)) + !IsEmpty(Window.Property(movie.SubtitleLanguage.1))</visible>
						</item>
					</content>
				</control>
				<control type="textbox" id="800">
					<description>Plot</description>
					<left>5</left>
					<top>570</top>
					<width>1132</width>
					<height>392</height>
					<font>font15_textbox</font>
					<align>left</align>
					<label fallback="161">$INFO[Window.Property(movie.Plot)]</label>
					<textcolor>$VAR[ColorTextVar]</textcolor>
					<pagecontrol>60</pagecontrol>
					<autoscroll time="3000" delay="6000" repeat="6000">Skin.HasSetting(Enable.AutoScroll)</autoscroll>
					<animation effect="fade" start="0" end="100" time="500" tween="sine" easing="inout">VisibleChange</animation>
					<animation effect="fade" start="100" end="78" time="300" tween="sine" easing="inout" condition="!Control.HasFocus(60)">Conditional</animation>
					<visible>ControlGroup(9000).HasFocus(205)</visible>
				</control>                
				<control type="scrollbar" id="60">
					<left>1164</left>
					<top>570</top>
					<width>14</width>
					<height>490</height>
					<onup>9000</onup>
					<ondown>noop</ondown>
					<onleft>9000</onleft>
					<onright>9000</onright>
					<orientation>vertical</orientation>
					<visible>[ControlGroup(9000).HasFocus(205) | ControlGroup(9000).HasFocus(8)] + Control.IsVisible(800)</visible>
				</control>
				<control type="group">
					<left>-9</left>
					<top>960</top>
					<control type="grouplist">
						<left>0</left>
						<top>0</top>
						<width>1188</width>
						<height>90</height>
						<align>left</align>
						<aligny>center</aligny>
						<itemgap>0</itemgap>
						<orientation>horizontal</orientation>
                        <animation effect="fade" start="0" end="100" time="500" tween="sine" easing="inout">VisibleChange</animation>
						<visible>!IsEmpty(Window.Property(movie.DBID)) + ControlGroup(9000).HasFocus(205)</visible>
						<control type="image">
							<width>198</width>
							<colordiffuse>$VAR[ColorTextVar]</colordiffuse>
							<include>MediaFlagVars</include>
							<texture>$INFO[Window.Property(movie.VideoResolution),flags/resolution/,.png]</texture>
							<visible>!IsEmpty(Window.Property(movie.VideoResolution))</visible>
						</control>
						<control type="image">
							<width>198</width>
							<colordiffuse>$VAR[ColorTextVar]</colordiffuse>
							<include>MediaFlagVars</include>
							<texture>$INFO[Window.Property(movie.AudioCodec),flags/audio/,.png]</texture>
							<visible>!IsEmpty(Window.Property(movie.AudioCodec))</visible>
						</control>
						<control type="image">
							<width>198</width>
							<colordiffuse>$VAR[ColorTextVar]</colordiffuse>
							<include>MediaFlagVars</include>
							<texture>$INFO[Window.Property(movie.AudioChannels),flags/channels/,.png]</texture>
							<visible>!IsEmpty(Window.Property(movie.AudioChannels))</visible>
						</control>
						<control type="image">
							<width>198</width>
							<colordiffuse>$VAR[ColorTextVar]</colordiffuse>
							<include>MediaFlagVars</include>
							<texture>$INFO[Window.Property(movie.VideoCodec),flags/video/,.png]</texture>
						</control>
						<control type="image">
							<width>198</width>
							<colordiffuse>$VAR[ColorTextVar]</colordiffuse>
							<include>MediaFlagVars</include>
							<texture>$INFO[Window.Property(movie.VideoAspect),flags/aspectratio/,.png]</texture>
						</control>
						<control type="image">
							<width>198</width>
							<colordiffuse>$VAR[ColorTextVar]</colordiffuse>
							<include>MediaFlagVars</include>
							<texture>flags/cc.png</texture>
							<visible>!IsEmpty(Window.Property(movie.SubtitleLanguage))</visible>
						</control>
					</control>
				</control>
                <control type="panel" id="150">
                    <description>Recommended by TMDB</description>
                    <visible>false</visible>
                </control>
                <control type="group">
	                <visible>IntegerGreaterThan(Container(250).NumItems,0)</visible>
	                <animation effect="fade" time="320" delay="300">Visible</animation>
	                <control type="image">
	                	<visible>Control.HasFocus(250)</visible>
	                    <left>-8</left>
	                    <top>550</top>
	                    <width>301</width>
	                    <height>433</height>
	                    <animation effect="fade" time="320" delay="200">Visible</animation>
	                    <animation effect="fade" time="200">Hidden</animation>
	                    <texture colordiffuse="$VAR[ColorHighlightVar]">listselect_fo.png</texture>
	                    <animation effect="slide" end="289,0" time="300" tween="cubic" easing="inout" condition="Container(250).Column(3)">Conditional</animation>
	                    <animation effect="slide" end="289,0" time="300" tween="cubic" easing="inout" condition="Container(250).Column(3) | Container(250).Column(2)">Conditional</animation>
	                    <animation effect="slide" end="289,0" time="300" tween="cubic" easing="inout" condition="Container(250).Column(3) | Container(250).Column(2) | Container(250).Column(1)">Conditional</animation>
	                </control>
	            </control>
                <control type="panel" id="250">
                    <description>Set</description>
                    <left>-2</left>
					<top>556</top>
					<width>1156</width>
					<height>421</height>
                    <onleft>250</onleft>
                    <onright>250</onright>
                    <onup>9000</onup>
                    <ondown>9000</ondown>
                    <orientation>horizontal</orientation>
                    <scrolltime tween="quadratic" easing="out">300</scrolltime>
                    <visible>IntegerGreaterThan(Container(250).NumItems,0) + ControlGroup(9000).HasFocus(208)</visible>
                    <animation effect="fade" start="0" end="100" time="500" tween="sine" easing="inout">VisibleChange</animation>
                    <itemlayout height="421" width="289">
						<control type="image">
							<top>6</top>
							<left>6</left>
							<width>277</width>
                            <height>409</height>
							<aspectratio align="center" aligny="center">scale</aspectratio>
							<texture background="true">$INFO[ListItem.Art(thumb)]</texture>
						</control>
						<control type="image">
							<top>6</top>
							<left>6</left>
							<width>277</width>
                            <height>409</height>
							<texture>thumbs/diffuse.png</texture>
						</control>
						<control type="image">
							<top>6</top>
							<left>243</left>
                            <width>40</width>
                            <height>40</height>
                            <texture>WidgetIndicator.png</texture>								
							<visible>!IsEmpty(ListItem.Property(DBID))</visible>							
                        </control>
					</itemlayout>
					<focusedlayout height="421" width="289">
                        <control type="group">
                        	<include>PanelFocusedItemZoom</include>
                            <control type="image">
                               	<top>6</top>
								<left>6</left>
								<width>277</width>
                            	<height>409</height>
                                <aspectratio align="center" aligny="center">scale</aspectratio>
                                <texture background="true" fallback="default_Actor.png">$INFO[ListItem.Art(thumb)]</texture>
                            </control>
	                        <control type="image">
	                        	<animation center="auto" condition="Control.HasFocus(250)" easing="inout" effect="fade" end="0" start="100" time="300" tween="sine">Focus</animation>
								<animation center="auto" condition="Control.HasFocus(250)" easing="inout" effect="fade" end="100" start="0" time="300" tween="sine">UnFocus</animation>
								<top>6</top>
								<left>6</left>
								<width>277</width>
	                            <height>409</height>
								<texture>thumbs/diffuse.png</texture>
							</control>
							<control type="image">
								<top>6</top>
								<left>243</left>
	                            <width>40</width>
	                            <height>40</height>
	                            <texture>WidgetIndicator.png</texture>								
								<visible>!IsEmpty(ListItem.Property(DBID))</visible>							
	                        </control>
	                    </control>
					</focusedlayout>
                </control>
                <control type="panel" id="350">
                    <description>Youtube Videos</description>
                    <visible>false</visible>
                </control>
                <control type="panel" id="450">
                    <description>Lists from MovieDB Users</description>
                    <visible>false</visible>
                </control>
                <control type="panel" id="550">
                    <description>Production Companies</description>
                    <visible>false</visible>
                </control>
                <control type="panel" id="650">
                    <description>Releases</description>
                    <visible>false</visible>
                </control>
                <control type="group">
	                <visible>IntegerGreaterThan(Container(750).NumItems,0)</visible>
	                <animation effect="fade" time="320" delay="300">Visible</animation>
	                <control type="image">
	                	<visible>Control.HasFocus(750)</visible>
	                    <left>-8</left>
	                    <top>550</top>
	                    <width>301</width>
	                    <height>433</height>
	                    <animation effect="fade" time="320" delay="200">Visible</animation>
	                    <animation effect="fade" time="200">Hidden</animation>
	                    <texture colordiffuse="$VAR[ColorHighlightVar]">listselect_fo.png</texture>
	                    <animation effect="slide" end="289,0" time="300" tween="cubic" easing="inout" condition="Container(750).Column(3)">Conditional</animation>
	                    <animation effect="slide" end="289,0" time="300" tween="cubic" easing="inout" condition="Container(750).Column(3) | Container(750).Column(2)">Conditional</animation>
	                    <animation effect="slide" end="289,0" time="300" tween="cubic" easing="inout" condition="Container(750).Column(3) | Container(750).Column(2) | Container(750).Column(1)">Conditional</animation>
	                </control>
	            </control>
                <control type="panel" id="750">
                    <description>Crew</description>
                    <left>-2</left>
					<top>556</top>
					<width>1156</width>
					<height>421</height>
					<onleft>750</onleft>
					<onright>750</onright>
					<onup>9000</onup>
                    <ondown>9000</ondown>
					<orientation>horizontal</orientation>
                    <scrolltime tween="quadratic" easing="out">300</scrolltime>
                    <visible>IntegerGreaterThan(Container(750).NumItems,0) + ControlGroup(9000).HasFocus(210)</visible>
                    <animation effect="fade" start="0" end="100" time="500" tween="sine" easing="inout">VisibleChange</animation>
                    <itemlayout height="421" width="289">
						<control type="image">
							<top>6</top>
							<left>6</left>
							<width>277</width>
                            <height>409</height>
							<aspectratio align="center" aligny="center">scale</aspectratio>
							<texture fallback="default_Actor.png" background="true">$INFO[ListItem.Art(thumb)]</texture>
						</control>
						<control type="image">
							<top>6</top>
							<left>6</left>
							<width>277</width>
                            <height>409</height>
							<texture>thumbs/diffuse.png</texture>
						</control>
                        <control type="image">
                        	<top>6</top>
							<left>243</left>
                            <width>40</width>
                            <height>40</height>
                            <texture>WidgetIndicator.png</texture>						
							<visible>!IsEmpty(ListItem.Property(DBID))</visible>							
                        </control>
						<control type="image">
							<top>325</top>
							<left>6</left>
							<width>277</width>
							<height>90</height>
							<texture>black.png</texture>
							<colordiffuse>bbffffff</colordiffuse>
							<visible>!IsEmpty(ListItem.Label)</visible>
						</control>
						<control type="textbox">
							<left>11</left>
							<top>328</top>
							<width>267</width>
							<height>90</height>
							<font>font_Actor</font>
							<textcolor>$VAR[ColorTextVar]</textcolor>
							<selectedcolor>$VAR[ColorHighlightVar]</selectedcolor>
							<label>$INFO[ListItem.Label]$INFO[ListItem.Property(Job),$COMMA ,]</label>
						</control>
					</itemlayout>
					<focusedlayout height="421" width="289">
                        <control type="group">
                        	<include>PanelFocusedItemZoom</include>
                            <control type="image">
                               	<top>6</top>
								<left>6</left>
								<width>277</width>
                            	<height>409</height>
                                <aspectratio align="center" aligny="center">scale</aspectratio>
                                <texture background="true" fallback="default_Actor.png">$INFO[ListItem.Art(thumb)]</texture>
                            </control>
	                        <control type="image">
								<left>243</left>
								<top>6</top>
	                            <width>40</width>
	                            <height>40</height>
	                            <texture>WidgetIndicator.png</texture>						
								<visible>!IsEmpty(ListItem.Property(DBID))</visible>							
	                        </control>
	                        <control type="image">
	                        	<animation center="auto" condition="Control.HasFocus(750)" easing="inout" effect="fade" end="0" start="100" time="300" tween="sine">Focus</animation>
								<animation center="auto" condition="Control.HasFocus(750)" easing="inout" effect="fade" end="100" start="0" time="300" tween="sine">UnFocus</animation>
								<top>6</top>
								<left>6</left>
								<width>277</width>
	                            <height>409</height>
								<texture>thumbs/diffuse.png</texture>
							</control>
							<control type="image">
								<left>6</left>
								<top>325</top>
								<width>277</width>
								<height>90</height>
								<texture>black.png</texture>
								<colordiffuse>bbffffff</colordiffuse>
								<visible>!IsEmpty(ListItem.Label)</visible>
							</control>
							<control type="textbox">
								<left>11</left>
								<top>328</top>
								<width>267</width>
								<height>90</height>
								<font>font_Actor</font>
								<textcolor>$VAR[ColorTextVar]</textcolor>
								<selectedcolor>$VAR[ColorHighlightVar]</selectedcolor>
								<label>$INFO[ListItem.Label]$INFO[ListItem.Property(Job),$COMMA ,]</label>
								<autoscroll time="3000" delay="4000" repeat="5000">Skin.HasSetting(Enable.AutoScroll)</autoscroll>
							</control>
						</control>
					</focusedlayout>
                </control>
                <control type="panel" id="850">
                    <description>Genres</description>
                    <visible>false</visible>
                </control>
                <control type="panel" id="950">
                    <description>Keywords</description>
                    <visible>false</visible>
                </control>
                <control type="group">
	                <visible>IntegerGreaterThan(Container(1000).NumItems,0)</visible>
	                <animation effect="fade" time="320" delay="300">Visible</animation>
	                <control type="image">
	                	<visible>Control.HasFocus(1000)</visible>
	                    <left>-8</left>
	                    <top>550</top>
	                    <width>301</width>
	                    <height>433</height>
	                    <animation effect="fade" time="320" delay="200">Visible</animation>
	                    <animation effect="fade" time="200">Hidden</animation>
	                    <texture colordiffuse="$VAR[ColorHighlightVar]">listselect_fo.png</texture>
	                    <animation effect="slide" end="289,0" time="300" tween="cubic" easing="inout" condition="Container(1000).Column(3)">Conditional</animation>
	                    <animation effect="slide" end="289,0" time="300" tween="cubic" easing="inout" condition="Container(1000).Column(3) | Container(1000).Column(2)">Conditional</animation>
	                    <animation effect="slide" end="289,0" time="300" tween="cubic" easing="inout" condition="Container(1000).Column(3) | Container(1000).Column(2) | Container(1000).Column(1)">Conditional</animation>
	                </control>
	            </control>
                <control type="panel" id="1000">
                    <description>Cast</description>
					<left>-2</left>
					<top>556</top>
					<width>1156</width>
					<height>421</height>
					<onleft>1000</onleft>
					<onright>1000</onright>
					<onup>9000</onup>
                    <ondown>9000</ondown>
					<orientation>horizontal</orientation>
                    <scrolltime tween="quadratic" easing="out">300</scrolltime>
                    <visible>ControlGroup(9000).HasFocus(5)</visible>
                    <animation effect="fade" start="0" end="100" time="500" tween="sine" easing="inout">VisibleChange</animation>
					<itemlayout height="421" width="289">
						<control type="image">
							<top>6</top>
							<left>6</left>
							<width>277</width>
                            <height>409</height>
							<aspectratio align="center" aligny="center">scale</aspectratio>
							<texture fallback="default_Actor.png" background="true">$INFO[ListItem.Art(thumb)]</texture>
						</control>
						<control type="image">
							<top>6</top>
							<left>6</left>
							<width>277</width>
                            <height>409</height>
							<texture>thumbs/diffuse.png</texture>
						</control>
                        <control type="image">
                        	<top>6</top>
							<left>243</left>
                            <width>40</width>
                            <height>40</height>
                            <texture>WidgetIndicator.png</texture>						
							<visible>!IsEmpty(ListItem.Property(DBID))</visible>							
                        </control>
						<control type="image">
							<top>325</top>
							<left>6</left>
							<width>277</width>
							<height>90</height>
							<texture>black.png</texture>
							<colordiffuse>bbffffff</colordiffuse>
							<visible>!IsEmpty(ListItem.Label)</visible>
						</control>
						<control type="textbox">
							<left>11</left>
							<top>328</top>
							<width>267</width>
							<height>90</height>
							<font>font_Actor</font>
							<textcolor>$VAR[ColorTextVar]</textcolor>
							<selectedcolor>$VAR[ColorHighlightVar]</selectedcolor>
							<label>$INFO[ListItem.Label]$INFO[ListItem.Property(character), as ,]</label>
						</control>
					</itemlayout>
					<focusedlayout height="421" width="289">
                        <control type="group">
                        	<include>PanelFocusedItemZoom</include>
                            <control type="image">
                               	<top>6</top>
								<left>6</left>
								<width>277</width>
                            	<height>409</height>
                                <aspectratio align="center" aligny="center">scale</aspectratio>
                                <texture background="true" fallback="default_Actor.png">$INFO[ListItem.Art(thumb)]</texture>
                            </control>
	                        <control type="image">
								<left>243</left>
								<top>6</top>
	                            <width>40</width>
	                            <height>40</height>
	                            <texture>WidgetIndicator.png</texture>						
								<visible>!IsEmpty(ListItem.Property(DBID))</visible>							
	                        </control>
	                        <control type="image">
	                        	<animation center="auto" condition="Control.HasFocus(1000)" easing="inout" effect="fade" end="0" start="100" time="300" tween="sine">Focus</animation>
								<animation center="auto" condition="Control.HasFocus(1000)" easing="inout" effect="fade" end="100" start="0" time="300" tween="sine">UnFocus</animation>
								<top>6</top>
								<left>6</left>
								<width>277</width>
	                            <height>409</height>
								<texture>thumbs/diffuse.png</texture>
							</control>
							<control type="image">
								<left>6</left>
								<top>325</top>
								<width>277</width>
								<height>90</height>
								<texture>black.png</texture>
								<colordiffuse>bbffffff</colordiffuse>
								<visible>!IsEmpty(ListItem.Label)</visible>
							</control>
							<control type="textbox">
								<left>11</left>
								<top>328</top>
								<width>267</width>
								<height>90</height>
								<font>font_Actor</font>
								<textcolor>$VAR[ColorTextVar]</textcolor>
								<selectedcolor>$VAR[ColorHighlightVar]</selectedcolor>
								<label>$INFO[ListItem.Label]$INFO[ListItem.Property(character), as ,]</label>
								<autoscroll time="3000" delay="4000" repeat="5000">Skin.HasSetting(Enable.AutoScroll)</autoscroll>
							</control>
						</control>
					</focusedlayout>
				</control>
                <control type="panel" id="1050">
                    <description>Reviews</description>
                    <visible>false</visible>
                </control>
                <control type="group">
	                <visible>IntegerGreaterThan(Container(1150).NumItems,0)</visible>
	                <animation effect="fade" time="320" delay="300">Visible</animation>
	                <control type="image">
	                	<visible>Control.HasFocus(1150)</visible>
	                    <left>-8</left>
	                    <top>550</top>
	                    <width>590</width>
	                    <height>396</height>
	                    <animation effect="fade" time="320" delay="200">Visible</animation>
	                    <animation effect="fade" time="200">Hidden</animation>
	                    <texture colordiffuse="$VAR[ColorHighlightVar]">listselect_fo.png</texture>
	                    <animation effect="slide" end="578,0" time="300" tween="cubic" easing="inout" condition="Container(1150).Column(1)">Conditional</animation>
	                </control>
	            </control>
                <control type="panel" id="1150">
                    <description>Official Videos</description>
                    <left>-2</left>
					<top>556</top>
					<width>1156</width>
					<height>440</height>
					<onleft>1150</onleft>
					<onright>1150</onright>
					<onup>9000</onup>
                    <ondown>9000</ondown>
					<orientation>horizontal</orientation>
                    <preloaditems>2</preloaditems>
                    <scrolltime tween="quadratic" easing="out">300</scrolltime>
                    <visible>IntegerGreaterThan(Container(1150).NumItems,0) + ControlGroup(9000).HasFocus(206)</visible>
                    <animation effect="fade" start="0" end="100" time="500" tween="sine" easing="inout">VisibleChange</animation>
                    <itemlayout height="440" width="578">
						<control type="image">
							<top>6</top>
							<left>6</left>
							<width>566</width>
                            <height>372</height>
							<aspectratio>scale</aspectratio>
							<texture background="true">$INFO[ListItem.Art(thumb)]</texture>
						</control>
						<control type="image">
							<top>6</top>
							<left>6</left>
							<width>566</width>
							<height>372</height>
							<texture>thumbs/diffuse.png</texture>
						</control>
                        <control type="image">
                            <top>283</top>
                            <left>6</left>
                            <width>566</width>
                            <height>95</height>
                            <texture>black.png</texture>
                            <colordiffuse>bbffffff</colordiffuse>
							<visible>!IsEmpty(ListItem.Title)</visible>							
                        </control>						
						<control type="textbox">
                            <left>16</left>
	                        <top>286</top>
	                        <width>546</width>
	                        <height>90</height>
                            <align>left</align>
							<font>font_Actor</font>
                            <textcolor>$VAR[ColorTextVar]</textcolor>
							<selectedcolor>$VAR[ColorHighlightVar]</selectedcolor>
							<label>$INFO[ListItem.Property(Type),[B],: [/B]]$INFO[ListItem.Label]</label>
						</control>
					</itemlayout>
					<focusedlayout height="440" width="578">
                        <control type="group">
                        	<include>PanelFocusedItemZoom</include>
							<control type="image">
								<top>6</top>
								<left>6</left>
								<width>566</width>
								<height>372</height>
								<aspectratio>scale</aspectratio>
								<texture background="true" fallback="blank.png">$INFO[ListItem.Art(thumb)]</texture>
							</control>
							<control type="image">
								<animation center="auto" condition="Control.HasFocus(1150)" easing="inout" effect="fade" end="0" start="100" time="300" tween="sine">Focus</animation>
								<animation center="auto" condition="Control.HasFocus(1150)" easing="inout" effect="fade" end="100" start="0" time="300" tween="sine">UnFocus</animation>
								<top>6</top>
								<left>6</left>
								<width>566</width>
								<height>372</height>
								<texture>thumbs/diffuse.png</texture>
							</control>							
	                        <control type="image">
	                            <top>283</top>
								<left>6</left>
	                            <width>566</width>
	                            <height>95</height>
	                            <texture>black.png</texture>
	                            <colordiffuse>bbffffff</colordiffuse>
								<visible>!IsEmpty(ListItem.Title)</visible>							
	                        </control>						
							<control type="textbox">
	                           <left>16</left>
	                            <top>286</top>
	                            <width>546</width>
	                            <height>90</height>
	                            <align>left</align>
								<font>font_Actor</font>
	                            <textcolor>$VAR[ColorTextVar]</textcolor>
								<selectedcolor>$VAR[ColorHighlightVar]</selectedcolor>
								<label>$INFO[ListItem.Property(Type),[B],: [/B]]$INFO[ListItem.Label]</label>
								<autoscroll time="3000" delay="4000" repeat="5000">Skin.HasSetting(Enable.AutoScroll)</autoscroll>
							</control>
						</control>
					</focusedlayout>                   
                </control>
                <control type="group">
	                <visible>IntegerGreaterThan(Container(1250).NumItems,0)</visible>
	                <animation effect="fade" time="320" delay="300">Visible</animation>
	                <control type="image">
	                	<visible>Control.HasFocus(1250)</visible>
	                    <left>-8</left>
	                    <top>550</top>
	                    <width>301</width>
	                    <height>433</height>
	                    <animation effect="fade" time="320" delay="200">Visible</animation>
	                    <animation effect="fade" time="200">Hidden</animation>
	                    <texture colordiffuse="$VAR[ColorHighlightVar]">listselect_fo.png</texture>
	                    <animation effect="slide" end="289,0" time="300" tween="cubic" easing="inout" condition="Container(1250).Column(3)">Conditional</animation>
	                    <animation effect="slide" end="289,0" time="300" tween="cubic" easing="inout" condition="Container(1250).Column(3) | Container(1250).Column(2)">Conditional</animation>
	                    <animation effect="slide" end="289,0" time="300" tween="cubic" easing="inout" condition="Container(1250).Column(3) | Container(1250).Column(2) | Container(1250).Column(1)">Conditional</animation>
	                </control>
	            </control>
                <control type="panel" id="1250">
                    <description>Artwork</description>
                    <left>-2</left>
					<top>556</top>
					<width>1156</width>
					<height>421</height>
					<onleft>1250</onleft>
					<onright>1250</onright>
					<onup>9000</onup>
                    <ondown>9000</ondown>
					<orientation>horizontal</orientation>
                    <preloaditems>2</preloaditems>
                    <scrolltime tween="quadratic" easing="out">300</scrolltime>
                    <visible>IntegerGreaterThan(Container(1250).NumItems,0) + [ControlGroup(9000).HasFocus(204) + StringCompare(Control.GetLabel(204),$LOCALIZE[20445])]</visible>
                    <animation effect="fade" start="0" end="100" time="500" tween="sine" easing="inout">VisibleChange</animation>
                    <itemlayout height="421" width="289">
						<control type="image">
							<top>6</top>
							<left>6</left>
							<width>277</width>
                            <height>409</height>
							<aspectratio align="center" aligny="center">scale</aspectratio>
							<texture background="true">$INFO[ListItem.Art(thumb)]</texture>
						</control>
						<control type="image">
							<top>6</top>
							<left>6</left>
							<width>277</width>
                            <height>409</height>
							<texture>thumbs/diffuse.png</texture>
						</control>
					</itemlayout>
					<focusedlayout height="421" width="289">
                        <control type="group">
                        	<include>PanelFocusedItemZoom</include>
                            <control type="image">
                               	<top>6</top>
								<left>6</left>
								<width>277</width>
                            	<height>409</height>
                                <aspectratio align="center" aligny="center">scale</aspectratio>
                                <texture background="true" fallback="default_Actor.png">$INFO[ListItem.Art(thumb)]</texture>
                            </control>
	                        <control type="image">
	                        	<animation center="auto" condition="Control.HasFocus(1250)" easing="inout" effect="fade" end="0" start="100" time="300" tween="sine">Focus</animation>
								<animation center="auto" condition="Control.HasFocus(1250)" easing="inout" effect="fade" end="100" start="0" time="300" tween="sine">UnFocus</animation>
								<top>6</top>
								<left>6</left>
								<width>277</width>
	                            <height>409</height>
								<texture>thumbs/diffuse.png</texture>
							</control>
						</control>
					</focusedlayout>
                </control>
                <control type="group">
	                <visible>IntegerGreaterThan(Container(1350).NumItems,0)</visible>
	                <animation effect="fade" time="320" delay="300">Visible</animation>
	                <control type="image">
	                	<visible>Control.HasFocus(1350)</visible>
	                    <left>-8</left>
	                    <top>550</top>
	                    <width>590</width>
	                    <height>396</height>
	                    <animation effect="fade" time="320" delay="200">Visible</animation>
	                    <animation effect="fade" time="200">Hidden</animation>
	                    <texture colordiffuse="$VAR[ColorHighlightVar]">listselect_fo.png</texture>
	                    <animation effect="slide" end="578,0" time="300" tween="cubic" easing="inout" condition="Container(1350).Column(1)">Conditional</animation>
	                </control>
	            </control>
                <control type="panel" id="1350">
                    <description>Fanart</description>
                    <left>-2</left>
					<top>556</top>
					<width>1156</width>
					<height>440</height>
					<onleft>1350</onleft>
					<onright>1350</onright>
					<onup>9000</onup>
                    <ondown>9000</ondown>
					<orientation>horizontal</orientation>
                    <preloaditems>2</preloaditems>
                    <scrolltime tween="quadratic" easing="out">300</scrolltime>
                    <visible>IntegerGreaterThan(Container(1350).NumItems,0) + [ControlGroup(9000).HasFocus(204) + StringCompare(Control.GetLabel(204),$LOCALIZE[31016])]</visible>
                    <animation effect="fade" start="0" end="100" time="500" tween="sine" easing="inout">VisibleChange</animation>
                    <itemlayout height="440" width="578">
						<control type="image">
							<top>6</top>
							<left>6</left>
							<width>566</width>
                            <height>372</height>
							<aspectratio>scale</aspectratio>
							<texture background="true">$INFO[ListItem.Art(thumb)]</texture>
						</control>
						<control type="image">
							<top>6</top>
							<left>6</left>
							<width>566</width>
							<height>372</height>
							<texture>thumbs/diffuse.png</texture>
						</control>
					</itemlayout>
					<focusedlayout height="440" width="578">
                        <control type="group">
                        	<include>PanelFocusedItemZoom</include>
							<control type="image">
								<top>6</top>
								<left>6</left>
								<width>566</width>
								<height>372</height>
								<aspectratio>scale</aspectratio>
								<texture background="true" fallback="blank.png">$INFO[ListItem.Art(thumb)]</texture>
							</control>
							<control type="image">
								<animation center="auto" condition="Control.HasFocus(1350)" easing="inout" effect="fade" end="0" start="100" time="300" tween="sine">Focus</animation>
								<animation center="auto" condition="Control.HasFocus(1350)" easing="inout" effect="fade" end="100" start="0" time="300" tween="sine">UnFocus</animation>
								<top>6</top>
								<left>6</left>
								<width>566</width>
								<height>372</height>
								<texture>thumbs/diffuse.png</texture>
							</control>							
						</control>
					</focusedlayout>
                </control>
                <control type="panel" id="1450">
                    <description>Networks</description>
                    <visible>false</visible>
                </control>
                <control type="panel" id="2000">
                    <description>Episode Index</description>
                    <visible>false</visible>
                </control>
                <!-- Unavailable Fanart/Thumb -->
                <control type="label">
                    <left>2</left>
                    <top>552</top>
                    <width>1156</width>
                    <height>440</height>
                    <aligny>center</aligny>
                    <align>center</align>
                    <font>font30_title</font>
                    <textcolor>$VAR[ColorTextVar]</textcolor>
                    <label>[B]$LOCALIZE[161][/B]</label>
                    <visible>ControlGroup(9000).HasFocus(204) + [[!IntegerGreaterThan(Container(1350).NumItems,0) + StringCompare(Control.GetLabel(204),$LOCALIZE[31016])] | [!IntegerGreaterThan(Container(1250).NumItems,0) + StringCompare(Control.GetLabel(204),$LOCALIZE[20445])]]</visible>
                    <animation effect="fade" start="0" end="100" time="500" tween="sine" easing="inout">VisibleChange</animation>
                </control>
                <control type="group">
                	<left>863</left>
	                <top>992</top>
					<!-- Cast - Items/Page -->
	                <control type="label">
	                    <width>300</width>
	                    <height>40</height>
	                    <font>font13_title</font>
	                    <textoffsetx>15</textoffsetx>
	                    <textcolor>$VAR[ColorTextVar]</textcolor>
	                    <align>right</align>
	                    <aligny>top</aligny>
	                    <label>$INFO[Container(1000).NumItems,, $LOCALIZE[31025] • ][COLOR $VAR[ColorHighlightVar]]$INFO[Container(1000).CurrentPage]$INFO[Container(1000).NumPages,/][/COLOR]</label>
	                    <visible>IntegerGreaterThan(Container(1000).NumItems,0) + ControlGroup(9000).HasFocus(5)</visible>
	                    <animation effect="fade" start="0" end="100" time="500" tween="sine" easing="inout">VisibleChange</animation>
	                </control>
	                <!-- Fanart - Items/Page -->
	                <control type="label">
	                    <width>300</width>
	                    <height>40</height>
	                    <font>font13_title</font>
	                    <textoffsetx>15</textoffsetx>
	                    <textcolor>$VAR[ColorTextVar]</textcolor>
	                    <align>right</align>
	                    <aligny>top</aligny>
	                    <label>$INFO[Container(1350).NumItems,, $LOCALIZE[31025] • ][COLOR $VAR[ColorHighlightVar]]$INFO[Container(1350).CurrentPage]$INFO[Container(1350).NumPages,/][/COLOR]</label>
	                    <visible>IntegerGreaterThan(Container(1350).NumItems,0) + ControlGroup(9000).HasFocus(204) + StringCompare(Control.GetLabel(204),$LOCALIZE[31016])</visible>
	                    <animation effect="fade" start="0" end="100" time="500" tween="sine" easing="inout">VisibleChange</animation>
	                </control>
	                <!-- Thumb - Items/Page -->
	                <control type="label">
	                    <width>300</width>
	                    <height>40</height>
	                    <font>font13_title</font>
	                    <textoffsetx>15</textoffsetx>
	                    <textcolor>$VAR[ColorTextVar]</textcolor>
	                    <align>right</align>
	                    <aligny>top</aligny>
	                    <label>$INFO[Container(1250).NumItems,, $LOCALIZE[31025] • ][COLOR $VAR[ColorHighlightVar]]$INFO[Container(1250).CurrentPage]$INFO[Container(1250).NumPages,/][/COLOR]</label>
	                    <visible>IntegerGreaterThan(Container(1250).NumItems,0) + ControlGroup(9000).HasFocus(204) + StringCompare(Control.GetLabel(204),$LOCALIZE[20445])</visible>
	                    <animation effect="fade" start="0" end="100" time="500" tween="sine" easing="inout">VisibleChange</animation>
	                </control>
	                <!-- Trailers - Items/Page -->
	                <control type="label">
	                    <width>300</width>
	                    <height>40</height>
	                    <font>font13_title</font>
	                    <textoffsetx>15</textoffsetx>
	                    <textcolor>$VAR[ColorTextVar]</textcolor>
	                    <align>right</align>
	                    <aligny>top</aligny>
	                    <label>$INFO[Container(1150).NumItems,, $LOCALIZE[31025] • ][COLOR $VAR[ColorHighlightVar]]$INFO[Container(1150).CurrentPage]$INFO[Container(1150).NumPages,/][/COLOR]</label>
	                    <visible>IntegerGreaterThan(Container(1150).NumItems,0) + ControlGroup(9000).HasFocus(206)</visible>
	                    <animation effect="fade" start="0" end="100" time="500" tween="sine" easing="inout">VisibleChange</animation>
	                </control>
	                <!-- Set - Items/Page -->
	                <control type="label">
	                    <width>300</width>
	                    <height>40</height>
	                    <font>font13_title</font>
	                    <textoffsetx>15</textoffsetx>
	                    <textcolor>$VAR[ColorTextVar]</textcolor>
	                    <align>right</align>
	                    <aligny>top</aligny>
	                    <label>$INFO[Container(250).NumItems,, $LOCALIZE[31025] • ][COLOR $VAR[ColorHighlightVar]]$INFO[Container(250).CurrentPage]$INFO[Container(250).NumPages,/][/COLOR]</label>
	                    <visible>IntegerGreaterThan(Container(250).NumItems,0) + ControlGroup(9000).HasFocus(208)</visible>
	                    <animation effect="fade" start="0" end="100" time="500" tween="sine" easing="inout">VisibleChange</animation>
	                </control>
	                <!-- Crew - Items/Page -->
	                <control type="label">
	                    <width>300</width>
	                    <height>40</height>
	                    <font>font13_title</font>
	                    <textoffsetx>15</textoffsetx>
	                    <textcolor>$VAR[ColorTextVar]</textcolor>
	                    <align>right</align>
	                    <aligny>top</aligny>
	                    <label>$INFO[Container(750).NumItems,, $LOCALIZE[31025] • ][COLOR $VAR[ColorHighlightVar]]$INFO[Container(750).CurrentPage]$INFO[Container(750).NumPages,/][/COLOR]</label>
	                    <visible>IntegerGreaterThan(Container(750).NumItems,0) + ControlGroup(9000).HasFocus(210)</visible>
	                    <animation effect="fade" start="0" end="100" time="500" tween="sine" easing="inout">VisibleChange</animation>
	                </control>
	            </control>
                <!-- Set Title -->
                <control type="label">
                    <left>5</left>
                    <top>992</top>
                    <width>800</width>
                    <height>40</height>
                    <font>font13_title</font>
                    <textcolor>$VAR[ColorTextVar]</textcolor>
                    <align>left</align>
                    <aligny>top</aligny>
                    <label>$INFO[Window.Property(movie.Set)]</label>
                    <visible>IntegerGreaterThan(Container(250).NumItems,0) + ControlGroup(9000).HasFocus(208)</visible>
                    <animation effect="fade" start="0" end="100" time="500" tween="sine" easing="inout">VisibleChange</animation>
                </control>
			</control>
			<control type="group">
				<left>0</left>
				<top>0</top>
				<control type="grouplist" id="9000">
					<left>3</left>
					<top>510</top>
					<width>1145</width>
					<height>60</height>
					<itemgap>0</itemgap>
					<onleft condition="Control.IsVisible(8)">8</onleft>
					<!--<onleft condition="!Control.IsVisible(8)">9000</onleft>-->
					<onright>9000</onright>
					<onup>300</onup>
					<align>left</align>
					<ondown condition="Control.IsVisible(800)">60</ondown>
                    <ondown condition="Control.IsVisible(250)">250</ondown>
                    <ondown condition="Control.IsVisible(750)">750</ondown>
                    <ondown condition="Control.IsVisible(1000)">1000</ondown>
                    <ondown condition="Control.IsVisible(1150)">1150</ondown>
                    <ondown condition="Control.IsVisible(1250)">1250</ondown>
                    <ondown condition="Control.IsVisible(1350)">1350</ondown>
					<orientation>horizontal</orientation>
					<control type="button" id="205">
						<description>Plot</description>
                        <width>229</width>
                        <include>ButtonInfoDialogsCommonValues</include>
                        <label>207</label>
					</control>
					<control type="button" id="5">
						<description>Cast</description>
                        <width>229</width>
                        <include>ButtonInfoDialogsCommonValues</include>
                        <label>206</label>
					</control>
					<control type="togglebutton" id="204">
						<description>Thumb/Fanart</description>
                        <width>229</width>
                        <include>ButtonInfoDialogsCommonValues</include>
						<label>20445</label>
                        <altlabel>31016</altlabel>
                        <enable>IntegerGreaterThan(Container(1250).NumItems,0) | IntegerGreaterThan(Container(1350).NumItems,0)</enable>
					</control>
                    <control type="button" id="206">
						<description>Trailer</description>
                        <width>229</width>
                        <include>ButtonInfoDialogsCommonValues</include>
						<label>20410</label>
						<enable>IntegerGreaterThan(Container(1150).NumItems,0)</enable>
					</control>
					<control type="button" id="208">
						<description>Set</description>
                        <width>229</width>
                        <include>ButtonInfoDialogsCommonValues</include>
						<label>20141</label>
                        <enable>IntegerGreaterThan(Container(250).NumItems,0)</enable>
					</control>
					<control type="button" id="210">
						<description>Crew</description>
                        <width>229</width>
                        <include>ButtonInfoDialogsCommonValues</include>
						<label>$ADDON[script.extendedinfo 32115]</label>
                        <enable>IntegerGreaterThan(Container(750).NumItems,0)</enable>
					</control>
				</control>
			</control>
		</control>
	</controls>
</window>