<?xml version="1.0" encoding="utf-8"?>
<window>
    <defaultcontrol always="true">10</defaultcontrol>
    <coordinates>
        <left>360</left>
        <top>210</top>
        <system>1</system>
    </coordinates>
    <controls>
        <include name="DialogBackgroundCommons">
            <param name="DialogBackgroundWidth" value="1200" />
            <param name="DialogBackgroundHeight" value="630" />
            <param name="DialogHeaderLabel" value="-" />
            <param name="DialogHeaderId" value="2" />
        </include>
        <control type="label" id="3">
            <left>30</left>
            <top>90</top>
            <width>1140</width>
            <height>45</height>
            <align>center</align>
            <font>font15</font>
        </control>
        <control type="list" id="10">
            <left>40</left>
            <top>158</top>
            <width>880</width>
            <height>302</height>
            <onup>9001</onup>
            <onleft>9000</onleft>
            <onright>60</onright>
            <ondown>9001</ondown>
            <pagecontrol>60</pagecontrol>
            <scrolltime>200</scrolltime>
            <itemlayout height="60">
                <control type="label">
                    <left>15</left>
                    <width>805</width>
                    <height>60</height>
                    <font>font14</font>
                    <textcolor>$VAR[ColorTextVar]</textcolor>
                    <info>ListItem.Label</info>
                </control>
            </itemlayout>
            <focusedlayout height="60">
                <control type="image">
                    <left>-30</left>
                    <width>880</width>
                    <height>62</height>
                    <texture>listselect_fo.png</texture>
					<colordiffuse>$VAR[ColorHighlightVar]</colordiffuse>
					<include>VisibleFadeEffect</include>
                    <visible>Control.HasFocus(10)</visible>
                </control>
                <control type="label">
                    <left>15</left>
                    <width>805</width>
                    <height>60</height>
                    <font>font14</font>
                    <info>ListItem.Label</info>
                </control>
            </focusedlayout>
        </control>
        <control type="scrollbar" id="60">
            <left>891</left>
            <top>158</top>
            <width>14</width>
            <height>302</height>
            <orientation>vertical</orientation>
            <onleft>10</onleft>
            <onright>9000</onright>
        </control>
        <control type="group" id="9000">
            <left>930</left>
            <top>158</top>
            <control type="button" id="11">
                <width>235</width>
				<align>center</align>
                <onup>18</onup>
                <onleft>60</onleft>
                <onright>10</onright>
                <ondown>13</ondown>
            </control>
            <control type="button" id="13">
                <top>60</top>
                <width>235</width>
                <align>center</align>
                <label>15019</label>
                <onup>11</onup>
                <onleft>60</onleft>
                <onright>10</onright>
                <ondown>14</ondown>
            </control>
            <control type="button" id="14">
                <top>120</top>
                <width>235</width>
                <align>center</align>
                <label>1210</label>
                <onup>13</onup>
                <onleft>60</onleft>
                <onright>10</onright>
                <ondown>9001</ondown>
            </control>
        </control>
        <control type="group" id="9001">
            <control type="button" id="18">
                <left>300</left>
                <top>532</top>
                <width>235</width>
                <align>center</align>
                <label>186</label>
                <onup>9000</onup>
                <onleft>20</onleft>
                <onright>19</onright>
                <ondown>10</ondown>
            </control>
            <control type="button" id="19">
                <left>635</left>
                <top>532</top>
                <width>235</width>
                <align>center</align>
                <label>222</label>
                <onup>9000</onup>
                <onleft>18</onleft>
                <onright>20</onright>
                <ondown>10</ondown>
            </control>
        </control>
    </controls>
</window>
