<?xml version="1.0" encoding="UTF-8"?>
<window>
	<defaultcontrol>1001</defaultcontrol>
	<coordinates>
		<system>1</system>
		<left>475</left>
		<top>125</top>
	</coordinates>
	<include>dialogeffect</include>
	<controls>
		<!-- assume the context menu contains 1 button. code the size/position of all controls based on that -->
		<control type="image" id="999">
			<left>450</left>
			<top>304</top>
			<width>510</width>
			<height>120</height>
			<texture border="12">dialog_context.png</texture>
			<colordiffuse>$VAR[ColorDialogVar]</colordiffuse>
		</control>
		<control type="group" id="1000">
			<control type="button" id="1001">
				<left>480</left>
				<top>334</top>
				<width>450</width>
				<font>font14</font>
				<onleft>1001</onleft>
				<onright>1001</onright>
				<onup>1003</onup>
				<ondown>1002</ondown>
			</control>
			<control type="button" id="1002">
				<left>480</left>
				<top>394</top>
				<width>450</width>
				<font>font14</font>
				<onleft>1002</onleft>
				<onright>1002</onright>
				<onup>1001</onup>
				<ondown>1003</ondown>
			</control>
			<control type="button" id="1003">
				<left>480</left>
				<top>454</top>
				<width>450</width>
				<font>font14</font>
				<onleft>1003</onleft>
				<onright>1003</onright>
				<onup>1002</onup>
				<ondown>1001</ondown>
			</control>
		</control>
	</controls>
</window>