<?xml version="1.0" encoding="UTF-8"?>
<window>
	<defaultcontrol always="true">10</defaultcontrol>
	<allowoverlay>no</allowoverlay>
	<onload condition="System.HasAddon(script.toolbox)">RunScript(script.toolbox,daemon=True,radius=30)</onload>
	<onload condition="System.HasAddon(script.skin.info.service)">RunScript(script.skin.info.service)</onload>
	<onload condition="!System.HasAddon(script.tv.show.next.aired)">Skin.SetBool(Disable.NextAired)</onload>
	<onload condition="IsEmpty(Skin.String(Overlay.Toggle))">SetProperty(Overlay.Path,overlays/showcase/,home)</onload>
	<onload condition="IsEmpty(Skin.String(WeatherFanartDir))">Skin.SetString(WeatherFanartDir,http://aeon-nox-background-packs.googlecode.com/svn/trunk/weather-fanart/default/)</onload>
	<onload condition="StringCompare(Skin.String(Overlay.Toggle),1)">SetProperty(Overlay.Path,overlays/showcase/1/,home)</onload>
	<onload condition="StringCompare(Skin.String(Overlay.Toggle),2)">SetProperty(Overlay.Path,overlays/showcase/2/,home)</onload>
	<onload condition="Skin.HasSetting(Disable.Resumable)">SetProperty(Overlay.Resumable,True,home)</onload>
	<onload condition="!Skin.HasSetting(Enable.HomeTopMenu) + !Skin.HasSetting(Enable.HomeVerticalMenu)">Skin.SetBool(Enable.HomeDefault)</onload>
	<controls>
		<control type="button" id="10">
			<description>trigger</description>
			<onfocus>ReplaceWindow($INFO[System.StartupWindow])</onfocus>
			<texturenofocus>-</texturenofocus>
			<texturefocus>-</texturefocus>
			<visible>!Skin.HasSetting(Use_Startup_Playlist)</visible>
		</control>
		<control type="button" id="10">
			<description>trigger with startup Playlist</description>
			<onfocus>PlayMedia($INFO[Skin.String(Startup_Playlist_Path)])</onfocus>
			<onfocus>ReplaceWindow($INFO[System.StartupWindow])</onfocus>
			<texturenofocus>-</texturenofocus>
			<texturefocus>-</texturefocus>
			<visible>Skin.HasSetting(Use_Startup_Playlist)</visible>
		</control>
		<include>CommonBackground</include>
	</controls>
</window>