<?xml version="1.0" encoding="UTF-8"?>
<includes>
	<!-- Video Wall -->
	<include name="VideoWall">
		<control type="group">
			<visible>Control.IsVisible(500) + !Window.IsActive(addoninformation)</visible>
			<include>ViewAnimation</include>
			<control type="group">
                <visible>IntegerGreaterThan(Container(500).NumItems,0)</visible>
                <animation effect="fade" time="320" delay="300">Visible</animation>
                <control type="image">
                	<visible>[Container.Content(sets) | [[Container.Content(movies) | Container.Content(tvshows) | Container.Content(seasons)] + !Skin.HasSetting(Enable.IconLandscape) + !Skin.HasSetting(Enable.IconBanner) + !Skin.HasSetting(Enable.IconLogo)] | [Container.Content(seasons) + Skin.HasSetting(Enable.IconLandscape)] | [Container.Content(seasons) + Skin.HasSetting(Enable.IconLogo)]] + Control.HasFocus(500) </visible>
                    <left>107</left>
                    <top>165</top>
                    <width>254</width>
                    <height>369</height>
                    <animation effect="fade" time="320" delay="200">Visible</animation>
                    <animation effect="fade" time="50">Hidden</animation>
                    <texture colordiffuse="$VAR[ColorHighlightVar]">listselect_fo.png</texture>
                    <animation effect="slide" end="0,357" time="300" tween="cubic" easing="inout" condition="Container(500).Row(1)">Conditional</animation>
                    <animation effect="slide" end="242,0" time="300" tween="cubic" easing="inout" condition="Container(500).Column(6)">Conditional</animation>
                    <animation effect="slide" end="242,0" time="300" tween="cubic" easing="inout" condition="Container(500).Column(6) | Container(500).Column(5)">Conditional</animation>
                    <animation effect="slide" end="242,0" time="300" tween="cubic" easing="inout" condition="Container(500).Column(6) | Container(500).Column(5) | Container(500).Column(4)">Conditional</animation>
                    <animation effect="slide" end="242,0" time="300" tween="cubic" easing="inout" condition="Container(500).Column(6) | Container(500).Column(5) | Container(500).Column(4) | Container(500).Column(3)">Conditional</animation>
                    <animation effect="slide" end="242,0" time="300" tween="cubic" easing="inout" condition="Container(500).Column(6) | Container(500).Column(5) | Container(500).Column(4) | Container(500).Column(3) | Container(500).Column(2)">Conditional</animation>
                    <animation effect="slide" end="242,0" time="300" tween="cubic" easing="inout" condition="Container(500).Column(6) | Container(500).Column(5) | Container(500).Column(4) | Container(500).Column(3) | Container(500).Column(2) | Container(500).Column(1)">Conditional</animation>
                </control>
                <control type="image">
                	<visible>[Container.Content(movies) | Container.Content(tvshows)] + [Skin.HasSetting(Enable.IconLandscape) | Skin.HasSetting(Enable.IconLogo)] + Control.HasFocus(500)</visible>
                    <left>128</left>
                    <top>165</top>
                    <width>425</width>
                    <height>250</height>
                    <animation effect="fade" time="320" delay="200">Visible</animation>
                    <animation effect="fade" time="50">Hidden</animation>
                    <texture colordiffuse="$VAR[ColorHighlightVar]">listselect_fo.png</texture>
                    <animation effect="slide" end="0,238" time="300" tween="cubic" easing="inout" condition="Container(500).Row(2)">Conditional</animation>
                    <animation effect="slide" end="0,238" time="300" tween="cubic" easing="inout" condition="Container(500).Row(2) | Container(500).Row(1)">Conditional</animation>
                    <animation effect="slide" end="413,0" time="300" tween="cubic" easing="inout" condition="Container(500).Column(3)">Conditional</animation>
                    <animation effect="slide" end="413,0" time="300" tween="cubic" easing="inout" condition="Container(500).Column(3) | Container(500).Column(2)">Conditional</animation>
                    <animation effect="slide" end="413,0" time="300" tween="cubic" easing="inout" condition="Container(500).Column(3) | Container(500).Column(2) | Container(500).Column(1)">Conditional</animation>
                </control>
                <control type="image">
                	<visible>[Container.Content(movies) | Container.Content(tvshows) | Container.Content(seasons)] + Skin.HasSetting(Enable.IconBanner) + Control.HasFocus(500)</visible>
                    <left>45</left>
                    <top>165</top>
                    <width>921</width>
                    <height>190</height>
                    <animation effect="fade" time="320" delay="200">Visible</animation>
                    <animation effect="fade" time="50">Hidden</animation>
                    <texture colordiffuse="$VAR[ColorHighlightVar]">listselect_fo.png</texture>
                    <animation effect="slide" end="0,178" time="300" tween="cubic" easing="inout" condition="Container(500).Row(3)">Conditional</animation>
                    <animation effect="slide" end="0,178" time="300" tween="cubic" easing="inout" condition="Container(500).Row(3) | Container(500).Row(2)">Conditional</animation>
                    <animation effect="slide" end="0,178" time="300" tween="cubic" easing="inout" condition="Container(500).Row(3) | Container(500).Row(2) | Container(500).Row(1)">Conditional</animation>
                    <animation effect="slide" end="909,0" time="300" tween="cubic" easing="inout" condition="Container(500).Column(1)">Conditional</animation>
                </control>
                <control type="image">
                	<visible>[Container.Content(files) | Container.Content(episodes)] + Control.HasFocus(500)</visible>
                    <left>106</left>
                    <top>165</top>
                    <width>436</width>
                    <height>369</height>
                    <animation effect="fade" time="320" delay="200">Visible</animation>
                    <animation effect="fade" time="200">Hidden</animation>
                    <texture colordiffuse="$VAR[ColorHighlightVar]">listselect_fo.png</texture>
                    <animation effect="slide" end="0,357" time="300" tween="cubic" easing="inout" condition="Container(500).Row(1)">Conditional</animation>
                    <animation effect="slide" end="424,0" time="300" tween="cubic" easing="inout" condition="Container(500).Column(3)">Conditional</animation>
                    <animation effect="slide" end="424,0" time="300" tween="cubic" easing="inout" condition="Container(500).Column(3) | Container(500).Column(2)">Conditional</animation>
                    <animation effect="slide" end="424,0" time="300" tween="cubic" easing="inout" condition="Container(500).Column(3) | Container(500).Column(2) | Container(500).Column(1)">Conditional</animation>
                </control>
                <control type="image">
                	<visible>Container.Content(musicvideos) + Control.HasFocus(500)</visible>
                    <left>62</left>
                    <top>165</top>
                    <width>369</width>
                    <height>369</height>
                    <animation effect="fade" time="320" delay="200">Visible</animation>
                    <animation effect="fade" time="200">Hidden</animation>
                    <texture colordiffuse="$VAR[ColorHighlightVar]">listselect_fo.png</texture>
                    <animation effect="slide" end="0,357" time="300" tween="cubic" easing="inout" condition="Container(500).Row(1)">Conditional</animation>
                    <animation effect="slide" end="357,0" time="300" tween="cubic" easing="inout" condition="Container(500).Column(4)">Conditional</animation>
                    <animation effect="slide" end="357,0" time="300" tween="cubic" easing="inout" condition="Container(500).Column(4) | Container(500).Column(3)">Conditional</animation>
                    <animation effect="slide" end="357,0" time="300" tween="cubic" easing="inout" condition="Container(500).Column(4) | Container(500).Column(3) | Container(500).Column(2)">Conditional</animation>
                    <animation effect="slide" end="357,0" time="300" tween="cubic" easing="inout" condition="Container(500).Column(4) | Container(500).Column(3) | Container(500).Column(2) | Container(500).Column(1)">Conditional</animation>
                </control>
            </control>
			<control type="panel" id="500">
				<left>51</left>
				<top>171</top>
				<width>1818</width>
				<height>714</height>
				<onleft>SetProperty(MediaMenu,True,home)</onleft>
				<onleft>SetFocus(9050)</onleft>
				<onright>60</onright>
				<onup>500</onup>
				<ondown>500</ondown>
				<pagecontrol>60</pagecontrol>
				<preloaditems>2</preloaditems>
				<viewtype label="31086">Icon</viewtype>
				<scrolltime tween="quadratic" easing="out">300</scrolltime>
				<itemlayout height="357" width="242" condition="[[Container.Content(movies) | Container.Content(tvshows) | Container.Content(sets) | Container.Content(seasons)] + !Skin.HasSetting(Enable.IconLandscape) + !Skin.HasSetting(Enable.IconBanner) + !Skin.HasSetting(Enable.IconLogo)] | [Container.Content(seasons) + Skin.HasSetting(Enable.IconLandscape)] | [Container.Content(seasons) + Skin.HasSetting(Enable.IconLogo)]">
					<control type="group">
						<left>62</left>
						<control type="image">
							<top>6</top>
							<left>6</left>
							<width>230</width>
							<height>345</height>
							<aspectratio>scale</aspectratio>
							<texture fallback="DefaultFallback.png" background="true">$VAR[PosterThumb]</texture>
						</control>
						<control type="image">
							<top>6</top>
							<left>6</left>
							<width>230</width>
							<height>345</height>
							<texture>thumbs/diffuse.png</texture>
						</control>
						<control type="image">
							<left>176</left>
							<top>6</top>
							<width>60</width>
							<height>60</height>
							<texture>$VAR[OverlayVar]</texture>
							<aspectratio align="center" aligny="top">keep</aspectratio>
						</control>
					</control>
				</itemlayout>
				<focusedlayout height="357" width="242" condition="[[Container.Content(movies) | Container.Content(tvshows) | Container.Content(sets) | Container.Content(seasons)] + !Skin.HasSetting(Enable.IconLandscape) + !Skin.HasSetting(Enable.IconBanner) + !Skin.HasSetting(Enable.IconLogo)] | [Container.Content(seasons) + Skin.HasSetting(Enable.IconLandscape)] | [Container.Content(seasons) + Skin.HasSetting(Enable.IconLogo)]">
					<control type="group">
						<left>62</left>
						<include>PanelFocusedItemZoom</include>
						<control type="image">
							<left>6</left>
							<top>6</top>
							<width>230</width>
							<height>345</height>
							<aspectratio>scale</aspectratio>
							<texture fallback="DefaultFallback.png" background="true">$VAR[PosterThumb]</texture>
						</control>
						<control type="image">
							<animation center="auto" condition="Control.HasFocus(500)" easing="inout" effect="fade" end="0" start="100" time="300" tween="sine">Focus</animation>
							<animation center="auto" condition="Control.HasFocus(500)" easing="inout" effect="fade" end="100" start="0" time="300" tween="sine">UnFocus</animation>
							<top>6</top>
							<left>6</left>
							<width>230</width>
							<height>345</height>
							<texture>thumbs/diffuse.png</texture>
						</control>
						<control type="image">
							<left>176</left>
							<top>6</top>
							<width>60</width>
							<height>60</height>
							<texture>$VAR[OverlayVar]</texture>
							<aspectratio align="center" aligny="top">keep</aspectratio>
						</control>
					</control>
				</focusedlayout>
				<itemlayout height="238" width="413" condition="[Container.Content(movies) | Container.Content(tvshows)] + !Skin.HasSetting(Enable.IconBanner) + [Skin.HasSetting(Enable.IconLandscape) | Skin.HasSetting(Enable.IconLogo)]">
					<control type="group">
						<left>83</left>
						<control type="group">
							<visible>Skin.HasSetting(Enable.IconLandscape)</visible>
							<control type="image">
								<top>6</top>
								<left>6</left>
								<width>401</width>
								<height>226</height>
								<aspectratio>scale</aspectratio>
								<texture background="true">$VAR[LandscapeArtVar]</texture>
							</control>
							<control type="image">
								<visible>IsEmpty(ListItem.Art(landscape))</visible>
								<top>120</top>
				                <left>6</left>
				                <width>401</width>
				                <height>90</height>
				                <texture background="true">$INFO[ListItem.Art(clearlogo)]</texture>
				                <aspectratio align="center" aligny="bottom">keep</aspectratio>
				            </control>
				        </control>
				        <control type="group">
				        	<visible>Skin.HasSetting(Enable.IconLogo)</visible>
				        	<control type="image">
								<top>6</top>
				                <left>16</left>
				                <width>381</width>
				                <height>226</height>
				                <texture background="true">$INFO[ListItem.Art(clearlogo)]</texture>
				                <aspectratio align="center" aligny="center">keep</aspectratio>
				            </control>
				            <control type="group">
								<visible>IsEmpty(ListItem.Art(clearlogo))</visible>
								<control type="textbox">
									<left>16</left>
									<top>6</top>
									<width>381</width>
									<height>226</height>
									<align>center</align>
									<aligny>center</aligny>
									<font>font16</font>
									<label>$VAR[FloorLabelVar]</label>
								</control>
							</control>
				        </control>
						<control type="image">
							<top>6</top>
							<left>6</left>
							<width>401</width>
							<height>226</height>
							<texture>thumbs/diffuse.png</texture>
						</control>
						<control type="image">
							<visible>Skin.HasSetting(Enable.IconLandscape)</visible>
							<left>347</left>
							<top>6</top>
							<width>60</width>
							<height>60</height>
							<texture>$VAR[OverlayVar]</texture>
							<aspectratio align="center" aligny="top">keep</aspectratio>
						</control>
					</control>
				</itemlayout>
				<focusedlayout height="238" width="413" condition="[Container.Content(movies) | Container.Content(tvshows)] + !Skin.HasSetting(Enable.IconBanner) + [Skin.HasSetting(Enable.IconLandscape) | Skin.HasSetting(Enable.IconLogo)]">
					<control type="group">
						<left>83</left>
						<animation type="Focus">
				            <effect type="zoom" time="150" start="95" end="100" center="215,116" />
				            <effect type="zoom" time="150" start="105" end="100" delay="150" center="215,116" />
				        </animation>
				        <control type="group">
				        	<visible>Skin.HasSetting(Enable.IconLandscape)</visible>
							<control type="image">
								<left>6</left>
								<top>6</top>
								<width>401</width>
								<height>226</height>
								<aspectratio>scale</aspectratio>
								<texture background="true">$VAR[LandscapeArtVar]</texture>
							</control>
							<control type="image">
								<visible>IsEmpty(ListItem.Art(landscape))</visible>
								<top>120</top>
				                <left>6</left>
				                <width>401</width>
				                <height>90</height>
				                <texture background="true">$INFO[ListItem.Art(clearlogo)]</texture>
				                <aspectratio align="center" aligny="bottom">keep</aspectratio>
				            </control>
				        </control>
				        <control type="group">
				        	<visible>Skin.HasSetting(Enable.IconLogo)</visible>
				        	<control type="image">
								<top>6</top>
				                <left>16</left>
				                <width>381</width>
				                <height>226</height>
				                <texture background="true">$INFO[ListItem.Art(clearlogo)]</texture>
				                <aspectratio align="center" aligny="center">keep</aspectratio>
				            </control>
				            <control type="group">
								<visible>IsEmpty(ListItem.Art(clearlogo))</visible>
								<control type="textbox">
									<left>16</left>
									<top>6</top>
									<width>381</width>
									<height>226</height>
									<align>center</align>
									<aligny>center</aligny>
									<font>font16</font>
									<label>$VAR[FloorLabelVar]</label>
								</control>
							</control>
				        </control>
						<control type="image">
							<animation center="auto" condition="Control.HasFocus(500)" easing="inout" effect="fade" end="0" start="100" time="300" tween="sine">Focus</animation>
							<animation center="auto" condition="Control.HasFocus(500)" easing="inout" effect="fade" end="100" start="0" time="300" tween="sine">UnFocus</animation>
							<top>6</top>
							<left>6</left>
							<width>401</width>
							<height>226</height>
							<texture>thumbs/diffuse.png</texture>
						</control>
						<control type="image">
							<visible>Skin.HasSetting(Enable.IconLandscape)</visible>
							<left>347</left>
							<top>6</top>
							<width>60</width>
							<height>60</height>
							<texture>$VAR[OverlayVar]</texture>
							<aspectratio align="center" aligny="top">keep</aspectratio>
						</control>
					</control>
				</focusedlayout>
				<itemlayout height="178" width="909" condition="Skin.HasSetting(Enable.IconBanner) + !Container.Content(episodes)">
					<control type="image">
						<top>6</top>
						<left>6</left>
						<width>897</width>
						<height>166</height>
						<aspectratio>scale</aspectratio>
						<texture background="true">$VAR[BannerThumb]</texture>
						<visible>!IsEmpty(ListItem.Art(banner)) | IsEmpty(ListItem.Art(fanart))</visible>
					</control>
					<control type="image">
						<top>6</top>
						<left>6</left>
						<width>897</width>
						<height>166</height>
						<aspectratio align="center" aligny="center">keep</aspectratio>
						<texture background="true">$INFO[ListItem.Icon]</texture>
						<visible>IsEmpty(ListItem.Art(banner)) + IsEmpty(ListItem.Art(fanart))</visible>
					</control>
					<control type="group">
						<visible>IsEmpty(ListItem.Art(banner))</visible>
						<control type="image">
							<top>6</top>
							<left>6</left>
							<width>897</width>
							<height>166</height>
							<aspectratio>scale</aspectratio>
							<texture background="true">$INFO[ListItem.Art(fanart)]</texture>
						</control>
						<control type="image">
							<top>11</top>
							<left>15</left>
							<width>867</width>
							<height>156</height>
							<aspectratio align="left">keep</aspectratio>
							<texture background="true">$INFO[ListItem.Art(clearlogo)]</texture>
						</control>
					</control>
					<control type="image">
						<top>6</top>
						<left>6</left>
						<width>897</width>
						<height>166</height>
						<texture>thumbs/diffuse.png</texture>
					</control>
					<control type="image">
						<top>6</top>
						<left>843</left>
						<width>60</width>
						<height>60</height>
						<texture>$VAR[OverlayVar]</texture>
						<aspectratio align="center" aligny="top">keep</aspectratio>
					</control>
				</itemlayout>
				<focusedlayout height="178" width="909" condition="Skin.HasSetting(Enable.IconBanner) + !Container.Content(episodes)">
					<control type="group">
						<include>PanelFocusedItemZoom</include>
						<control type="group">
							<visible>!IsEmpty(ListItem.Art(banner)) | IsEmpty(ListItem.Art(fanart))</visible>
							<control type="image">
								<top>6</top>
								<left>6</left>
								<width>897</width>
								<height>166</height>
								<aspectratio>scale</aspectratio>
								<texture background="true">$VAR[BannerThumb]</texture>
							</control>
						</control>
						<control type="group">
							<visible>IsEmpty(ListItem.Art(banner)) + IsEmpty(ListItem.Art(fanart))</visible>
							<control type="image">
								<top>6</top>
								<left>6</left>
								<width>897</width>
								<height>166</height>
								<aspectratio>keep</aspectratio>
								<texture background="true">$INFO[ListItem.Icon]</texture>
							</control>
						</control>
						<control type="group">
							<visible>IsEmpty(ListItem.Art(banner))</visible>
							<control type="image">
								<top>6</top>
								<left>6</left>
								<width>897</width>
								<height>166</height>
								<aspectratio>scale</aspectratio>
								<texture background="true">$INFO[ListItem.Art(fanart)]</texture>
							</control>
							<control type="image">
								<top>11</top>
								<left>15</left>
								<width>867</width>
								<height>156</height>
								<aspectratio align="left">keep</aspectratio>
								<texture background="true">$INFO[ListItem.Art(clearlogo)]</texture>
							</control>
						</control>
						<control type="image">
							<animation center="auto" condition="Control.HasFocus(500)" easing="inout" effect="fade" end="0" start="100" time="300" tween="sine">Focus</animation>
							<animation center="auto" condition="Control.HasFocus(500)" easing="inout" effect="fade" end="100" start="0" time="300" tween="sine">UnFocus</animation>
							<top>6</top>
							<left>6</left>
							<width>897</width>
							<height>166</height>
							<texture>thumbs/diffuse.png</texture>
						</control>
						<control type="image">
							<top>6</top>
							<left>843</left>
							<width>60</width>
							<height>60</height>
							<texture>$VAR[OverlayVar]</texture>
							<aspectratio align="center" aligny="top">keep</aspectratio>
						</control>
					</control>
				</focusedlayout>
				<itemlayout height="357" width="424" condition="Container.Content(files) | Container.Content(episodes)">
					<control type="group">
						<left>61</left>
						<control type="image">
							<left>6</left>
							<top>6</top>
							<width>412</width>
							<height>345</height>
							<aspectratio>scale</aspectratio>
							<texture fallback="DefaultFallback.png" background="true">$INFO[ListItem.Art(thumb)]</texture>
						</control>
						<control type="image">
							<left>6</left>
							<top>6</top>
							<width>412</width>
							<height>345</height>
							<texture border="0,0,0,50">thumbs/diffuse_music.png</texture>
						</control>
						<control type="label">
							<left>6</left>
							<top>304</top>
							<width>412</width>
							<height>40</height>
							<align>center</align>
							<textoffsetx>10</textoffsetx>
							<textcolor>$VAR[ColorTextVar]</textcolor>
							<info>ListItem.Label</info>
						</control>
						<control type="image">
							<left>358</left>
							<top>6</top>
							<width>60</width>
							<height>60</height>
							<texture>$VAR[OverlayVar]</texture>
							<aspectratio align="center" aligny="top">keep</aspectratio>
						</control>
					</control>
				</itemlayout>
				<focusedlayout height="357" width="424" condition="Container.Content(files) | Container.Content(episodes)">
					<control type="group">
						<left>61</left>
						<include>PanelFocusedItemZoom</include>
						<control type="image">
							<left>6</left>
							<top>6</top>
							<width>412</width>
							<height>345</height>
							<aspectratio>scale</aspectratio>
							<texture fallback="DefaultFallback.png" background="true">$INFO[ListItem.Art(thumb)]</texture>
						</control>
						<control type="group">
							<animation center="auto" condition="Control.HasFocus(500)" easing="inout" effect="fade" end="0" start="100" time="300" tween="sine">Focus</animation>
							<animation center="auto" condition="Control.HasFocus(500)" easing="inout" effect="fade" end="100" start="0" time="300" tween="sine">UnFocus</animation>
							<control type="image">
								<left>6</left>
								<top>6</top>
								<width>412</width>
								<height>345</height>
								<texture border="0,0,0,50">thumbs/diffuse_music.png</texture>
							</control>
							<control type="label">
								<left>6</left>
								<top>304</top>
								<width>412</width>
								<height>40</height>
								<align>center</align>
								<textoffsetx>10</textoffsetx>
								<textcolor>$VAR[ColorTextVar]</textcolor>
								<info>ListItem.Label</info>
							</control>
						</control>
						<control type="image">
							<left>358</left>
							<top>6</top>
							<width>60</width>
							<height>60</height>
							<texture>$VAR[OverlayVar]</texture>
							<aspectratio align="center" aligny="top">keep</aspectratio>
						</control>
					</control>
				</focusedlayout>
				<itemlayout height="357" width="357" condition="Container.Content(musicvideos)">
					<control type="group">
						<left>17</left>
						<control type="image">
							<left>6</left>
							<top>6</top>
							<width>345</width>
							<height>345</height>
							<aspectratio>scale</aspectratio>
							<texture fallback="DefaultFallback.png" background="true">$INFO[ListItem.Art(thumb)]</texture>
						</control>
						<control type="image">
							<left>6</left>
							<top>6</top>
							<width>345</width>
							<height>345</height>
							<texture>thumbs/diffuse.png</texture>
						</control>
						<control type="image">
							<left>6</left>
							<top>301</top>
							<width>345</width>
							<height>50</height>
							<texture>black.png</texture>
							<colordiffuse>bbffffff</colordiffuse>
						</control>
						<control type="label">
							<left>6</left>
							<top>304</top>
							<width>345</width>
							<height>40</height>
							<align>center</align>
							<textoffsetx>10</textoffsetx>
							<textcolor>$VAR[ColorTextVar]</textcolor>
							<label>$INFO[ListItem.Label]</label>
						</control>
						<control type="image">
							<left>291</left>
							<top>6</top>
							<width>60</width>
							<height>60</height>
							<texture>$VAR[OverlayVar]</texture>
							<aspectratio align="center" aligny="top">keep</aspectratio>
						</control>
					</control>
				</itemlayout>
				<focusedlayout height="357" width="357" condition="Container.Content(musicvideos)">
					<control type="group">
						<left>17</left>
						<include>PanelFocusedItemZoom</include>
						<control type="image">
							<left>6</left>
							<top>6</top>
							<width>345</width>
							<height>345</height>
							<aspectratio>scale</aspectratio>
							<texture fallback="DefaultFallback.png" background="true">$INFO[ListItem.Art(thumb)]</texture>
						</control>
						<control type="image">
							<animation center="auto" condition="Control.HasFocus(500)" easing="inout" effect="fade" end="0" start="100" time="300" tween="sine">Focus</animation>
							<animation center="auto" condition="Control.HasFocus(500)" easing="inout" effect="fade" end="100" start="0" time="300" tween="sine">UnFocus</animation>
							<left>6</left>
							<top>6</top>
							<width>345</width>
							<height>345</height>
							<texture>thumbs/diffuse.png</texture>
						</control>
						<control type="image">
							<left>6</left>
							<top>301</top>
							<width>345</width>
							<height>50</height>
							<texture>black.png</texture>
							<colordiffuse>bbffffff</colordiffuse>
						</control>
						<control type="label">
							<left>6</left>
							<top>304</top>
							<width>345</width>
							<height>40</height>
							<align>center</align>
							<textoffsetx>10</textoffsetx>
							<textcolor>$VAR[ColorTextVar]</textcolor>
							<label>$INFO[ListItem.Label]</label>
						</control>
						<control type="image">
							<left>291</left>
							<top>6</top>
							<width>60</width>
							<height>60</height>
							<texture>$VAR[OverlayVar]</texture>
							<aspectratio align="center" aligny="top">keep</aspectratio>
						</control>
					</control>
				</focusedlayout>
			</control>
			<control type="scrollbar" id="60">
				<left>1906</left>
				<top>30</top>
				<width>14</width>
				<height>1035</height>
				<onleft>500</onleft>
				<onright>500</onright>
				<ondown>60</ondown>
				<onup>60</onup>
			</control>
			<control type="group">
				<visible>Container.Content(sets)</visible>
				<animation effect="slide" tween="cubic" time="720" start="0,806" end="0,0">VisibleChange</animation>
				<control type="button">
					<top>890</top>
					<left>90</left>
					<width>1740</width>
					<height>90</height>
					<font>font16_title</font>
					<textcolor>$VAR[ColorTextVar]</textcolor>
					<label>[B]$INFO[ListItem.Label][/B]</label>
					<label2>[B]$INFO[ListItem.Label2][/B]</label2>
					<textoffsetx>30</textoffsetx>
					<texturenofocus>-</texturenofocus>
					<enable>no</enable>
					<disabledcolor>$VAR[ColorTextVar]</disabledcolor>
				</control>
			</control>
			<control type="group">
				<animation effect="slide" time="0" start="0" end="20" condition="[Skin.HasSetting(Enable.IconLandscape) | Skin.HasSetting(Enable.IconLogo)] + !Container.Content(seasons)">Conditional</animation>
				<animation effect="slide" time="0" start="0" end="-60" condition="Skin.HasSetting(Enable.IconBanner) + !Container.Content(episodes)">Conditional</animation>
				<animation effect="slide" time="0" start="0" end="-48" condition="Container.Content(musicvideos)">Conditional</animation>
				<left>90</left>
				<top>900</top>
				<visible>![Container.Content(sets)]</visible>
				<include>VisibleFadeEffect</include>
				<control type="label">
					<width>1150</width>
					<height>42</height>
					<align>left</align>
					<font>font16_title</font>
					<textcolor>$VAR[ColorTextVar]</textcolor>
					<scroll>true</scroll>
					<label>[B]$INFO[ListItem.Label][/B]</label>
					<textoffsetx>30</textoffsetx>
				</control>
				<control type="label">
					<left>0</left>
					<top>45</top>
					<width>1100</width>
					<height>30</height>
					<align>left</align>
					<font>font13_title</font>
					<textcolor>$VAR[ColorTextVar]</textcolor>
					<label>$VAR[FloorSubLabelVar]</label>
					<textoffsetx>30</textoffsetx>
				</control>
			</control>
			<control type="group">
				<animation effect="slide" time="0" start="0" end="60" condition="Skin.HasSetting(Enable.IconBanner)">Conditional</animation>
				<left>1444</left>
				<top>895</top>
				<width>1840</width>
				<height>90</height>
				<orientation>horizontal</orientation>
				<include>VisibleFadeEffect</include>
				<visible>Container.Content(tvshows) | Container.Content(seasons)</visible>
				<control type="image" id="800015">
					<left>32</left>
					<width>198</width>
					<include>MediaFlagVars</include>
					<bordersize>2</bordersize>
					<texture>resource://resource.images.studios.white/$INFO[ListItem.Studio,,.png]</texture>
					<visible>!IsEmpty(Control.GetLabel(800015))</visible>
				</control>
				<control type="label">
					<left>32</left>
					<width>198</width>
					<height>90</height>
					<align>center</align>
					<label>$INFO[ListItem.Studio]</label>
					<font>font10</font>
					<textcolor>$VAR[ColorTextVar]</textcolor>
					<wrapmultiline>true</wrapmultiline>
					<visible>IsEmpty(Control.GetLabel(800015))</visible>
				</control>
				<control type="image">
					<left>230</left>
					<include>MediaFlagVars</include>
					<texture fallback="flags/mpaa/NR.png">$VAR[RatingFlagVar]</texture>
				</control>
			</control>
			<control type="group">
				<animation effect="slide" time="0" start="0" end="60" condition="Container.Content(musicvideos)">Conditional</animation>
				<left>1336</left>
				<top>895</top>
				<width>1840</width>
				<height>90</height>
				<include>VisibleFadeEffect</include>
				<visible>![Container.Content(tvshows) | Container.Content(seasons) | Container.Content(files)]</visible>
				<visible>!StringCompare(Container.SortMethod,$LOCALIZE[13409])</visible>
				<control type="image">
					<include>MediaFlagVars</include>
					<texture>$INFO[ListItem.VideoResolution,flags/resolution/,.png]</texture>
					<visible>!IsEmpty(ListItem.VideoResolution)</visible>
				</control>
				<control type="image">
					<left>160</left>
					<include>MediaFlagVars</include>
					<texture>$INFO[ListItem.AudioCodec,flags/audio/,.png]</texture>
					<visible>!IsEmpty(ListItem.AudioCodec)</visible>
				</control>
				<control type="image">
					<left>328</left>
					<include>MediaFlagVars</include>
					<texture>$VAR[SourceFlagVar,flags/video/,.png]</texture>
					<visible>!IsEmpty(ListItem.VideoCodec)</visible>
				</control>
			</control>
			<control type="group">
				<left>1457</left>
				<top>915</top>
				<width>500</width>
				<height>150</height>
				<include>VisibleFadeEffect</include>
				<visible>StringCompare(Container.SortMethod,$LOCALIZE[13409])</visible>
				<control type="image">
					<height>50</height>
					<colordiffuse>$VAR[ColorTextVar]</colordiffuse>
					<texture>imdb.png</texture>
					<aspectratio align="left" aligny="top">keep</aspectratio>
				</control>
				<control type="label">
					<left>15</left>
					<top>3</top>
					<width>200</width>
					<height>42</height>
					<font>font13</font>
					<textcolor>$VAR[ColorTextVar]</textcolor>
					<label>[B][UPPERCASE]$LOCALIZE[13409][/UPPERCASE] $INFO[ListItem.Top250,#][/B]</label>
					<align>left</align>
				</control>
			</control>
		</control>
	</include>
	<!-- Music Wall -->
	<include name="MusicWall">
		<control type="group">
			<visible>Control.IsVisible(500) + !Window.IsActive(addoninformation)</visible>
			<include>ViewAnimation</include>
			<control type="image">
				<visible>Control.HasFocus(500)</visible>
                <left>114</left>
                <top>77</top>
                <width>292</width>
                <height>292</height>
                <animation effect="fade" time="320" delay="200">Visible</animation>
                <animation effect="fade" time="50">Hidden</animation>
                <texture colordiffuse="$VAR[ColorHighlightVar]">listselect_fo.png</texture>
                <animation effect="slide" end="0,280" time="300" tween="cubic" easing="inout" condition="Container(500).Row(2)">Conditional</animation>
                <animation effect="slide" end="0,280" time="300" tween="cubic" easing="inout" condition="Container(500).Row(2) | Container(500).Row(1)">Conditional</animation>
                <animation effect="slide" end="280,0" time="300" tween="cubic" easing="inout" condition="Container(500).Column(5)">Conditional</animation>
                <animation effect="slide" end="280,0" time="300" tween="cubic" easing="inout" condition="Container(500).Column(5) | Container(500).Column(4)">Conditional</animation>
                <animation effect="slide" end="280,0" time="300" tween="cubic" easing="inout" condition="Container(500).Column(5) | Container(500).Column(4) | Container(500).Column(3)">Conditional</animation>
                <animation effect="slide" end="280,0" time="300" tween="cubic" easing="inout" condition="Container(500).Column(5) | Container(500).Column(4) | Container(500).Column(3) | Container(500).Column(2)">Conditional</animation>
                <animation effect="slide" end="280,0" time="300" tween="cubic" easing="inout" condition="Container(500).Column(5) | Container(500).Column(4) | Container(500).Column(3) | Container(500).Column(2) | Container(500).Column(1)">Conditional</animation>
            </control>
			<control type="panel" id="500">
				<left>120</left>
				<top>83</top>
				<width>1680</width>
				<height>840</height>
				<onleft>SetProperty(MediaMenu,True,home)</onleft>
				<onleft>SetFocus(9050)</onleft>
				<onright>60</onright>
				<onup>500</onup>
				<ondown>500</ondown>
				<pagecontrol>60</pagecontrol>
				<viewtype label="31086">Icon</viewtype>
				<scrolltime tween="quadratic" easing="out">300</scrolltime>
				<itemlayout height="280" width="280">
					<control type="image">
						<top>6</top>
						<left>6</left>
						<width>268</width>
						<height>268</height>
						<aspectratio>scale</aspectratio>
						<texture background="true">$VAR[MusicThumbVar]</texture>
					</control>
					<control type="image">
						<top>6</top>
						<left>6</left>
						<width>268</width>
						<height>268</height>
						<texture>thumbs/diffuse.png</texture>
					</control>
					<control type="group">
						<visible>Container.Content(artists)</visible>
						<control type="image">
							<top>224</top>
							<left>6</left>
							<width>268</width>
							<height>50</height>
							<texture>black.png</texture>
							<colordiffuse>bbffffff</colordiffuse>
						</control>
						<control type="label">
							<left>6</left>
							<top>234</top>
							<width>268</width>
							<height>28</height>
							<align>center</align>
							<textoffsetx>4</textoffsetx>
							<textcolor>$VAR[ColorTextVar]</textcolor>
							<info>ListItem.Label</info>
						</control>
					</control>
				</itemlayout>
				<focusedlayout height="280" width="280">
					<control type="group">
						<include>PanelFocusedItemZoom</include>
						<control type="image">
							<top>6</top>
							<left>6</left>
							<width>268</width>
							<height>268</height>
							<aspectratio>scale</aspectratio>
							<texture fallback="blank.png" background="true">$VAR[MusicThumbVar]</texture>
						</control>
						<control type="image">
							<animation center="auto" condition="Control.HasFocus(500)" easing="inout" effect="fade" end="0" start="100" time="300" tween="sine">Focus</animation>
							<animation center="auto" condition="Control.HasFocus(500)" easing="inout" effect="fade" end="100" start="0" time="300" tween="sine">UnFocus</animation>
							<top>6</top>
							<left>6</left>
							<width>268</width>
							<height>268</height>
							<texture>thumbs/diffuse.png</texture>
						</control>
						<control type="group">
							<visible>Container.Content(artists)</visible>
							<control type="image">
								<top>224</top>
								<left>6</left>
								<width>268</width>
								<height>50</height>
								<texture>black.png</texture>
								<colordiffuse>bbffffff</colordiffuse>
							</control>
							<control type="label">
								<left>6</left>
								<top>234</top>
								<width>268</width>
								<height>28</height>
								<align>center</align>
								<textoffsetx>4</textoffsetx>
								<textcolor>$VAR[ColorTextVar]</textcolor>
								<info>ListItem.Label</info>
							</control>
						</control>
					</control>
				</focusedlayout>
			</control>
			<control type="scrollbar" id="60">
				<left>1906</left>
				<top>30</top>
				<width>14</width>
				<height>1035</height>
				<onleft>500</onleft>
				<onright>500</onright>
				<ondown>60</ondown>
				<onup>60</onup>
			</control>
			<control type="group">
				<left>95</left>
				<top>940</top>
				<control type="label">
					<left>0</left>
					<top>0</top>
					<width>1300</width>
					<height>42</height>
					<align>left</align>
					<font>font16_title</font>
					<textcolor>$VAR[ColorTextVar]</textcolor>
					<scroll>true</scroll>
					<label>[B]$INFO[ListItem.Label][/B]</label>
					<textoffsety>-2</textoffsety>
					<textoffsetx>30</textoffsetx>
				</control>
				<control type="label">
					<left>0</left>
					<top>45</top>
					<width>1300</width>
					<height>30</height>
					<align>left</align>
					<font>font13_title</font>
					<textcolor>$VAR[ColorTextVar]</textcolor>
					<label>$VAR[FloorLabel2Var]</label>
					<textoffsetx>30</textoffsetx>
				</control>
			</control>
			<control type="grouplist">
				<left>0</left>
				<top>935</top>
				<width>1840</width>
				<height>90</height>
				<align>right</align>
				<aligny>center</aligny>
				<itemgap>0</itemgap>
				<orientation>horizontal</orientation>
				<visible>Container.Content(albums)</visible>
				<control type="image">
					<width>198</width>
					<include>MediaFlagVars</include>
					<texture>$INFO[ListItem.FileExtension,flags/audio/,.png]</texture>
				</control>
				<control type="image">
					<width>198</width>
					<include>MediaFlagVars</include>
					<texture fallback="rating0.png">$INFO[ListItem.StarRating]</texture>
				</control>
				<control type="label">
					<width>198</width>
					<height>90</height>
					<align>center</align>
					<label fallback="• • • •">$INFO[ListItem.Year,[B],[/B]]</label>
					<font>font35_title</font>
					<textcolor>$VAR[ColorTextVar]</textcolor>
					<wrapmultiline>true</wrapmultiline>
				</control>
			</control>
		</control>
	</include>
	<!-- Picture Wall -->
	<include name="PictureWall">
		<control type="group">
			<visible>Control.IsVisible(510) + !Window.IsActive(addoninformation)</visible>
			<include>ViewAnimation</include>
			<control type="image">
				<visible>Control.HasFocus(510)</visible>
                <left>106</left>
                <top>165</top>
                <width>436</width>
                <height>369</height>
                <animation effect="fade" time="320" delay="200">Visible</animation>
                <animation effect="fade" time="50">Hidden</animation>
                <texture colordiffuse="$VAR[ColorHighlightVar]">listselect_fo.png</texture>
                <animation effect="slide" end="0,357" time="300" tween="cubic" easing="inout" condition="Container(510).Row(1)">Conditional</animation>
                <animation effect="slide" end="424,0" time="300" tween="cubic" easing="inout" condition="Container(510).Column(3)">Conditional</animation>
                <animation effect="slide" end="424,0" time="300" tween="cubic" easing="inout" condition="Container(510).Column(3) | Container(510).Column(2)">Conditional</animation>
                <animation effect="slide" end="424,0" time="300" tween="cubic" easing="inout" condition="Container(510).Column(3) | Container(510).Column(2) | Container(510).Column(1)">Conditional</animation>
            </control>
			<control type="panel" id="510">
				<left>112</left>
				<top>171</top>
				<width>1696</width>
				<height>714</height>
				<onleft>SetProperty(MediaMenu,True,home)</onleft>
				<onleft>SetFocus(9050)</onleft>
				<onright>60</onright>
				<onup>510</onup>
				<ondown>510</ondown>
				<pagecontrol>60</pagecontrol>
				<preloaditems>2</preloaditems>
				<scrolltime tween="quadratic" easing="out">300</scrolltime>
				<itemlayout height="357" width="424">
					<control type="image">
						<left>6</left>
						<top>6</top>
						<width>412</width>
						<height>345</height>
						<aspectratio>scale</aspectratio>
						<texture fallback="DefaultFallback.png" background="true">$INFO[ListItem.Art(thumb)]</texture>
					</control>
					<control type="image">
						<left>6</left>
						<top>6</top>
						<width>412</width>
						<height>345</height>
						<texture>thumbs/diffuse.png</texture>
					</control>
					<control type="group">
						<visible>!Skin.HasSetting(PictureInfo.Disabled)</visible>
						<control type="image">
							<left>6</left>
							<top>301</top>
							<width>412</width>
							<height>50</height>
							<texture>black.png</texture>
							<colordiffuse>bbffffff</colordiffuse>
						</control>
						<control type="label">
							<left>6</left>
							<top>311</top>
							<width>412</width>
							<height>28</height>
							<align>center</align>
							<textoffsetx>10</textoffsetx>
							<textcolor>$VAR[ColorTextVar]</textcolor>
							<info>ListItem.Label</info>
						</control>
					</control>
				</itemlayout>
				<focusedlayout height="357" width="424">
					<control type="group">
						<include>PanelFocusedItemZoom</include>
						<control type="image">
							<left>6</left>
							<top>6</top>
							<width>412</width>
							<height>345</height>
							<aspectratio>scale</aspectratio>
							<texture fallback="DefaultFallback.png" background="true">$INFO[ListItem.Art(thumb)]</texture>
						</control>
						<control type="group">
							<animation center="auto" condition="Control.HasFocus(510)" easing="inout" effect="fade" end="0" start="100" time="300" tween="sine">Focus</animation>
							<animation center="auto" condition="Control.HasFocus(510)" easing="inout" effect="fade" end="100" start="0" time="300" tween="sine">UnFocus</animation>
							<control type="image">
								<left>6</left>
								<top>6</top>
								<width>412</width>
								<height>345</height>
								<texture>thumbs/diffuse.png</texture>
							</control>
							<control type="group">
								<visible>!Skin.HasSetting(PictureInfo.Disabled)</visible>
								<control type="image">
									<left>6</left>
									<top>301</top>
									<width>412</width>
									<height>50</height>
									<texture>black.png</texture>
									<colordiffuse>bbffffff</colordiffuse>
								</control>
								<control type="label">
									<left>6</left>
									<top>311</top>
									<width>412</width>
									<height>28</height>
									<align>center</align>
									<textoffsetx>10</textoffsetx>
									<textcolor>$VAR[ColorTextVar]</textcolor>
									<info>ListItem.Label</info>
								</control>
							</control>
						</control>
					</control>
				</focusedlayout>
			</control>
			<control type="scrollbar" id="60">
				<left>1906</left>
				<top>30</top>
				<width>14</width>
				<height>1035</height>
				<onleft>500</onleft>
				<onright>500</onright>
				<ondown>60</ondown>
				<onup>60</onup>
			</control>
			<control type="group">
				<visible>!Skin.HasSetting(PictureInfo.Disabled) + !Container.Content(addons)</visible>
				<control type="group">
					<left>90</left>
					<top>900</top>
					<include>VisibleFadeEffect</include>
					<control type="label">
						<left>0</left>
						<top>0</top>
						<width>1150</width>
						<height>42</height>
						<aligny>top</aligny>
						<align>left</align>
						<font>font16_title</font>
						<textcolor>$VAR[ColorTextVar]</textcolor>
						<scroll>true</scroll>
						<label>[B]$INFO[ListItem.Label][/B]</label>
						<textoffsety>-2</textoffsety>
						<textoffsetx>30</textoffsetx>
					</control>
				</control>
			</control>
		</control>
	</include>
	<!-- Addon Wall -->
	<include name="AddonWall">
		<control type="group">
			<visible>Control.IsVisible(520) + !Window.IsActive(addoninformation)</visible>
			<include>ViewAnimation</include>
			<control type="image">
				<visible>Control.HasFocus(520)</visible>
                <left>194</left>
                <top>134</top>
                <width>392</width>
                <height>392</height>
                <animation effect="fade" time="320" delay="200">Visible</animation>
                <animation effect="fade" time="50">Hidden</animation>
                <texture colordiffuse="$VAR[ColorHighlightVar]">listselect_fo.png</texture>
                <animation effect="slide" end="0,380" time="300" tween="cubic" easing="inout" condition="Container(520).Row(1)">Conditional</animation>
                <animation effect="slide" end="380,0" time="300" tween="cubic" easing="inout" condition="Container(520).Column(3)">Conditional</animation>
                <animation effect="slide" end="380,0" time="300" tween="cubic" easing="inout" condition="Container(520).Column(3) | Container(520).Column(2)">Conditional</animation>
                <animation effect="slide" end="380,0" time="300" tween="cubic" easing="inout" condition="Container(520).Column(3) | Container(520).Column(2) | Container(520).Column(1)">Conditional</animation>
            </control>
			<control type="panel" id="520">
				<left>200</left>
				<top>140</top>
				<width>1520</width>
				<height>760</height>
				<onleft>SetProperty(MediaMenu,True,home)</onleft>
				<onleft>SetFocus(9050)</onleft>
				<onright condition="Control.IsVisible(60)">60</onright>
				<onright>520</onright>
				<onup>520</onup>
				<ondown>520</ondown>
				<pagecontrol>60</pagecontrol>
				<preloaditems>2</preloaditems>
				<scrolltime tween="quadratic" easing="out">300</scrolltime>
				<itemlayout height="380" width="380">
					<control type="image">
						<top>6</top>
						<left>6</left>
						<width>368</width>
						<height>368</height>
						<aspectratio aligny="top">scale</aspectratio>
						<texture fallback="DefaultFallbackAddon.png" background="true">$INFO[ListItem.Art(thumb)]</texture>
					</control>
					<control type="image">
						<top>6</top>
						<left>6</left>
						<width>368</width>
						<height>368</height>
						<texture border="0,0,0,50">thumbs/diffuse_music.png</texture>
					</control>
					<control type="label">
						<left>6</left>
						<top>331</top>
						<width>368</width>
						<height>30</height>
						<align>center</align>
						<textoffsetx>10</textoffsetx>
						<textcolor>$VAR[ColorTextVar]</textcolor>
						<info>ListItem.Label</info>
					</control>
				</itemlayout>
				<focusedlayout height="380" width="380">
					<control type="group">
						<include>PanelFocusedItemZoom</include>
						<control type="image">
							<top>6</top>
							<left>6</left>
							<width>368</width>
							<height>368</height>
							<aspectratio aligny="top">scale</aspectratio>
							<texture fallback="DefaultFallbackAddon.png" background="true">$INFO[ListItem.Art(thumb)]</texture>
						</control>
						<control type="group">
							<animation center="auto" condition="Control.HasFocus(520)" easing="inout" effect="fade" end="0" start="100" time="300" tween="sine">Focus</animation>
							<animation center="auto" condition="Control.HasFocus(520)" easing="inout" effect="fade" end="100" start="0" time="300" tween="sine">UnFocus</animation>
							<control type="image">
								<top>6</top>
								<left>6</left>
								<width>368</width>
								<height>368</height>
								<texture border="0,0,0,50">thumbs/diffuse_music.png</texture>
							</control>
							<control type="label">
								<left>6</left>
								<top>331</top>
								<width>368</width>
								<height>30</height>
								<align>center</align>
								<textoffsetx>10</textoffsetx>
								<textcolor>$VAR[ColorTextVar]</textcolor>
								<info>ListItem.Label</info>
							</control>
						</control>
					</control>
				</focusedlayout>
			</control>
			<control type="scrollbar" id="60">
				<animation effect="slide" time="0" start="0,0" end="0,-15" condition="Window.IsActive(videos) | Window.IsActive(pictures) | Window.IsActive(musiclibrary)">Conditional</animation>
				<left>1906</left>
				<top>45</top>
				<width>14</width>
				<height>1035</height>
				<onleft>520</onleft>
				<onright>520</onright>
				<ondown>60</ondown>
				<onup>60</onup>
			</control>
			<control type="group">
				<top>919</top>
				<left>176</left>
				<control type="group">
					<control type="label">
						<left>0</left>
						<top>0</top>
						<width>1520</width>
						<height>42</height>
						<align>left</align>
						<font>font16_title</font>
						<textcolor>$VAR[ColorTextVar]</textcolor>
						<scroll>true</scroll>
						<label>[B]$INFO[ListItem.Label][/B]</label>
						<textoffsetx>30</textoffsetx>
					</control>
					<control type="label">
						<left>0</left>
						<top>45</top>
						<width>1520</width>
						<height>30</height>
						<align>left</align>
						<font>font13_title</font>
						<textcolor>$VAR[ColorTextVar]</textcolor>
						<label>$INFO[ListItem.Property(Addon.Summary)]</label>
						<textoffsetx>30</textoffsetx>
					</control>
				</control>
			</control>
		</control>
	</include>
</includes>