<?xml version="1.0" encoding="UTF-8"?>
<template>
    <other include="widget-fixed">
        <property name="content" tag="property" attribute="name|widgetPath" />
        <property name="target" tag="property" attribute="name|widgetTarget" />

        <controls>
            <control type="fixedlist" id="8000">
            	<skinshortcuts>visibility</skinshortcuts>
				<include>WidgetListContent</include>
				<content limit="25" target="$SKINSHORTCUTS[target]">$SKINSHORTCUTS[content]</content>
			</control>                
        </controls>
    </other>
    <other include="widget-wrapped">
        <property name="content" tag="property" attribute="name|widgetPath" />
        <property name="target" tag="property" attribute="name|widgetTarget" />

        <controls>
            <control type="wraplist" id="8000">
            	<skinshortcuts>visibility</skinshortcuts>
				<include>WidgetListContent</include>
				<content limit="25" target="$SKINSHORTCUTS[target]">$SKINSHORTCUTS[content]</content>
			</control>                
        </controls>
    </other>
    <other include="widget-panel">
        <property name="content" tag="property" attribute="name|widgetPath" />
        <property name="target" tag="property" attribute="name|widgetTarget" />

        <controls>
            <control type="panel" id="8000">
            	<skinshortcuts>visibility</skinshortcuts>
				<include>WidgetPanelContent</include>
				<content limit="25" target="$SKINSHORTCUTS[target]">$SKINSHORTCUTS[content]</content>
			</control>                
        </controls>
    </other>
</template>