<?xml version="1.0" encoding="UTF-8" standalone="yes"?>
<addon id="script.epg.direct" name="EPG-Direct" version="0.6.3" provider-name="bluezed">
	<requires>
		<import addon="xbmc.python" version="2.24.0"/>
		<import addon="script.module.requests" version="2.9.1"/>
		<import addon="script.module.simplejson" version="3.3.0"/>
		<import addon="script.module.pytz" version="2014.2"/>
	</requires>
	<extension point="xbmc.python.script" library="addon.py">
            <provides>executable</provides>
    </extension>
    <extension point="xbmc.service" library="service.py" start="login"/>
	<extension point="xbmc.addon.metadata">
		<summary lang="en">The direct access to TV schedules</summary>
		<description lang="en">[B][COLOR blue]EPG-Direct[/COLOR][/B] gives you access to almost every TV schedule in the world as it directly accesses the schedule information provided by SchedulesDirect via its JSON-API.[CR][CR]All you need to make full use of the guide is an account and active subscription at http://schedulesdirect.org</description>
		<disclaimer lang="en">Based on TV Guide by twinther and FTV Guide by rayw &amp; bluezed[CR]Note that a subscription to SchedulesDirect is required!</disclaimer>
		<language>en</language>
		<platform>all</platform>
		<license>GPLv2</license>
		<forum>http://forum.kodi.tv/showthread.php?tid=287868</forum>
		<source>https://github.com/bluezed/repository.bluezed</source>
        <website></website>
		<email>bluezed.apps@gmail.com</email>
        <news>v0.6.3 (2016-08-22) - Initial release</news>
		<assets>
          <icon>resources/img/icon.png</icon>
          <fanart>resources/img/fanart.jpg</fanart>
          <screenshot>resources/img/screenshot000.png</screenshot>
          <screenshot>resources/img/screenshot001.png</screenshot>
          <screenshot>resources/img/screenshot002.png</screenshot>
        </assets>
	</extension>
</addon>
