<?xml version="1.0" encoding="utf-8"?>
<window type="dialog">
    <allowoverlay>no</allowoverlay>
    <defaultcontrol always="true">6000</defaultcontrol>
    <coordinates>
        <system>1</system>
        <posx>0</posx>
        <posy>0</posy>
    </coordinates>
    <controls>
        <control type="label" id="6001">
            <description>visibility marker for selection box</description>
        </control>


        <control type="image">
            <posx>150</posx>
            <posy>100</posy>
            <width>1010</width>
            <height>510</height>
            <texture>menu-stream.png</texture>
        </control>
        <control type="image">
            <posx>150</posx>
            <posy>100</posy>
            <width>1010</width>
            <height>510</height>
            <texture>menu-stream.png</texture>
        </control>

        <control type="label">
            <posx>125</posx>
            <posy>112</posy>
            <width>520</width>
            <height>40</height>
            <align>center</align>
            <aligny>center</aligny>
            <font>font13</font>
            <textcolor>ffffffff</textcolor>
            <label>[B]Add &amp; Remove channels from your lineup[/B]</label>
        </control>

        <control type="label">
            <posx>200</posx>
            <posy>175</posy>
            <width>400</width>
            <height>40</height>
            <align>center</align>
            <aligny>center</aligny>
            <font>font13</font>
            <textcolor>ffffffff</textcolor>
            <label>Available channels</label>
        </control>

        <control type="fixedlist" id="7000">
            <posx>200</posx>
            <posy>225</posy>
            <width>400</width>
            <height>300</height>
            <viewtype label="list">list</viewtype>
            <orientation>vertical</orientation>
            <onright>6000</onright>
            <itemlayout width="400" height="40">
                <control type="image">
                    <posx>0</posx>
                    <posy>0</posy>
                    <width>400</width>
                    <height>38</height>
                    <texture>tvguide-program-grey.png</texture>
                </control>
                <control type="label">
                    <posx>16</posx>
                    <posy>0</posy>
                    <width>350</width>
                    <height>38</height>
                    <aligny>center</aligny>
                    <font>font13</font>
                    <textcolor>ffffffff</textcolor>
                    <info>ListItem.Label</info>
                </control>
            </itemlayout>
            <focusedlayout width="520" height="40">
                <control type="image">
                    <posx>0</posx>
                    <posy>0</posy>
                    <width>400</width>
                    <height>38</height>
                    <texture>tvguide-program-grey-focus.png</texture>
                    <visible>Control.HasFocus(7000)</visible>
                </control>
                <control type="label">
                    <posx>16</posx>
                    <posy>0</posy>
                    <width>350</width>
                    <height>38</height>
                    <aligny>center</aligny>
                    <font>font13</font>
                    <textcolor>ffffffff</textcolor>
                    <label>[B]$INFO[ListItem.Label][/B]</label>
                </control>
            </focusedlayout>
        </control>

        <control type="label">
            <posx>700</posx>
            <posy>175</posy>
            <width>400</width>
            <height>40</height>
            <align>center</align>
            <aligny>center</aligny>
            <font>font13</font>
            <textcolor>ffffffff</textcolor>
            <label>Selected channels</label>
        </control>

        <control type="fixedlist" id="6000">
            <posx>700</posx>
            <posy>225</posy>
            <width>400</width>
            <height>300</height>
            <viewtype label="list">list</viewtype>
            <orientation>vertical</orientation>
            <onright>6003</onright>
            <onleft>7000</onleft>
            <itemlayout width="400" height="40">
                <control type="image">
                    <posx>0</posx>
                    <posy>0</posy>
                    <width>400</width>
                    <height>38</height>
                    <texture>tvguide-program-grey.png</texture>
                </control>
                <control type="label">
                    <posx>16</posx>
                    <posy>0</posy>
                    <width>350</width>
                    <height>38</height>
                    <aligny>center</aligny>
                    <font>font13</font>
                    <textcolor>ffffffff</textcolor>
                    <info>ListItem.Label</info>
                </control>
            </itemlayout>
            <focusedlayout width="400" height="40">
                <control type="image">
                    <posx>0</posx>
                    <posy>0</posy>
                    <width>400</width>
                    <height>38</height>
                    <texture>tvguide-program-grey-focus.png</texture>
                    <visible>Control.HasFocus(6000)</visible>
                </control>
                <control type="label">
                    <posx>16</posx>
                    <posy>0</posy>
                    <width>350</width>
                    <height>38</height>
                    <aligny>center</aligny>
                    <font>font13</font>
                    <textcolor>ffffffff</textcolor>
                    <label>[B]$INFO[ListItem.Label][/B]</label>
                </control>
            </focusedlayout>
        </control>

        <control type="button" id="6003">
            <posx>736</posx>
            <posy>550</posy>
            <width>200</width>
            <height>40</height>
            <align>center</align>
            <aligny>center</aligny>
            <font>font13</font>
            <textcolor>ffffffff</textcolor>
            <label>$ADDON[script.epg.direct 30502]</label>
            <texturefocus>menu-grey-focus.png</texturefocus>
            <texturenofocus>menu-grey.png</texturenofocus>
            <onleft>6000</onleft>
            <onright>6004</onright>
            <onup>6000</onup>
        </control>
        <control type="button" id="6004">
            <posx>937</posx>
            <posy>550</posy>
            <width>200</width>
            <height>40</height>
            <align>center</align>
            <aligny>center</aligny>
            <font>font13</font>
            <textcolor>ffffffff</textcolor>
            <label>$ADDON[script.epg.direct 30503]</label>
            <texturefocus>menu-grey-focus.png</texturefocus>
            <texturenofocus>menu-grey.png</texturenofocus>
            <onleft>6003</onleft>
            <onright>6000</onright>
            <onup>6000</onup>
        </control>

    </controls>
</window>