<?xml version="1.0" encoding="UTF-8"?>
<window>
	<defaultcontrol always="true">15</defaultcontrol>
	<coordinates>
		<system>1</system>
		<left>399</left>
		<top>165</top>
	</coordinates>
	<include>dialogeffect</include>
	<controls>
		<control type="group">
			<include name="DialogBackgroundCommons">
				<param name="DialogBackgroundWidth" value="1122" />
				<param name="DialogBackgroundHeight" value="750" />
				<param name="DialogHeaderLabel" value="$LOCALIZE[658]" />
				<param name="DialogHeaderId" value="2" />
			</include>
			<control type="panel" id="9002">
				<left>31</left>
				<top>88</top>
				<width>738</width>
				<height>540</height>
				<onup>9002</onup>
				<ondown>9002</ondown>
				<onleft>9001</onleft>
				<onright>60</onright>
				<pagecontrol>60</pagecontrol>
				<scrolltime tween="quadratic" easing="out">200</scrolltime>
				<itemlayout height="90" width="738">
					<control type="label">
						<top>45</top>
						<width>738</width>
						<height>38</height>
						<font>font14</font>
						<textcolor>$VAR[ColorTextVar]</textcolor>
						<selectedcolor>$VAR[ColorHighlightVar]</selectedcolor>
						<label>$INFO[ListItem.Label]</label>
						<textoffsetx>15</textoffsetx>
					</control>
					<control type="label">
						<top>0</top>
						<width>738</width>
						<height>45</height>
						<font>font14</font>
						<textcolor>$VAR[ColorHighlightVar]</textcolor>
						<selectedcolor>$VAR[ColorHighlightVar]</selectedcolor>
						<label>$INFO[ListItem.Label2]</label>
						<textoffsetx>15</textoffsetx>
					</control>
				</itemlayout>
				<focusedlayout height="90" width="738">
					<control type="image">
						<top>0</top>
						<width>738</width>
						<height>90</height>
						<texture>listselect_fo.png</texture>
						<colordiffuse>$VAR[ColorHighlightVar]</colordiffuse>
						<visible>Control.HasFocus(9002)</visible>
						<include>VisibleFadeEffect</include>
					</control>
					<control type="label">
						<top>45</top>
						<width>738</width>
						<height>38</height>
						<font>font14</font>
						<textcolor>$VAR[ColorTextVar]</textcolor>
						<selectedcolor>$VAR[ColorHighlightVar]</selectedcolor>
						<label>$INFO[ListItem.Label]</label>
						<animation effect="fade" start="100" end="70" time="300" tween="sine" easing="inout" condition="!Control.HasFocus(9002)">Conditional</animation>
						<textoffsetx>15</textoffsetx>
					</control>
					<control type="label">
						<top>0</top>
						<width>738</width>
						<height>45</height>
						<font>font14</font>
						<textcolor>$VAR[ColorTextVar]</textcolor>
						<selectedcolor>$VAR[ColorHighlightVar]</selectedcolor>
						<label>$INFO[ListItem.Label2]</label>
						<animation effect="fade" start="100" end="70" time="300" tween="sine" easing="inout" condition="!Control.HasFocus(9002)">Conditional</animation>
						<textoffsetx>15</textoffsetx>
					</control>
				</focusedlayout>
				<content>
					<item>
						<label>$INFO[ListItem.Title]</label>
						<label2>$LOCALIZE[369]:</label2>
						<onclick>noop</onclick>
					</item>
					<item>
						<label>$INFO[ListItem.Artist]</label>
						<label2>$LOCALIZE[557]:</label2>
						<onclick>noop</onclick>
						<visible>!IsEmpty(ListItem.Artist)</visible>
					</item>
					<item>
						<label>$INFO[ListItem.Album]$INFO[listitem.discnumber, - $LOCALIZE[427] ]</label>
						<label2>$LOCALIZE[558]:</label2>
						<onclick>noop</onclick>
						<visible>!IsEmpty(ListItem.Album)</visible>
					</item>
					<item>
						<label>$INFO[ListItem.Genre]</label>
						<label2>$LOCALIZE[515]:</label2>
						<onclick>noop</onclick>
						<visible>!IsEmpty(ListItem.Genre)</visible>
					</item>
					<item>
						<label>$INFO[ListItem.Year]</label>
						<label2>$LOCALIZE[562]:</label2>
						<onclick>noop</onclick>
						<visible>!IsEmpty(ListItem.Year)</visible>
					</item>
					<item>
						<label>$INFO[ListItem.TrackNumber]</label>
						<label2>$LOCALIZE[554]:</label2>
						<onclick>noop</onclick>
						<visible>!IsEmpty(ListItem.TrackNumber)</visible>
					</item>
					<item>
						<label>$INFO[ListItem.Duration]</label>
						<label2>$LOCALIZE[180]:</label2>
						<onclick>noop</onclick>
						<visible>!IsEmpty(ListItem.Duration)</visible>
					</item>
					<item>
						<label>$INFO[ListItem.Comment]</label>
						<label2>$LOCALIZE[21806]:</label2>
						<onclick>noop</onclick>
						<visible>!IsEmpty(ListItem.Comment)</visible>
					</item>
					<item>
						<label>$INFO[ListItem.DateAdded]</label>
						<label2>$LOCALIZE[570]:</label2>
						<onclick>noop</onclick>
						<visible>!IsEmpty(ListItem.DateAdded)</visible>
					</item>
					<item>
						<label>$INFO[ListItem.Path]</label>
						<label2>$LOCALIZE[573]:</label2>
						<onclick>noop</onclick>
					</item>
					<item>
						<label>$INFO[ListItem.Filename]</label>
						<label2>$LOCALIZE[21800]:</label2>
						<onclick>noop</onclick>
						<visible>!IsEmpty(ListItem.Filename)</visible>
					</item>
					<item>
						<label>$INFO[ListItem.PlayCount]</label>
						<label2>$LOCALIZE[567]:</label2>
						<onclick>noop</onclick>
						<visible>!IsEmpty(ListItem.PlayCount)</visible>
					</item>
					<item>
						<label>$INFO[ListItem.LastPlayed]</label>
						<label2 fallback="-">$LOCALIZE[568]:</label2>
						<onclick>noop</onclick>
						<visible>!IsEmpty(ListItem.LastPlayed)</visible>
					</item>
				</content>
			</control>
			<control type="scrollbar" id="60">
				<left>772</left>
				<top>88</top>
				<height>540</height>
				<width>8</width>
				<onleft>9002</onleft>
				<onright>9001</onright>
				<ondown>60</ondown>
				<onup>60</onup>
			</control>
			<control type="image">
				<description>Rating value</description>
				<left>41</left>
				<top>643</top>
				<width>302</width>
				<height>64</height>
				<aspectratio align="left">keep</aspectratio>
				<texture colordiffuse="$VAR[ColorHighlightVar]" fallback="rating0.png">$INFO[ListItem.StarRating]</texture>
			</control>
			<control type="grouplist" id="9000">
				<description>control area</description>
				<left>589</left>
				<top>655</top>
				<width>180</width>
				<height>90</height>
				<itemgap>0</itemgap>
				<pagecontrol>-</pagecontrol>
				<onup>9002</onup>
				<ondown>9002</ondown>
				<onleft>9001</onleft>
				<onright>9001</onright>
				<usecontrolcoords>true</usecontrolcoords>
				<orientation>horizontal</orientation>
				<control type="button" id="14">
					<description>Decrease Rating</description>
					<top>10</top>
					<width>40</width>
					<height>25</height>
					<onclick>DecreaseRating</onclick>
					<texturenofocus colordiffuse="$VAR[ColorTextVar]">android/numberpicker_down_normal_holo_dark.png</texturenofocus>
					<texturefocus colordiffuse="$VAR[ColorHighlightVar]">android/numberpicker_down_normal_holo_dark.png</texturefocus>
				</control>
				<control type="button" id="15">
					<description>Increase Rating</description>
					<top>10</top>
					<width>40</width>
					<height>25</height>
					<onclick>IncreaseRating</onclick>
					<texturenofocus colordiffuse="$VAR[ColorTextVar]">android/numberpicker_up_normal_holo_dark.png</texturenofocus>
					<texturefocus colordiffuse="$VAR[ColorHighlightVar]">android/numberpicker_up_normal_holo_dark.png</texturefocus>
				</control>
			</control>
			<!-- right group -->
			<control type="group">
				<left>782</left>
				<top>88</top>
				<control type="grouplist" id="9001">
					<onup>9001</onup>
					<onleft>9000</onleft>
					<onright>9000</onright>
					<ondown>9001</ondown>
					<control type="image">
						<width>310</width>
						<height>332</height>
						<aspectratio aligny="top">keep</aspectratio>
						<texture background="true">$INFO[ListItem.Icon]</texture>
					</control>
					<control type="button" id="9003">
						<description>Ok Button</description>
						<width>310</width>
						<label>-</label>
						<font>-</font>
						<enable>no</enable>
					</control>
					<control type="button" id="10">
						<description>Ok Button</description>
						<width>310</width>
						<label>186</label>
					</control>
					<control type="button" id="11">
						<description>Cancel Button</description>
						<width>310</width>
						<label>222</label>
					</control>
					<control type="button" id="12">
						<description>Album Info button</description>
						<width>310</width>
						<label>10523</label>
					</control>
					<control type="button" id="13">
						<description>Get Thumb button</description>
						<width>310</width>
						<label>13405</label>
						<enable>!Skin.HasSetting(KioskMode.Enabled)</enable>
					</control>
				</control>
			</control>
		</control>
	</controls>
</window>