<?xml version="1.0" encoding="UTF-8"?>
<window>
	<defaultcontrol>10</defaultcontrol>
	<coordinates>
		<system>1</system>
		<left>199</left>
		<top>300</top>
	</coordinates>
	<include>dialogeffect</include>
	<controls>
		<include name="DialogBackgroundCommons">
			<param name="DialogBackgroundWidth" value="1522" />
			<param name="DialogBackgroundHeight" value="480" />
			<param name="DialogHeaderLabel" value="$LOCALIZE[1007]" />
			<param name="DialogHeaderId" value="2" />
		</include>
		<control type="group" id="9002">
			<left>30</left>
			<top>86</top>
			<control type="spincontrolex" id="10">
				<description>Protocol SpinControl</description>
				<top>2</top>
				<height>60</height>
				<width>1138</width>
				<aligny>center</aligny>
				<reverse>yes</reverse>
				<label>1008</label>
				<onup>18</onup>
				<ondown>11</ondown>
				<onleft>9001</onleft>
				<onright>9001</onright>
			</control>
			<control type="edit" id="11">
				<description>Server Address Button</description>
				<top>62</top>
				<width>876</width>
				<height>60</height>
				<label>-</label>
				<onup>10</onup>
				<onleft>9001</onleft>
				<onright>12</onright>
				<ondown>16</ondown>
			</control>
			<control type="button" id="12">
				<description>Server Browse Button</description>
				<left>876</left>
				<top>62</top>
				<width>262</width>
				<height>60</height>
				<label>1024</label>
				<align>center</align>
				<onup>10</onup>
				<onleft>11</onleft>
				<onright>9001</onright>
				<ondown>16</ondown>
			</control>
			<control type="edit" id="16">
				<description>Remote path Button</description>
				<top>122</top>
				<width>1138</width>
				<height>60</height>
				<label>-</label>
				<onup>11</onup>
				<onleft>9001</onleft>
				<onright>9001</onright>
				<ondown>13</ondown>
			</control>
			<control type="edit" id="13">
				<description>Port Button</description>
				<top>182</top>
				<width>1138</width>
				<height>60</height>
				<label>1013</label>
				<onup>16</onup>
				<onleft>9001</onleft>
				<onright>9001</onright>
				<ondown>14</ondown>
			</control>
			<control type="edit" id="14">
				<description>Username Button</description>
				<top>242</top>
				<width>1138</width>
				<height>60</height>
				<label>1014</label>
				<onup>13</onup>
				<onleft>9001</onleft>
				<onright>9001</onright>
				<ondown>15</ondown>
			</control>
			<control type="edit" id="15">
				<description>Password Button</description>
				<top>302</top>
				<width>1138</width>
				<height>60</height>
				<label>15052</label>
				<onup>14</onup>
				<onleft>9001</onleft>
				<onright>9001</onright>
				<ondown>18</ondown>
			</control>
		</control>
		<control type="group">
			<left>1182</left>
			<top>88</top>
			<control type="grouplist" id="9001">
				<onup>9001</onup>
				<onleft>9002</onleft>
				<onright>9002</onright>
				<ondown>9001</ondown>
				<control type="button" id="18">
					<description>Ok Button</description>
					<width>310</width>
					<align>left</align>
					<textcolor>$VAR[ColorTextVar]</textcolor>
					<focusedcolor>$VAR[ColorTextVar]</focusedcolor>
					<label>186</label>
					<font>font15</font>
				</control>
				<control type="button" id="19">
					<description>Cancel Button</description>
					<width>310</width>
					<align>left</align>
					<textcolor>$VAR[ColorTextVar]</textcolor>
					<focusedcolor>$VAR[ColorTextVar]</focusedcolor>
					<label>222</label>
					<font>font15</font>
				</control>
			</control>
		</control>
	</controls>
</window>