<?xml version="1.0" encoding="UTF-8"?>
<window>
	<defaultcontrol>5</defaultcontrol>
	<coordinates>
		<system>1</system>
		<left>199</left>
		<top>210</top>
	</coordinates>
	<include>dialogeffect</include>
	<controls>
		<include name="DialogBackgroundCommons">
			<param name="DialogBackgroundWidth" value="1522" />
			<param name="DialogBackgroundHeight" value="660" />
			<param name="DialogHeaderLabel" value="-" />
			<param name="DialogHeaderId" value="2" />
		</include>
		<control type="label" id="102">
			<description>profile name Value</description>
			<left>300</left>
			<top>142</top>
			<width>690</width>
			<align>left</align>
			<font>-</font>
			<textcolor>$VAR[ColorTextVar]</textcolor>
		</control>
		<control type="label" id="103">
			<description>profile directory Value</description>
			<left>300</left>
			<top>142</top>
			<width>690</width>
			<align>left</align>
			<font>-</font>
			<textcolor>$VAR[ColorTextVar]</textcolor>
		</control>
		<control type="button">
			<description>profile directory button</description>
			<left>31</left>
			<top>568</top>
			<width>1138</width>
			<height>60</height>
			<label>$LOCALIZE[20070]</label>
			<label2>[COLOR $VAR[ColorHighlightVar]]$INFO[Control.GetLabel(1001)][/COLOR]</label2>
			<font>font14</font>
			<textcolor>$VAR[ColorTextVar]</textcolor>
			<focusedcolor>$VAR[ColorTextVar]</focusedcolor>
			<texturefocus>listselect_fo.png</texturefocus>
		</control>
		<control type="grouplist" id="5">
			<description>control area</description>
			<left>31</left>
			<top>88</top>
			<width>1138</width>
			<height>480</height>
			<itemgap>0</itemgap>
			<pagecontrol>6</pagecontrol>
			<onup>5</onup>
			<ondown>5</ondown>
			<onleft>9001</onleft>
			<onright>6</onright>
		</control>
		<control type="scrollbar" id="6">
			<left>1170</left>
			<top>88</top>
			<width>8</width>
			<height>480</height>
			<onleft>5</onleft>
			<onright>9001</onright>
			<orientation>vertical</orientation>
		</control>
		<control type="button" id="7">
			<description>Default Button</description>
			<left>0</left>
			<top>0</top>
			<height>60</height>
			<font>font14</font>
			<textcolor>$VAR[ColorTextVar]</textcolor>
			<focusedcolor>$VAR[ColorTextVar]</focusedcolor>
			<texturefocus>listselect_fo.png</texturefocus>
		</control>
		<control type="radiobutton" id="8">
			<description>Default RadioButton</description>
			<font>font14</font>
			<textcolor>$VAR[ColorTextVar]</textcolor>
			<focusedcolor>$VAR[ColorTextVar]</focusedcolor>
			<texturefocus>listselect_fo.png</texturefocus>
		</control>
		<control type="spincontrolex" id="9">
			<description>Default SpinControlex</description>
			<font>font14</font>
			<textcolor>$VAR[ColorTextVar]</textcolor>
			<focusedcolor>$VAR[ColorTextVar]</focusedcolor>
			<texturefocus>listselect_fo.png</texturefocus>
			<aligny>center</aligny>
			<reverse>yes</reverse>
		</control>
		<control type="label" id="14">
			<description>Default Label</description>
			<left>0</left>
			<top>0</top>
			<height>58</height>
			<font>font14</font>
			<align>center</align>
			<textcolor>dialogheader</textcolor>
 		</control>
		<!-- right group -->
		<control type="group">
			<left>1182</left>
			<top>88</top>
			<control type="grouplist" id="9001">
				<onup>9001</onup>
				<onleft>6</onleft>
				<onright>5</onright>
				<ondown>9001</ondown>
				<control type="image" id="101">
					<width>310</width>
					<height>310</height>
					<aspectratio aligny="top">keep</aspectratio>
					<texture>unknown-user.png</texture>
				</control>
				<control type="button" id="28">
					<description>Ok Button</description>
					<width>310</width>
					<align>left</align>
					<textcolor>$VAR[ColorTextVar]</textcolor>
					<focusedcolor>$VAR[ColorTextVar]</focusedcolor>
					<label>186</label>
				</control>
				<control type="button" id="29">
					<description>Cancel Button</description>
					<width>310</width>
					<align>left</align>
					<textcolor>$VAR[ColorTextVar]</textcolor>
					<focusedcolor>$VAR[ColorTextVar]</focusedcolor>
					<label>222</label>
				</control>
			</control>
		</control>
	</controls>
</window>